date,tmean,precip
1986-01-01 00:00:00,,0.0
1986-01-01 09:00:00,2.1,
1986-01-02 00:00:00,,9.6
1986-01-02 09:00:00,3.65,
1986-01-03 00:00:00,,25.2
1986-01-03 09:00:00,5.55,
1986-01-04 00:00:00,,0.0
1986-01-04 09:00:00,0.9499999999999996,
1986-01-05 00:00:00,,5.7
1986-01-05 09:00:00,2.4000000000000004,
1986-01-06 00:00:00,,0.1
1986-01-06 09:00:00,2.3,
1986-01-07 00:00:00,,0.2
1986-01-07 09:00:00,1.25,
1986-01-08 00:00:00,,13.2
1986-01-08 09:00:00,2.0,
1986-01-09 00:00:00,,4.3
1986-01-09 09:00:00,2.55,
1986-01-10 00:00:00,,1.9
1986-01-10 09:00:00,6.1,
1986-01-11 00:00:00,,1.3
1986-01-11 09:00:00,8.899999999999999,
1986-01-12 00:00:00,,1.1
1986-01-12 09:00:00,6.3,
1986-01-13 00:00:00,,0.0
1986-01-13 09:00:00,7.3,
1986-01-14 00:00:00,,0.0
1986-01-14 09:00:00,9.3,
1986-01-15 00:00:00,,0.4
1986-01-15 09:00:00,7.3,
1986-01-16 00:00:00,,0.4
1986-01-16 09:00:00,4.65,
1986-01-17 00:00:00,,0.0
1986-01-17 09:00:00,1.65,
1986-01-18 00:00:00,,1.2
1986-01-18 09:00:00,7.4,
1986-01-19 00:00:00,,1.1
1986-01-19 09:00:00,10.75,
1986-01-20 00:00:00,,0.3
1986-01-20 09:00:00,7.699999999999999,
1986-01-21 00:00:00,,4.3
1986-01-21 09:00:00,6.8,
1986-01-22 00:00:00,,2.7
1986-01-22 09:00:00,6.35,
1986-01-23 00:00:00,,4.6
1986-01-23 09:00:00,7.8,
1986-01-24 00:00:00,,1.0
1986-01-24 09:00:00,5.15,
1986-01-25 00:00:00,,0.0
1986-01-25 09:00:00,2.75,
1986-01-26 00:00:00,,0.0
1986-01-26 09:00:00,0.2000000000000001,
1986-01-27 00:00:00,,0.0
1986-01-27 09:00:00,0.4999999999999998,
1986-01-28 00:00:00,,12.5
1986-01-28 09:00:00,1.95,
1986-01-29 00:00:00,,5.4
1986-01-29 09:00:00,3.5500000000000003,
1986-01-30 00:00:00,,7.0
1986-01-30 09:00:00,3.45,
1986-01-31 00:00:00,,0.1
1986-01-31 09:00:00,4.4,
1986-02-01 00:00:00,,1.9
1986-02-01 09:00:00,2.85,
1986-02-02 00:00:00,,3.1
1986-02-02 09:00:00,3.5,
1986-02-03 00:00:00,,4.7
1986-02-03 09:00:00,2.8,
1986-02-04 00:00:00,,0.1
1986-02-04 09:00:00,2.55,
1986-02-05 00:00:00,,0.0
1986-02-05 09:00:00,1.8,
1986-02-06 00:00:00,,6.6
1986-02-06 09:00:00,1.5,
1986-02-07 00:00:00,,0.1
1986-02-07 09:00:00,-0.5,
1986-02-08 00:00:00,,0.0
1986-02-08 09:00:00,-0.75,
1986-02-09 00:00:00,,0.0
1986-02-09 09:00:00,-0.9,
1986-02-10 00:00:00,,0.0
1986-02-10 09:00:00,-3.3000000000000003,
1986-02-11 00:00:00,,0.0
1986-02-11 09:00:00,-1.25,
1986-02-12 00:00:00,,0.0
1986-02-12 09:00:00,0.6,
1986-02-13 00:00:00,,0.0
1986-02-13 09:00:00,0.0,
1986-02-14 00:00:00,,0.0
1986-02-14 09:00:00,1.25,
1986-02-15 00:00:00,,0.0
1986-02-15 09:00:00,-0.3,
1986-02-16 00:00:00,,0.0
1986-02-16 09:00:00,1.6,
1986-02-17 00:00:00,,0.0
1986-02-17 09:00:00,1.05,
1986-02-18 00:00:00,,0.0
1986-02-18 09:00:00,0.2999999999999999,
1986-02-19 00:00:00,,0.0
1986-02-19 09:00:00,0.25,
1986-02-20 00:00:00,,0.0
1986-02-20 09:00:00,-0.3,
1986-02-21 00:00:00,,0.0
1986-02-21 09:00:00,-1.85,
1986-02-22 00:00:00,,0.0
1986-02-22 09:00:00,-3.5,
1986-02-23 00:00:00,,0.0
1986-02-23 09:00:00,-0.75,
1986-02-24 00:00:00,,0.5
1986-02-24 09:00:00,-1.1,
1986-02-25 00:00:00,,0.0
1986-02-25 09:00:00,0.75,
1986-02-26 00:00:00,,0.0
1986-02-26 09:00:00,-1.85,
1986-02-27 00:00:00,,0.0
1986-02-27 09:00:00,-1.35,
1986-02-28 00:00:00,,0.0
1986-02-28 09:00:00,0.5499999999999999,
1986-03-01 00:00:00,,3.5
1986-03-01 09:00:00,0.4999999999999999,
1986-03-02 00:00:00,,3.1
1986-03-02 09:00:00,-0.75,
1986-03-03 00:00:00,,0.0
1986-03-03 09:00:00,0.7999999999999998,
1986-03-04 00:00:00,,1.3
1986-03-04 09:00:00,2.1,
1986-03-05 00:00:00,,6.4
1986-03-05 09:00:00,6.449999999999999,
1986-03-06 00:00:00,,0.0
1986-03-06 09:00:00,7.199999999999999,
1986-03-07 00:00:00,,0.0
1986-03-07 09:00:00,5.6,
1986-03-08 00:00:00,,0.0
1986-03-08 09:00:00,4.85,
1986-03-09 00:00:00,,0.0
1986-03-09 09:00:00,5.8500000000000005,
1986-03-10 00:00:00,,1.1
1986-03-10 09:00:00,6.1000000000000005,
1986-03-11 00:00:00,,0.0
1986-03-11 09:00:00,7.15,
1986-03-12 00:00:00,,0.0
1986-03-12 09:00:00,4.35,
1986-03-13 00:00:00,,0.0
1986-03-13 09:00:00,3.1500000000000004,
1986-03-14 00:00:00,,0.0
1986-03-14 09:00:00,3.25,
1986-03-15 00:00:00,,0.0
1986-03-15 09:00:00,8.0,
1986-03-16 00:00:00,,0.0
1986-03-16 09:00:00,8.25,
1986-03-17 00:00:00,,0.5
1986-03-17 09:00:00,9.35,
1986-03-18 00:00:00,,0.0
1986-03-18 09:00:00,9.0,
1986-03-19 00:00:00,,6.7
1986-03-19 09:00:00,9.9,
1986-03-20 00:00:00,,0.7
1986-03-20 09:00:00,6.8,
1986-03-21 00:00:00,,0.2
1986-03-21 09:00:00,7.3,
1986-03-22 00:00:00,,1.7
1986-03-22 09:00:00,7.1,
1986-03-23 00:00:00,,2.8
1986-03-23 09:00:00,9.0,
1986-03-24 00:00:00,,7.1
1986-03-24 09:00:00,8.100000000000001,
1986-03-25 00:00:00,,0.0
1986-03-25 09:00:00,6.4,
1986-03-26 00:00:00,,2.5
1986-03-26 09:00:00,5.550000000000001,
1986-03-27 00:00:00,,2.1
1986-03-27 09:00:00,9.05,
1986-03-28 00:00:00,,4.0
1986-03-28 09:00:00,9.45,
1986-03-29 00:00:00,,1.4
1986-03-29 09:00:00,8.75,
1986-03-30 00:00:00,,5.2
1986-03-30 09:00:00,6.8,
1986-03-31 00:00:00,,0.9
1986-03-31 09:00:00,5.65,
1986-04-01 00:00:00,,0.3
1986-04-01 09:00:00,6.75,
1986-04-02 00:00:00,,0.1
1986-04-02 09:00:00,6.0,
1986-04-03 00:00:00,,5.0
1986-04-03 09:00:00,6.8,
1986-04-04 00:00:00,,1.3
1986-04-04 09:00:00,5.800000000000001,
1986-04-05 00:00:00,,0.1
1986-04-05 09:00:00,5.75,
1986-04-06 00:00:00,,2.2
1986-04-06 09:00:00,5.3,
1986-04-07 00:00:00,,2.2
1986-04-07 09:00:00,4.05,
1986-04-08 00:00:00,,5.5
1986-04-08 09:00:00,3.9,
1986-04-09 00:00:00,,0.1
1986-04-09 09:00:00,5.0,
1986-04-10 00:00:00,,0.1
1986-04-10 09:00:00,7.4,
1986-04-11 00:00:00,,0.0
1986-04-11 09:00:00,3.3,
1986-04-12 00:00:00,,1.4
1986-04-12 09:00:00,4.4,
1986-04-13 00:00:00,,2.0
1986-04-13 09:00:00,4.3500000000000005,
1986-04-14 00:00:00,,4.7
1986-04-14 09:00:00,7.5,
1986-04-15 00:00:00,,2.5
1986-04-15 09:00:00,8.65,
1986-04-16 00:00:00,,1.4
1986-04-16 09:00:00,8.75,
1986-04-17 00:00:00,,5.3
1986-04-17 09:00:00,6.75,
1986-04-18 00:00:00,,5.6
1986-04-18 09:00:00,8.15,
1986-04-19 00:00:00,,0.1
1986-04-19 09:00:00,6.5,
1986-04-20 00:00:00,,9.3
1986-04-20 09:00:00,8.25,
1986-04-21 00:00:00,,0.4
1986-04-21 09:00:00,9.65,
1986-04-22 00:00:00,,4.3
1986-04-22 09:00:00,7.35,
1986-04-23 00:00:00,,1.4
1986-04-23 09:00:00,8.9,
1986-04-24 00:00:00,,3.9
1986-04-24 09:00:00,9.45,
1986-04-25 00:00:00,,0.0
1986-04-25 09:00:00,10.2,
1986-04-26 00:00:00,,0.0
1986-04-26 09:00:00,11.05,
1986-04-27 00:00:00,,0.6
1986-04-27 09:00:00,13.25,
1986-04-28 00:00:00,,0.2
1986-04-28 09:00:00,10.25,
1986-04-29 00:00:00,,0.0
1986-04-29 09:00:00,10.85,
1986-04-30 00:00:00,,0.0
1986-04-30 09:00:00,9.7,
1986-05-01 00:00:00,,0.0
1986-05-01 09:00:00,11.45,
1986-05-02 00:00:00,,0.0
1986-05-02 09:00:00,14.45,
1986-05-03 00:00:00,,0.0
1986-05-03 09:00:00,16.25,
1986-05-04 00:00:00,,0.0
1986-05-04 09:00:00,11.9,
1986-05-05 00:00:00,,0.0
1986-05-05 09:00:00,13.15,
1986-05-06 00:00:00,,2.3
1986-05-06 09:00:00,11.0,
1986-05-07 00:00:00,,2.5
1986-05-07 09:00:00,12.45,
1986-05-08 00:00:00,,0.5
1986-05-08 09:00:00,10.6,
1986-05-09 00:00:00,,4.2
1986-05-09 09:00:00,11.1,
1986-05-10 00:00:00,,3.0
1986-05-10 09:00:00,13.7,
1986-05-11 00:00:00,,0.1
1986-05-11 09:00:00,13.95,
1986-05-12 00:00:00,,0.5
1986-05-12 09:00:00,13.5,
1986-05-13 00:00:00,,1.2
1986-05-13 09:00:00,11.85,
1986-05-14 00:00:00,,0.1
1986-05-14 09:00:00,12.05,
1986-05-15 00:00:00,,4.2
1986-05-15 09:00:00,10.8,
1986-05-16 00:00:00,,0.0
1986-05-16 09:00:00,9.8,
1986-05-17 00:00:00,,0.2
1986-05-17 09:00:00,12.8,
1986-05-18 00:00:00,,4.4
1986-05-18 09:00:00,13.5,
1986-05-19 00:00:00,,0.0
1986-05-19 09:00:00,12.35,
1986-05-20 00:00:00,,3.4
1986-05-20 09:00:00,17.1,
1986-05-21 00:00:00,,7.8
1986-05-21 09:00:00,14.8,
1986-05-22 00:00:00,,0.6
1986-05-22 09:00:00,10.5,
1986-05-23 00:00:00,,3.7
1986-05-23 09:00:00,13.15,
1986-05-24 00:00:00,,0.0
1986-05-24 09:00:00,12.25,
1986-05-25 00:00:00,,0.0
1986-05-25 09:00:00,13.6,
1986-05-26 00:00:00,,0.0
1986-05-26 09:00:00,13.5,
1986-05-27 00:00:00,,0.0
1986-05-27 09:00:00,14.2,
1986-05-28 00:00:00,,0.0
1986-05-28 09:00:00,12.4,
1986-05-29 00:00:00,,9.9
1986-05-29 09:00:00,11.05,
1986-05-30 00:00:00,,0.6
1986-05-30 09:00:00,11.5,
1986-05-31 00:00:00,,1.4
1986-05-31 09:00:00,12.75,
1986-06-01 00:00:00,,5.5
1986-06-01 09:00:00,12.0,
1986-06-02 00:00:00,,0.0
1986-06-02 09:00:00,15.75,
1986-06-03 00:00:00,,0.0
1986-06-03 09:00:00,16.2,
1986-06-04 00:00:00,,2.5
1986-06-04 09:00:00,11.8,
1986-06-05 00:00:00,,0.3
1986-06-05 09:00:00,11.5,
1986-06-06 00:00:00,,0.1
1986-06-06 09:00:00,11.5,
1986-06-07 00:00:00,,0.2
1986-06-07 09:00:00,11.6,
1986-06-08 00:00:00,,0.0
1986-06-08 09:00:00,14.25,
1986-06-09 00:00:00,,0.0
1986-06-09 09:00:00,13.75,
1986-06-10 00:00:00,,0.3
1986-06-10 09:00:00,15.05,
1986-06-11 00:00:00,,8.3
1986-06-11 09:00:00,13.5,
1986-06-12 00:00:00,,1.2
1986-06-12 09:00:00,11.95,
1986-06-13 00:00:00,,0.0
1986-06-13 09:00:00,15.05,
1986-06-14 00:00:00,,0.0
1986-06-14 09:00:00,18.25,
1986-06-15 00:00:00,,0.0
1986-06-15 09:00:00,18.1,
1986-06-16 00:00:00,,0.0
1986-06-16 09:00:00,20.9,
1986-06-17 00:00:00,,0.0
1986-06-17 09:00:00,22.75,
1986-06-18 00:00:00,,0.0
1986-06-18 09:00:00,16.8,
1986-06-19 00:00:00,,0.0
1986-06-19 09:00:00,16.65,
1986-06-20 00:00:00,,0.0
1986-06-20 09:00:00,17.8,
1986-06-21 00:00:00,,0.0
1986-06-21 09:00:00,15.0,
1986-06-22 00:00:00,,0.0
1986-06-22 09:00:00,17.05,
1986-06-23 00:00:00,,0.4
1986-06-23 09:00:00,14.5,
1986-06-24 00:00:00,,0.8
1986-06-24 09:00:00,15.95,
1986-06-25 00:00:00,,0.0
1986-06-25 09:00:00,17.6,
1986-06-26 00:00:00,,0.0
1986-06-26 09:00:00,20.25,
1986-06-27 00:00:00,,0.0
1986-06-27 09:00:00,21.55,
1986-06-28 00:00:00,,0.0
1986-06-28 09:00:00,23.45,
1986-06-29 00:00:00,,0.0
1986-06-29 09:00:00,22.75,
1986-06-30 00:00:00,,0.0
1986-06-30 09:00:00,21.4,
1986-07-01 00:00:00,,0.0
1986-07-01 09:00:00,21.4,
1986-07-02 00:00:00,,0.0
1986-07-02 09:00:00,20.3,
1986-07-03 00:00:00,,0.0
1986-07-03 09:00:00,22.700000000000003,
1986-07-04 00:00:00,,0.0
1986-07-04 09:00:00,19.5,
1986-07-05 00:00:00,,12.4
1986-07-05 09:00:00,20.35,
1986-07-06 00:00:00,,12.6
1986-07-06 09:00:00,16.75,
1986-07-07 00:00:00,,0.0
1986-07-07 09:00:00,17.35,
1986-07-08 00:00:00,,4.6
1986-07-08 09:00:00,16.4,
1986-07-09 00:00:00,,0.4
1986-07-09 09:00:00,15.9,
1986-07-10 00:00:00,,0.0
1986-07-10 09:00:00,17.55,
1986-07-11 00:00:00,,4.7
1986-07-11 09:00:00,17.8,
1986-07-12 00:00:00,,19.8
1986-07-12 09:00:00,16.55,
1986-07-13 00:00:00,,2.7
1986-07-13 09:00:00,16.5,
1986-07-14 00:00:00,,0.1
1986-07-14 09:00:00,18.3,
1986-07-15 00:00:00,,0.0
1986-07-15 09:00:00,21.75,
1986-07-16 00:00:00,,0.0
1986-07-16 09:00:00,23.8,
1986-07-17 00:00:00,,0.0
1986-07-17 09:00:00,21.85,
1986-07-18 00:00:00,,0.0
1986-07-18 09:00:00,17.549999999999997,
1986-07-19 00:00:00,,0.0
1986-07-19 09:00:00,15.8,
1986-07-20 00:00:00,,0.2
1986-07-20 09:00:00,16.4,
1986-07-21 00:00:00,,0.0
1986-07-21 09:00:00,18.45,
1986-07-22 00:00:00,,10.4
1986-07-22 09:00:00,18.1,
1986-07-23 00:00:00,,0.0
1986-07-23 09:00:00,16.65,
1986-07-24 00:00:00,,0.0
1986-07-24 09:00:00,13.35,
1986-07-25 00:00:00,,0.2
1986-07-25 09:00:00,18.7,
1986-07-26 00:00:00,,0.0
1986-07-26 09:00:00,18.95,
1986-07-27 00:00:00,,0.0
1986-07-27 09:00:00,17.65,
1986-07-28 00:00:00,,0.0
1986-07-28 09:00:00,20.1,
1986-07-29 00:00:00,,7.0
1986-07-29 09:00:00,18.65,
1986-07-30 00:00:00,,0.0
1986-07-30 09:00:00,16.5,
1986-07-31 00:00:00,,0.0
1986-07-31 09:00:00,17.6,
1986-08-01 00:00:00,,1.2
1986-08-01 09:00:00,15.5,
1986-08-02 00:00:00,,0.0
1986-08-02 09:00:00,18.35,
1986-08-03 00:00:00,,0.4
1986-08-03 09:00:00,16.9,
1986-08-04 00:00:00,,24.9
1986-08-04 09:00:00,13.3,
1986-08-05 00:00:00,,0.0
1986-08-05 09:00:00,14.9,
1986-08-06 00:00:00,,0.0
1986-08-06 09:00:00,17.45,
1986-08-07 00:00:00,,0.0
1986-08-07 09:00:00,19.1,
1986-08-08 00:00:00,,0.2
1986-08-08 09:00:00,16.35,
1986-08-09 00:00:00,,0.0
1986-08-09 09:00:00,16.4,
1986-08-10 00:00:00,,0.0
1986-08-10 09:00:00,17.8,
1986-08-11 00:00:00,,12.2
1986-08-11 09:00:00,20.35,
1986-08-12 00:00:00,,0.0
1986-08-12 09:00:00,17.3,
1986-08-13 00:00:00,,0.0
1986-08-13 09:00:00,16.95,
1986-08-14 00:00:00,,0.0
1986-08-14 09:00:00,18.75,
1986-08-15 00:00:00,,0.5
1986-08-15 09:00:00,17.15,
1986-08-16 00:00:00,,0.0
1986-08-16 09:00:00,16.25,
1986-08-17 00:00:00,,0.0
1986-08-17 09:00:00,17.15,
1986-08-18 00:00:00,,0.6
1986-08-18 09:00:00,17.15,
1986-08-19 00:00:00,,4.6
1986-08-19 09:00:00,15.55,
1986-08-20 00:00:00,,0.0
1986-08-20 09:00:00,14.15,
1986-08-21 00:00:00,,0.0
1986-08-21 09:00:00,15.2,
1986-08-22 00:00:00,,3.1
1986-08-22 09:00:00,16.3,
1986-08-23 00:00:00,,4.3
1986-08-23 09:00:00,15.7,
1986-08-24 00:00:00,,1.4
1986-08-24 09:00:00,15.15,
1986-08-25 00:00:00,,0.0
1986-08-25 09:00:00,15.5,
1986-08-26 00:00:00,,27.4
1986-08-26 09:00:00,15.0,
1986-08-27 00:00:00,,1.3
1986-08-27 09:00:00,13.55,
1986-08-28 00:00:00,,0.5
1986-08-28 09:00:00,14.05,
1986-08-29 00:00:00,,0.1
1986-08-29 09:00:00,12.1,
1986-08-30 00:00:00,,0.3
1986-08-30 09:00:00,13.75,
1986-08-31 00:00:00,,0.1
1986-08-31 09:00:00,12.45,
1986-09-01 00:00:00,,0.0
1986-09-01 09:00:00,14.7,
1986-09-02 00:00:00,,0.0
1986-09-02 09:00:00,14.35,
1986-09-03 00:00:00,,1.4
1986-09-03 09:00:00,16.6,
1986-09-04 00:00:00,,0.2
1986-09-04 09:00:00,11.7,
1986-09-05 00:00:00,,0.0
1986-09-05 09:00:00,13.35,
1986-09-06 00:00:00,,0.0
1986-09-06 09:00:00,14.7,
1986-09-07 00:00:00,,0.0
1986-09-07 09:00:00,12.3,
1986-09-08 00:00:00,,0.0
1986-09-08 09:00:00,13.9,
1986-09-09 00:00:00,,0.0
1986-09-09 09:00:00,11.8,
1986-09-10 00:00:00,,0.0
1986-09-10 09:00:00,11.4,
1986-09-11 00:00:00,,0.0
1986-09-11 09:00:00,12.25,
1986-09-12 00:00:00,,0.0
1986-09-12 09:00:00,12.5,
1986-09-13 00:00:00,,0.0
1986-09-13 09:00:00,12.75,
1986-09-14 00:00:00,,17.0
1986-09-14 09:00:00,12.7,
1986-09-15 00:00:00,,0.1
1986-09-15 09:00:00,12.7,
1986-09-16 00:00:00,,5.3
1986-09-16 09:00:00,9.7,
1986-09-17 00:00:00,,0.0
1986-09-17 09:00:00,11.4,
1986-09-18 00:00:00,,0.0
1986-09-18 09:00:00,10.15,
1986-09-19 00:00:00,,0.0
1986-09-19 09:00:00,11.15,
1986-09-20 00:00:00,,0.0
1986-09-20 09:00:00,10.35,
1986-09-21 00:00:00,,0.0
1986-09-21 09:00:00,13.25,
1986-09-22 00:00:00,,0.0
1986-09-22 09:00:00,13.4,
1986-09-23 00:00:00,,0.0
1986-09-23 09:00:00,15.1,
1986-09-24 00:00:00,,0.0
1986-09-24 09:00:00,15.4,
1986-09-25 00:00:00,,0.0
1986-09-25 09:00:00,12.75,
1986-09-26 00:00:00,,0.0
1986-09-26 09:00:00,11.2,
1986-09-27 00:00:00,,0.0
1986-09-27 09:00:00,13.2,
1986-09-28 00:00:00,,0.0
1986-09-28 09:00:00,15.0,
1986-09-29 00:00:00,,0.0
1986-09-29 09:00:00,16.25,
1986-09-30 00:00:00,,0.0
1986-09-30 09:00:00,15.5,
1986-10-01 00:00:00,,0.0
1986-10-01 09:00:00,14.25,
1986-10-02 00:00:00,,0.0
1986-10-02 09:00:00,14.9,
1986-10-03 00:00:00,,0.0
1986-10-03 09:00:00,15.1,
1986-10-04 00:00:00,,0.0
1986-10-04 09:00:00,15.1,
1986-10-05 00:00:00,,0.0
1986-10-05 09:00:00,14.8,
1986-10-06 00:00:00,,0.0
1986-10-06 09:00:00,14.4,
1986-10-07 00:00:00,,0.0
1986-10-07 09:00:00,16.45,
1986-10-08 00:00:00,,0.0
1986-10-08 09:00:00,17.7,
1986-10-09 00:00:00,,0.0
1986-10-09 09:00:00,15.9,
1986-10-10 00:00:00,,0.0
1986-10-10 09:00:00,15.85,
1986-10-11 00:00:00,,0.2
1986-10-11 09:00:00,14.85,
1986-10-12 00:00:00,,0.0
1986-10-12 09:00:00,13.35,
1986-10-13 00:00:00,,0.0
1986-10-13 09:00:00,14.2,
1986-10-14 00:00:00,,0.0
1986-10-14 09:00:00,13.95,
1986-10-15 00:00:00,,17.3
1986-10-15 09:00:00,16.0,
1986-10-16 00:00:00,,0.1
1986-10-16 09:00:00,10.85,
1986-10-17 00:00:00,,0.0
1986-10-17 09:00:00,10.8,
1986-10-18 00:00:00,,1.7
1986-10-18 09:00:00,12.95,
1986-10-19 00:00:00,,1.7
1986-10-19 09:00:00,10.7,
1986-10-20 00:00:00,,9.1
1986-10-20 09:00:00,11.55,
1986-10-21 00:00:00,,1.4
1986-10-21 09:00:00,11.7,
1986-10-22 00:00:00,,19.6
1986-10-22 09:00:00,12.95,
1986-10-23 00:00:00,,1.0
1986-10-23 09:00:00,9.45,
1986-10-24 00:00:00,,0.0
1986-10-24 09:00:00,7.45,
1986-10-25 00:00:00,,3.2
1986-10-25 09:00:00,10.65,
1986-10-26 00:00:00,,0.0
1986-10-26 09:00:00,9.1,
1986-10-27 00:00:00,,0.4
1986-10-27 09:00:00,9.95,
1986-10-28 00:00:00,,4.7
1986-10-28 09:00:00,13.85,
1986-10-29 00:00:00,,3.2
1986-10-29 09:00:00,10.7,
1986-10-30 00:00:00,,0.0
1986-10-30 09:00:00,10.55,
1986-10-31 00:00:00,,0.8
1986-10-31 09:00:00,10.3,
1986-11-01 00:00:00,,3.9
1986-11-01 09:00:00,11.25,
1986-11-02 00:00:00,,3.5
1986-11-02 09:00:00,8.55,
1986-11-03 00:00:00,,0.0
1986-11-03 09:00:00,6.65,
1986-11-04 00:00:00,,3.7
1986-11-04 09:00:00,7.5,
1986-11-05 00:00:00,,0.0
1986-11-05 09:00:00,8.25,
1986-11-06 00:00:00,,0.3
1986-11-06 09:00:00,8.100000000000001,
1986-11-07 00:00:00,,0.0
1986-11-07 09:00:00,8.85,
1986-11-08 00:00:00,,7.0
1986-11-08 09:00:00,10.5,
1986-11-09 00:00:00,,0.0
1986-11-09 09:00:00,7.95,
1986-11-10 00:00:00,,0.1
1986-11-10 09:00:00,12.15,
1986-11-11 00:00:00,,4.5
1986-11-11 09:00:00,14.1,
1986-11-12 00:00:00,,1.3
1986-11-12 09:00:00,9.8,
1986-11-13 00:00:00,,0.3
1986-11-13 09:00:00,11.1,
1986-11-14 00:00:00,,3.6
1986-11-14 09:00:00,11.9,
1986-11-15 00:00:00,,14.3
1986-11-15 09:00:00,11.15,
1986-11-16 00:00:00,,0.0
1986-11-16 09:00:00,9.9,
1986-11-17 00:00:00,,3.5
1986-11-17 09:00:00,8.75,
1986-11-18 00:00:00,,7.0
1986-11-18 09:00:00,8.75,
1986-11-19 00:00:00,,6.6
1986-11-19 09:00:00,12.1,
1986-11-20 00:00:00,,6.3
1986-11-20 09:00:00,9.1,
1986-11-21 00:00:00,,7.7
1986-11-21 09:00:00,6.949999999999999,
1986-11-22 00:00:00,,0.8
1986-11-22 09:00:00,7.800000000000001,
1986-11-23 00:00:00,,3.0
1986-11-23 09:00:00,7.25,
1986-11-24 00:00:00,,0.5
1986-11-24 09:00:00,7.550000000000001,
1986-11-25 00:00:00,,1.2
1986-11-25 09:00:00,12.65,
1986-11-26 00:00:00,,2.6
1986-11-26 09:00:00,10.35,
1986-11-27 00:00:00,,0.8
1986-11-27 09:00:00,7.05,
1986-11-28 00:00:00,,0.0
1986-11-28 09:00:00,7.4,
1986-11-29 00:00:00,,0.0
1986-11-29 09:00:00,7.25,
1986-11-30 00:00:00,,0.0
1986-11-30 09:00:00,4.25,
1986-12-01 00:00:00,,0.0
1986-12-01 09:00:00,7.3,
1986-12-02 00:00:00,,0.3
1986-12-02 09:00:00,10.85,
1986-12-03 00:00:00,,0.0
1986-12-03 09:00:00,11.4,
1986-12-04 00:00:00,,0.0
1986-12-04 09:00:00,12.45,
1986-12-05 00:00:00,,0.0
1986-12-05 09:00:00,13.0,
1986-12-06 00:00:00,,8.8
1986-12-06 09:00:00,8.25,
1986-12-07 00:00:00,,0.0
1986-12-07 09:00:00,5.75,
1986-12-08 00:00:00,,0.4
1986-12-08 09:00:00,9.7,
1986-12-09 00:00:00,,1.0
1986-12-09 09:00:00,10.05,
1986-12-10 00:00:00,,1.1
1986-12-10 09:00:00,5.45,
1986-12-11 00:00:00,,0.0
1986-12-11 09:00:00,5.8,
1986-12-12 00:00:00,,2.8
1986-12-12 09:00:00,5.15,
1986-12-13 00:00:00,,2.8
1986-12-13 09:00:00,6.55,
1986-12-14 00:00:00,,0.0
1986-12-14 09:00:00,6.15,
1986-12-15 00:00:00,,0.1
1986-12-15 09:00:00,4.4,
1986-12-16 00:00:00,,8.4
1986-12-16 09:00:00,6.45,
1986-12-17 00:00:00,,0.0
1986-12-17 09:00:00,4.9,
1986-12-18 00:00:00,,5.0
1986-12-18 09:00:00,8.0,
1986-12-19 00:00:00,,2.4
1986-12-19 09:00:00,7.15,
1986-12-20 00:00:00,,0.0
1986-12-20 09:00:00,4.550000000000001,
1986-12-21 00:00:00,,0.0
1986-12-21 09:00:00,3.95,
1986-12-22 00:00:00,,1.2
1986-12-22 09:00:00,3.0,
1986-12-23 00:00:00,,0.0
1986-12-23 09:00:00,3.1,
1986-12-24 00:00:00,,0.0
1986-12-24 09:00:00,3.2,
1986-12-25 00:00:00,,5.2
1986-12-25 09:00:00,4.949999999999999,
1986-12-26 00:00:00,,5.6
1986-12-26 09:00:00,6.0,
1986-12-27 00:00:00,,0.5
1986-12-27 09:00:00,3.7,
1986-12-28 00:00:00,,0.0
1986-12-28 09:00:00,4.8,
1986-12-29 00:00:00,,0.0
1986-12-29 09:00:00,9.0,
1986-12-30 00:00:00,,3.1
1986-12-30 09:00:00,10.55,
1986-12-31 00:00:00,,4.0
1986-12-31 09:00:00,9.55,
1987-01-01 00:00:00,,11.1
1987-01-01 09:00:00,9.0,
1987-01-02 00:00:00,,1.9
1987-01-02 09:00:00,7.9,
1987-01-03 00:00:00,,0.0
1987-01-03 09:00:00,5.0,
1987-01-04 00:00:00,,0.0
1987-01-04 09:00:00,3.3000000000000003,
1987-01-05 00:00:00,,5.7
1987-01-05 09:00:00,7.85,
1987-01-06 00:00:00,,0.0
1987-01-06 09:00:00,6.050000000000001,
1987-01-07 00:00:00,,0.0
1987-01-07 09:00:00,2.85,
1987-01-08 00:00:00,,0.0
1987-01-08 09:00:00,1.1,
1987-01-09 00:00:00,,0.0
1987-01-09 09:00:00,-0.0999999999999999,
1987-01-10 00:00:00,,0.0
1987-01-10 09:00:00,2.0500000000000003,
1987-01-11 00:00:00,,0.0
1987-01-11 09:00:00,-1.9,
1987-01-12 00:00:00,,1.0
1987-01-12 09:00:00,-6.05,
1987-01-13 00:00:00,,0.3
1987-01-13 09:00:00,-7.5,
1987-01-14 00:00:00,,4.2
1987-01-14 09:00:00,-4.65,
1987-01-15 00:00:00,,0.4
1987-01-15 09:00:00,-2.8,
1987-01-16 00:00:00,,0.4
1987-01-16 09:00:00,-0.4,
1987-01-17 00:00:00,,0.0
1987-01-17 09:00:00,0.0499999999999999,
1987-01-18 00:00:00,,0.0
1987-01-18 09:00:00,-1.85,
1987-01-19 00:00:00,,0.0
1987-01-19 09:00:00,-2.0,
1987-01-20 00:00:00,,0.0
1987-01-20 09:00:00,-0.7500000000000001,
1987-01-21 00:00:00,,0.0
1987-01-21 09:00:00,2.55,
1987-01-22 00:00:00,,0.6
1987-01-22 09:00:00,5.2,
1987-01-23 00:00:00,,1.1
1987-01-23 09:00:00,6.6,
1987-01-24 00:00:00,,0.0
1987-01-24 09:00:00,6.300000000000001,
1987-01-25 00:00:00,,0.0
1987-01-25 09:00:00,5.25,
1987-01-26 00:00:00,,0.0
1987-01-26 09:00:00,4.45,
1987-01-27 00:00:00,,0.0
1987-01-27 09:00:00,4.75,
1987-01-28 00:00:00,,0.0
1987-01-28 09:00:00,2.9000000000000004,
1987-01-29 00:00:00,,0.0
1987-01-29 09:00:00,2.6,
1987-01-30 00:00:00,,0.0
1987-01-30 09:00:00,1.4,
1987-01-31 00:00:00,,0.0
1987-01-31 09:00:00,-0.95,
1987-02-01 00:00:00,,0.0
1987-02-01 09:00:00,0.4499999999999999,
1987-02-02 00:00:00,,0.0
1987-02-02 09:00:00,2.6,
1987-02-03 00:00:00,,0.0
1987-02-03 09:00:00,4.8,
1987-02-04 00:00:00,,0.0
1987-02-04 09:00:00,7.5,
1987-02-05 00:00:00,,0.0
1987-02-05 09:00:00,8.35,
1987-02-06 00:00:00,,0.0
1987-02-06 09:00:00,9.45,
1987-02-07 00:00:00,,0.7
1987-02-07 09:00:00,8.05,
1987-02-08 00:00:00,,0.0
1987-02-08 09:00:00,8.05,
1987-02-09 00:00:00,,1.4
1987-02-09 09:00:00,10.8,
1987-02-10 00:00:00,,0.3
1987-02-10 09:00:00,8.0,
1987-02-11 00:00:00,,0.0
1987-02-11 09:00:00,6.65,
1987-02-12 00:00:00,,1.0
1987-02-12 09:00:00,6.65,
1987-02-13 00:00:00,,0.1
1987-02-13 09:00:00,2.75,
1987-02-14 00:00:00,,12.2
1987-02-14 09:00:00,4.85,
1987-02-15 00:00:00,,0.5
1987-02-15 09:00:00,2.7,
1987-02-16 00:00:00,,0.0
1987-02-16 09:00:00,2.75,
1987-02-17 00:00:00,,0.0
1987-02-17 09:00:00,1.8,
1987-02-18 00:00:00,,0.0
1987-02-18 09:00:00,1.85,
1987-02-19 00:00:00,,0.1
1987-02-19 09:00:00,1.85,
1987-02-20 00:00:00,,0.4
1987-02-20 09:00:00,1.2,
1987-02-21 00:00:00,,0.0
1987-02-21 09:00:00,1.6,
1987-02-22 00:00:00,,0.2
1987-02-22 09:00:00,3.85,
1987-02-23 00:00:00,,0.1
1987-02-23 09:00:00,4.45,
1987-02-24 00:00:00,,0.0
1987-02-24 09:00:00,4.2,
1987-02-25 00:00:00,,0.0
1987-02-25 09:00:00,1.65,
1987-02-26 00:00:00,,0.0
1987-02-26 09:00:00,2.65,
1987-02-27 00:00:00,,4.2
1987-02-27 09:00:00,6.75,
1987-02-28 00:00:00,,9.7
1987-02-28 09:00:00,10.8,
1987-03-01 00:00:00,,2.6
1987-03-01 09:00:00,11.65,
1987-03-02 00:00:00,,5.1
1987-03-02 09:00:00,10.2,
1987-03-03 00:00:00,,0.1
1987-03-03 09:00:00,6.15,
1987-03-04 00:00:00,,0.1
1987-03-04 09:00:00,0.5499999999999998,
1987-03-05 00:00:00,,0.4
1987-03-05 09:00:00,2.0,
1987-03-06 00:00:00,,3.0
1987-03-06 09:00:00,5.199999999999999,
1987-03-07 00:00:00,,2.9
1987-03-07 09:00:00,2.85,
1987-03-08 00:00:00,,5.6
1987-03-08 09:00:00,2.45,
1987-03-09 00:00:00,,0.0
1987-03-09 09:00:00,2.9,
1987-03-10 00:00:00,,0.0
1987-03-10 09:00:00,2.4,
1987-03-11 00:00:00,,0.0
1987-03-11 09:00:00,3.35,
1987-03-12 00:00:00,,0.0
1987-03-12 09:00:00,2.45,
1987-03-13 00:00:00,,0.0
1987-03-13 09:00:00,2.75,
1987-03-14 00:00:00,,0.0
1987-03-14 09:00:00,3.1,
1987-03-15 00:00:00,,0.0
1987-03-15 09:00:00,3.95,
1987-03-16 00:00:00,,0.0
1987-03-16 09:00:00,5.45,
1987-03-17 00:00:00,,0.0
1987-03-17 09:00:00,6.199999999999999,
1987-03-18 00:00:00,,1.1
1987-03-18 09:00:00,7.95,
1987-03-19 00:00:00,,1.1
1987-03-19 09:00:00,4.45,
1987-03-20 00:00:00,,0.0
1987-03-20 09:00:00,4.4,
1987-03-21 00:00:00,,0.0
1987-03-21 09:00:00,4.4,
1987-03-22 00:00:00,,0.0
1987-03-22 09:00:00,3.95,
1987-03-23 00:00:00,,5.3
1987-03-23 09:00:00,7.699999999999999,
1987-03-24 00:00:00,,6.2
1987-03-24 09:00:00,9.95,
1987-03-25 00:00:00,,3.0
1987-03-25 09:00:00,11.2,
1987-03-26 00:00:00,,0.9
1987-03-26 09:00:00,7.5,
1987-03-27 00:00:00,,4.0
1987-03-27 09:00:00,9.6,
1987-03-28 00:00:00,,0.9
1987-03-28 09:00:00,8.2,
1987-03-29 00:00:00,,1.9
1987-03-29 09:00:00,5.6000000000000005,
1987-03-30 00:00:00,,0.6
1987-03-30 09:00:00,5.35,
1987-03-31 00:00:00,,0.0
1987-03-31 09:00:00,8.45,
1987-04-01 00:00:00,,2.5
1987-04-01 09:00:00,9.3,
1987-04-02 00:00:00,,9.4
1987-04-02 09:00:00,6.85,
1987-04-03 00:00:00,,0.0
1987-04-03 09:00:00,7.649999999999999,
1987-04-04 00:00:00,,4.0
1987-04-04 09:00:00,8.7,
1987-04-05 00:00:00,,6.0
1987-04-05 09:00:00,6.5,
1987-04-06 00:00:00,,0.2
1987-04-06 09:00:00,11.4,
1987-04-07 00:00:00,,11.8
1987-04-07 09:00:00,11.15,
1987-04-08 00:00:00,,1.6
1987-04-08 09:00:00,10.55,
1987-04-09 00:00:00,,0.9
1987-04-09 09:00:00,10.7,
1987-04-10 00:00:00,,0.7
1987-04-10 09:00:00,9.4,
1987-04-11 00:00:00,,2.4
1987-04-11 09:00:00,8.85,
1987-04-12 00:00:00,,0.0
1987-04-12 09:00:00,8.100000000000001,
1987-04-13 00:00:00,,0.0
1987-04-13 09:00:00,7.6,
1987-04-14 00:00:00,,0.0
1987-04-14 09:00:00,9.5,
1987-04-15 00:00:00,,0.0
1987-04-15 09:00:00,10.55,
1987-04-16 00:00:00,,0.0
1987-04-16 09:00:00,11.3,
1987-04-17 00:00:00,,0.0
1987-04-17 09:00:00,13.6,
1987-04-18 00:00:00,,0.0
1987-04-18 09:00:00,15.65,
1987-04-19 00:00:00,,0.0
1987-04-19 09:00:00,15.15,
1987-04-20 00:00:00,,0.1
1987-04-20 09:00:00,12.9,
1987-04-21 00:00:00,,0.0
1987-04-21 09:00:00,9.55,
1987-04-22 00:00:00,,0.0
1987-04-22 09:00:00,13.6,
1987-04-23 00:00:00,,0.0
1987-04-23 09:00:00,12.3,
1987-04-24 00:00:00,,0.0
1987-04-24 09:00:00,15.3,
1987-04-25 00:00:00,,0.0
1987-04-25 09:00:00,16.45,
1987-04-26 00:00:00,,0.0
1987-04-26 09:00:00,15.2,
1987-04-27 00:00:00,,1.3
1987-04-27 09:00:00,16.4,
1987-04-28 00:00:00,,0.0
1987-04-28 09:00:00,14.2,
1987-04-29 00:00:00,,0.0
1987-04-29 09:00:00,17.0,
1987-04-30 00:00:00,,0.2
1987-04-30 09:00:00,17.700000000000003,
1987-05-01 00:00:00,,0.0
1987-05-01 09:00:00,14.4,
1987-05-02 00:00:00,,0.7
1987-05-02 09:00:00,11.25,
1987-05-03 00:00:00,,1.1
1987-05-03 09:00:00,10.05,
1987-05-04 00:00:00,,0.4
1987-05-04 09:00:00,7.3,
1987-05-05 00:00:00,,0.0
1987-05-05 09:00:00,9.2,
1987-05-06 00:00:00,,0.0
1987-05-06 09:00:00,10.6,
1987-05-07 00:00:00,,0.0
1987-05-07 09:00:00,12.1,
1987-05-08 00:00:00,,0.0
1987-05-08 09:00:00,11.1,
1987-05-09 00:00:00,,0.0
1987-05-09 09:00:00,13.45,
1987-05-10 00:00:00,,0.0
1987-05-10 09:00:00,15.8,
1987-05-11 00:00:00,,0.0
1987-05-11 09:00:00,11.15,
1987-05-12 00:00:00,,2.3
1987-05-12 09:00:00,12.75,
1987-05-13 00:00:00,,1.7
1987-05-13 09:00:00,9.65,
1987-05-14 00:00:00,,13.8
1987-05-14 09:00:00,10.45,
1987-05-15 00:00:00,,3.3
1987-05-15 09:00:00,10.5,
1987-05-16 00:00:00,,1.9
1987-05-16 09:00:00,8.6,
1987-05-17 00:00:00,,0.0
1987-05-17 09:00:00,11.75,
1987-05-18 00:00:00,,4.7
1987-05-18 09:00:00,11.35,
1987-05-19 00:00:00,,0.9
1987-05-19 09:00:00,10.1,
1987-05-20 00:00:00,,0.0
1987-05-20 09:00:00,11.45,
1987-05-21 00:00:00,,0.1
1987-05-21 09:00:00,11.15,
1987-05-22 00:00:00,,0.5
1987-05-22 09:00:00,10.6,
1987-05-23 00:00:00,,3.0
1987-05-23 09:00:00,10.75,
1987-05-24 00:00:00,,4.0
1987-05-24 09:00:00,9.9,
1987-05-25 00:00:00,,0.0
1987-05-25 09:00:00,12.85,
1987-05-26 00:00:00,,0.0
1987-05-26 09:00:00,13.45,
1987-05-27 00:00:00,,0.0
1987-05-27 09:00:00,15.8,
1987-05-28 00:00:00,,0.0
1987-05-28 09:00:00,14.4,
1987-05-29 00:00:00,,0.1
1987-05-29 09:00:00,14.9,
1987-05-30 00:00:00,,0.0
1987-05-30 09:00:00,16.6,
1987-05-31 00:00:00,,8.2
1987-05-31 09:00:00,16.4,
1987-06-01 00:00:00,,0.0
1987-06-01 09:00:00,16.1,
1987-06-02 00:00:00,,0.1
1987-06-02 09:00:00,16.75,
1987-06-03 00:00:00,,2.4
1987-06-03 09:00:00,13.55,
1987-06-04 00:00:00,,2.8
1987-06-04 09:00:00,15.9,
1987-06-05 00:00:00,,18.0
1987-06-05 09:00:00,14.3,
1987-06-06 00:00:00,,5.3
1987-06-06 09:00:00,13.9,
1987-06-07 00:00:00,,0.1
1987-06-07 09:00:00,14.4,
1987-06-08 00:00:00,,3.6
1987-06-08 09:00:00,13.3,
1987-06-09 00:00:00,,4.9
1987-06-09 09:00:00,11.65,
1987-06-10 00:00:00,,0.7
1987-06-10 09:00:00,10.05,
1987-06-11 00:00:00,,6.8
1987-06-11 09:00:00,14.05,
1987-06-12 00:00:00,,5.9
1987-06-12 09:00:00,12.3,
1987-06-13 00:00:00,,1.1
1987-06-13 09:00:00,13.65,
1987-06-14 00:00:00,,12.2
1987-06-14 09:00:00,13.3,
1987-06-15 00:00:00,,3.0
1987-06-15 09:00:00,11.05,
1987-06-16 00:00:00,,0.1
1987-06-16 09:00:00,12.7,
1987-06-17 00:00:00,,7.0
1987-06-17 09:00:00,13.25,
1987-06-18 00:00:00,,5.6
1987-06-18 09:00:00,12.4,
1987-06-19 00:00:00,,8.2
1987-06-19 09:00:00,15.15,
1987-06-20 00:00:00,,13.5
1987-06-20 09:00:00,13.15,
1987-06-21 00:00:00,,1.9
1987-06-21 09:00:00,15.25,
1987-06-22 00:00:00,,0.4
1987-06-22 09:00:00,15.45,
1987-06-23 00:00:00,,3.3
1987-06-23 09:00:00,13.95,
1987-06-24 00:00:00,,0.4
1987-06-24 09:00:00,15.95,
1987-06-25 00:00:00,,2.0
1987-06-25 09:00:00,15.45,
1987-06-26 00:00:00,,2.0
1987-06-26 09:00:00,15.15,
1987-06-27 00:00:00,,0.1
1987-06-27 09:00:00,17.45,
1987-06-28 00:00:00,,0.0
1987-06-28 09:00:00,20.2,
1987-06-29 00:00:00,,0.0
1987-06-29 09:00:00,21.8,
1987-06-30 00:00:00,,0.0
1987-06-30 09:00:00,23.200000000000003,
1987-07-01 00:00:00,,0.0
1987-07-01 09:00:00,19.1,
1987-07-02 00:00:00,,0.0
1987-07-02 09:00:00,17.6,
1987-07-03 00:00:00,,0.0
1987-07-03 09:00:00,17.799999999999997,
1987-07-04 00:00:00,,0.0
1987-07-04 09:00:00,17.4,
1987-07-05 00:00:00,,0.0
1987-07-05 09:00:00,19.75,
1987-07-06 00:00:00,,0.0
1987-07-06 09:00:00,21.15,
1987-07-07 00:00:00,,0.1
1987-07-07 09:00:00,23.200000000000003,
1987-07-08 00:00:00,,0.0
1987-07-08 09:00:00,19.6,
1987-07-09 00:00:00,,0.0
1987-07-09 09:00:00,18.5,
1987-07-10 00:00:00,,0.0
1987-07-10 09:00:00,19.35,
1987-07-11 00:00:00,,0.0
1987-07-11 09:00:00,20.950000000000003,
1987-07-12 00:00:00,,0.0
1987-07-12 09:00:00,19.55,
1987-07-13 00:00:00,,0.0
1987-07-13 09:00:00,18.65,
1987-07-14 00:00:00,,0.0
1987-07-14 09:00:00,20.5,
1987-07-15 00:00:00,,1.9
1987-07-15 09:00:00,20.6,
1987-07-16 00:00:00,,11.4
1987-07-16 09:00:00,17.4,
1987-07-17 00:00:00,,4.1
1987-07-17 09:00:00,16.2,
1987-07-18 00:00:00,,4.8
1987-07-18 09:00:00,15.4,
1987-07-19 00:00:00,,13.0
1987-07-19 09:00:00,14.85,
1987-07-20 00:00:00,,29.5
1987-07-20 09:00:00,16.0,
1987-07-21 00:00:00,,3.6
1987-07-21 09:00:00,16.9,
1987-07-22 00:00:00,,6.0
1987-07-22 09:00:00,15.1,
1987-07-23 00:00:00,,0.1
1987-07-23 09:00:00,15.85,
1987-07-24 00:00:00,,0.0
1987-07-24 09:00:00,15.55,
1987-07-25 00:00:00,,0.4
1987-07-25 09:00:00,15.85,
1987-07-26 00:00:00,,0.0
1987-07-26 09:00:00,13.75,
1987-07-27 00:00:00,,4.7
1987-07-27 09:00:00,17.05,
1987-07-28 00:00:00,,0.6
1987-07-28 09:00:00,16.55,
1987-07-29 00:00:00,,0.6
1987-07-29 09:00:00,18.950000000000003,
1987-07-30 00:00:00,,11.6
1987-07-30 09:00:00,18.15,
1987-07-31 00:00:00,,1.8
1987-07-31 09:00:00,17.0,
1987-08-01 00:00:00,,0.0
1987-08-01 09:00:00,20.0,
1987-08-02 00:00:00,,6.9
1987-08-02 09:00:00,17.55,
1987-08-03 00:00:00,,0.3
1987-08-03 09:00:00,17.45,
1987-08-04 00:00:00,,1.4
1987-08-04 09:00:00,16.4,
1987-08-05 00:00:00,,1.8
1987-08-05 09:00:00,14.3,
1987-08-06 00:00:00,,0.0
1987-08-06 09:00:00,14.4,
1987-08-07 00:00:00,,0.0
1987-08-07 09:00:00,15.25,
1987-08-08 00:00:00,,0.0
1987-08-08 09:00:00,15.7,
1987-08-09 00:00:00,,0.0
1987-08-09 09:00:00,15.6,
1987-08-10 00:00:00,,0.0
1987-08-10 09:00:00,14.7,
1987-08-11 00:00:00,,0.0
1987-08-11 09:00:00,15.1,
1987-08-12 00:00:00,,1.1
1987-08-12 09:00:00,16.049999999999997,
1987-08-13 00:00:00,,0.0
1987-08-13 09:00:00,18.75,
1987-08-14 00:00:00,,0.5
1987-08-14 09:00:00,18.25,
1987-08-15 00:00:00,,0.0
1987-08-15 09:00:00,18.7,
1987-08-16 00:00:00,,0.0
1987-08-16 09:00:00,19.8,
1987-08-17 00:00:00,,0.0
1987-08-17 09:00:00,22.35,
1987-08-18 00:00:00,,1.2
1987-08-18 09:00:00,20.3,
1987-08-19 00:00:00,,0.0
1987-08-19 09:00:00,19.1,
1987-08-20 00:00:00,,0.0
1987-08-20 09:00:00,20.7,
1987-08-21 00:00:00,,0.0
1987-08-21 09:00:00,23.75,
1987-08-22 00:00:00,,12.4
1987-08-22 09:00:00,23.85,
1987-08-23 00:00:00,,4.8
1987-08-23 09:00:00,19.5,
1987-08-24 00:00:00,,0.0
1987-08-24 09:00:00,18.1,
1987-08-25 00:00:00,,5.4
1987-08-25 09:00:00,15.8,
1987-08-26 00:00:00,,18.9
1987-08-26 09:00:00,13.45,
1987-08-27 00:00:00,,3.8
1987-08-27 09:00:00,15.1,
1987-08-28 00:00:00,,0.0
1987-08-28 09:00:00,13.3,
1987-08-29 00:00:00,,0.0
1987-08-29 09:00:00,20.1,
1987-08-30 00:00:00,,0.0
1987-08-30 09:00:00,17.5,
1987-08-31 00:00:00,,0.0
1987-08-31 09:00:00,17.85,
1987-09-01 00:00:00,,0.0
1987-09-01 09:00:00,15.95,
1987-09-02 00:00:00,,1.6
1987-09-02 09:00:00,21.05,
1987-09-03 00:00:00,,0.0
1987-09-03 09:00:00,18.85,
1987-09-04 00:00:00,,0.2
1987-09-04 09:00:00,16.65,
1987-09-05 00:00:00,,1.5
1987-09-05 09:00:00,16.85,
1987-09-06 00:00:00,,10.1
1987-09-06 09:00:00,15.2,
1987-09-07 00:00:00,,1.2
1987-09-07 09:00:00,16.4,
1987-09-08 00:00:00,,0.2
1987-09-08 09:00:00,14.45,
1987-09-09 00:00:00,,0.0
1987-09-09 09:00:00,15.55,
1987-09-10 00:00:00,,1.2
1987-09-10 09:00:00,17.25,
1987-09-11 00:00:00,,0.0
1987-09-11 09:00:00,15.95,
1987-09-12 00:00:00,,1.8
1987-09-12 09:00:00,18.6,
1987-09-13 00:00:00,,7.8
1987-09-13 09:00:00,16.7,
1987-09-14 00:00:00,,0.1
1987-09-14 09:00:00,14.3,
1987-09-15 00:00:00,,0.0
1987-09-15 09:00:00,15.25,
1987-09-16 00:00:00,,0.0
1987-09-16 09:00:00,16.549999999999997,
1987-09-17 00:00:00,,0.1
1987-09-17 09:00:00,17.65,
1987-09-18 00:00:00,,1.4
1987-09-18 09:00:00,20.7,
1987-09-19 00:00:00,,0.6
1987-09-19 09:00:00,17.799999999999997,
1987-09-20 00:00:00,,4.2
1987-09-20 09:00:00,16.200000000000003,
1987-09-21 00:00:00,,0.0
1987-09-21 09:00:00,20.5,
1987-09-22 00:00:00,,0.7
1987-09-22 09:00:00,18.75,
1987-09-23 00:00:00,,0.0
1987-09-23 09:00:00,15.1,
1987-09-24 00:00:00,,8.2
1987-09-24 09:00:00,15.25,
1987-09-25 00:00:00,,0.2
1987-09-25 09:00:00,11.95,
1987-09-26 00:00:00,,0.0
1987-09-26 09:00:00,11.75,
1987-09-27 00:00:00,,0.0
1987-09-27 09:00:00,11.5,
1987-09-28 00:00:00,,0.0
1987-09-28 09:00:00,12.35,
1987-09-29 00:00:00,,0.0
1987-09-29 09:00:00,10.5,
1987-09-30 00:00:00,,0.0
1987-09-30 09:00:00,13.1,
1987-10-01 00:00:00,,0.0
1987-10-01 09:00:00,12.15,
1987-10-02 00:00:00,,0.0
1987-10-02 09:00:00,13.35,
1987-10-03 00:00:00,,0.2
1987-10-03 09:00:00,15.25,
1987-10-04 00:00:00,,7.0
1987-10-04 09:00:00,15.35,
1987-10-05 00:00:00,,0.3
1987-10-05 09:00:00,16.9,
1987-10-06 00:00:00,,0.4
1987-10-06 09:00:00,16.7,
1987-10-07 00:00:00,,6.0
1987-10-07 09:00:00,12.15,
1987-10-08 00:00:00,,15.3
1987-10-08 09:00:00,12.8,
1987-10-09 00:00:00,,1.1
1987-10-09 09:00:00,10.7,
1987-10-10 00:00:00,,40.5
1987-10-10 09:00:00,13.7,
1987-10-11 00:00:00,,13.0
1987-10-11 09:00:00,9.05,
1987-10-12 00:00:00,,0.2
1987-10-12 09:00:00,10.3,
1987-10-13 00:00:00,,1.7
1987-10-13 09:00:00,11.65,
1987-10-14 00:00:00,,0.9
1987-10-14 09:00:00,10.55,
1987-10-15 00:00:00,,9.9
1987-10-15 09:00:00,11.25,
1987-10-16 00:00:00,,22.3
1987-10-16 09:00:00,13.7,
1987-10-17 00:00:00,,7.0
1987-10-17 09:00:00,11.75,
1987-10-18 00:00:00,,0.0
1987-10-18 09:00:00,13.2,
1987-10-19 00:00:00,,0.0
1987-10-19 09:00:00,14.7,
1987-10-20 00:00:00,,0.7
1987-10-20 09:00:00,15.1,
1987-10-21 00:00:00,,32.1
1987-10-21 09:00:00,13.05,
1987-10-22 00:00:00,,0.9
1987-10-22 09:00:00,11.5,
1987-10-23 00:00:00,,0.0
1987-10-23 09:00:00,10.05,
1987-10-24 00:00:00,,0.0
1987-10-24 09:00:00,8.600000000000001,
1987-10-25 00:00:00,,0.0
1987-10-25 09:00:00,7.55,
1987-10-26 00:00:00,,0.5
1987-10-26 09:00:00,10.0,
1987-10-27 00:00:00,,0.2
1987-10-27 09:00:00,10.95,
1987-10-28 00:00:00,,0.0
1987-10-28 09:00:00,12.1,
1987-10-29 00:00:00,,0.0
1987-10-29 09:00:00,8.55,
1987-10-30 00:00:00,,0.0
1987-10-30 09:00:00,9.3,
1987-10-31 00:00:00,,0.1
1987-10-31 09:00:00,11.5,
1987-11-01 00:00:00,,1.9
1987-11-01 09:00:00,12.2,
1987-11-02 00:00:00,,0.0
1987-11-02 09:00:00,9.5,
1987-11-03 00:00:00,,0.0
1987-11-03 09:00:00,8.55,
1987-11-04 00:00:00,,0.0
1987-11-04 09:00:00,9.85,
1987-11-05 00:00:00,,0.0
1987-11-05 09:00:00,10.95,
1987-11-06 00:00:00,,0.0
1987-11-06 09:00:00,8.850000000000001,
1987-11-07 00:00:00,,0.0
1987-11-07 09:00:00,7.25,
1987-11-08 00:00:00,,0.0
1987-11-08 09:00:00,6.300000000000001,
1987-11-09 00:00:00,,6.5
1987-11-09 09:00:00,7.1,
1987-11-10 00:00:00,,1.3
1987-11-10 09:00:00,8.100000000000001,
1987-11-11 00:00:00,,2.4
1987-11-11 09:00:00,7.55,
1987-11-12 00:00:00,,19.6
1987-11-12 09:00:00,9.35,
1987-11-13 00:00:00,,0.0
1987-11-13 09:00:00,7.45,
1987-11-14 00:00:00,,1.4
1987-11-14 09:00:00,5.35,
1987-11-15 00:00:00,,2.4
1987-11-15 09:00:00,7.35,
1987-11-16 00:00:00,,0.3
1987-11-16 09:00:00,10.55,
1987-11-17 00:00:00,,0.1
1987-11-17 09:00:00,10.55,
1987-11-18 00:00:00,,0.0
1987-11-18 09:00:00,9.85,
1987-11-19 00:00:00,,1.7
1987-11-19 09:00:00,10.8,
1987-11-20 00:00:00,,10.2
1987-11-20 09:00:00,9.1,
1987-11-21 00:00:00,,0.0
1987-11-21 09:00:00,7.45,
1987-11-22 00:00:00,,0.7
1987-11-22 09:00:00,8.25,
1987-11-23 00:00:00,,4.8
1987-11-23 09:00:00,6.25,
1987-11-24 00:00:00,,0.7
1987-11-24 09:00:00,5.4,
1987-11-25 00:00:00,,0.0
1987-11-25 09:00:00,7.9,
1987-11-26 00:00:00,,0.0
1987-11-26 09:00:00,6.8,
1987-11-27 00:00:00,,0.0
1987-11-27 09:00:00,5.15,
1987-11-28 00:00:00,,0.0
1987-11-28 09:00:00,4.25,
1987-11-29 00:00:00,,0.0
1987-11-29 09:00:00,2.75,
1987-11-30 00:00:00,,0.0
1987-11-30 09:00:00,2.75,
1987-12-01 00:00:00,,0.0
1987-12-01 09:00:00,5.85,
1987-12-02 00:00:00,,0.6
1987-12-02 09:00:00,6.35,
1987-12-03 00:00:00,,0.0
1987-12-03 09:00:00,4.6,
1987-12-04 00:00:00,,0.0
1987-12-04 09:00:00,3.8,
1987-12-05 00:00:00,,0.0
1987-12-05 09:00:00,5.8,
1987-12-06 00:00:00,,0.2
1987-12-06 09:00:00,6.95,
1987-12-07 00:00:00,,0.1
1987-12-07 09:00:00,5.55,
1987-12-08 00:00:00,,0.1
1987-12-08 09:00:00,3.1500000000000004,
1987-12-09 00:00:00,,0.0
1987-12-09 09:00:00,2.85,
1987-12-10 00:00:00,,0.0
1987-12-10 09:00:00,2.65,
1987-12-11 00:00:00,,0.0
1987-12-11 09:00:00,1.95,
1987-12-12 00:00:00,,0.0
1987-12-12 09:00:00,3.45,
1987-12-13 00:00:00,,0.0
1987-12-13 09:00:00,4.25,
1987-12-14 00:00:00,,0.0
1987-12-14 09:00:00,4.2,
1987-12-15 00:00:00,,0.2
1987-12-15 09:00:00,2.25,
1987-12-16 00:00:00,,7.0
1987-12-16 09:00:00,6.3,
1987-12-17 00:00:00,,0.9
1987-12-17 09:00:00,11.8,
1987-12-18 00:00:00,,0.4
1987-12-18 09:00:00,12.95,
1987-12-19 00:00:00,,0.0
1987-12-19 09:00:00,10.3,
1987-12-20 00:00:00,,0.0
1987-12-20 09:00:00,9.55,
1987-12-21 00:00:00,,0.0
1987-12-21 09:00:00,10.4,
1987-12-22 00:00:00,,0.0
1987-12-22 09:00:00,9.1,
1987-12-23 00:00:00,,0.0
1987-12-23 09:00:00,7.0,
1987-12-24 00:00:00,,0.0
1987-12-24 09:00:00,4.85,
1987-12-25 00:00:00,,0.3
1987-12-25 09:00:00,8.25,
1987-12-26 00:00:00,,0.0
1987-12-26 09:00:00,7.25,
1987-12-27 00:00:00,,0.0
1987-12-27 09:00:00,10.6,
1987-12-28 00:00:00,,0.0
1987-12-28 09:00:00,12.1,
1987-12-29 00:00:00,,0.0
1987-12-29 09:00:00,12.5,
1987-12-30 00:00:00,,0.8
1987-12-30 09:00:00,11.25,
1987-12-31 00:00:00,,3.2
1987-12-31 09:00:00,10.7,
1988-01-01 00:00:00,,0.0
1988-01-01 09:00:00,8.9,
1988-01-02 00:00:00,,1.9
1988-01-02 09:00:00,11.1,
1988-01-03 00:00:00,,4.1
1988-01-03 09:00:00,9.85,
1988-01-04 00:00:00,,2.8
1988-01-04 09:00:00,8.1,
1988-01-05 00:00:00,,7.5
1988-01-05 09:00:00,8.6,
1988-01-06 00:00:00,,6.3
1988-01-06 09:00:00,8.55,
1988-01-07 00:00:00,,0.5
1988-01-07 09:00:00,6.3,
1988-01-08 00:00:00,,0.0
1988-01-08 09:00:00,3.25,
1988-01-09 00:00:00,,1.0
1988-01-09 09:00:00,9.05,
1988-01-10 00:00:00,,1.6
1988-01-10 09:00:00,9.95,
1988-01-11 00:00:00,,0.2
1988-01-11 09:00:00,5.85,
1988-01-12 00:00:00,,0.2
1988-01-12 09:00:00,6.0,
1988-01-13 00:00:00,,2.1
1988-01-13 09:00:00,7.0,
1988-01-14 00:00:00,,7.0
1988-01-14 09:00:00,6.95,
1988-01-15 00:00:00,,1.2
1988-01-15 09:00:00,6.65,
1988-01-16 00:00:00,,0.0
1988-01-16 09:00:00,3.3,
1988-01-17 00:00:00,,0.0
1988-01-17 09:00:00,2.05,
1988-01-18 00:00:00,,0.0
1988-01-18 09:00:00,3.1,
1988-01-19 00:00:00,,0.0
1988-01-19 09:00:00,7.35,
1988-01-20 00:00:00,,1.2
1988-01-20 09:00:00,8.15,
1988-01-21 00:00:00,,2.3
1988-01-21 09:00:00,4.5,
1988-01-22 00:00:00,,10.8
1988-01-22 09:00:00,3.85,
1988-01-23 00:00:00,,0.2
1988-01-23 09:00:00,2.1,
1988-01-24 00:00:00,,6.0
1988-01-24 09:00:00,6.8,
1988-01-25 00:00:00,,13.7
1988-01-25 09:00:00,8.15,
1988-01-26 00:00:00,,4.6
1988-01-26 09:00:00,7.0,
1988-01-27 00:00:00,,0.0
1988-01-27 09:00:00,6.45,
1988-01-28 00:00:00,,12.7
1988-01-28 09:00:00,5.55,
1988-01-29 00:00:00,,12.9
1988-01-29 09:00:00,7.35,
1988-01-30 00:00:00,,13.5
1988-01-30 09:00:00,5.55,
1988-01-31 00:00:00,,0.0
1988-01-31 09:00:00,5.050000000000001,
1988-02-01 00:00:00,,7.0
1988-02-01 09:00:00,6.1,
1988-02-02 00:00:00,,1.0
1988-02-02 09:00:00,8.15,
1988-02-03 00:00:00,,1.8
1988-02-03 09:00:00,5.7,
1988-02-04 00:00:00,,2.1
1988-02-04 09:00:00,6.8,
1988-02-05 00:00:00,,3.8
1988-02-05 09:00:00,5.6,
1988-02-06 00:00:00,,0.0
1988-02-06 09:00:00,6.300000000000001,
1988-02-07 00:00:00,,0.0
1988-02-07 09:00:00,4.25,
1988-02-08 00:00:00,,3.1
1988-02-08 09:00:00,5.0,
1988-02-09 00:00:00,,3.6
1988-02-09 09:00:00,6.7,
1988-02-10 00:00:00,,1.4
1988-02-10 09:00:00,5.5,
1988-02-11 00:00:00,,1.3
1988-02-11 09:00:00,5.15,
1988-02-12 00:00:00,,0.0
1988-02-12 09:00:00,4.25,
1988-02-13 00:00:00,,0.1
1988-02-13 09:00:00,4.3,
1988-02-14 00:00:00,,1.1
1988-02-14 09:00:00,8.1,
1988-02-15 00:00:00,,0.0
1988-02-15 09:00:00,7.95,
1988-02-16 00:00:00,,0.0
1988-02-16 09:00:00,9.6,
1988-02-17 00:00:00,,0.0
1988-02-17 09:00:00,5.4,
1988-02-18 00:00:00,,0.0
1988-02-18 09:00:00,6.55,
1988-02-19 00:00:00,,0.0
1988-02-19 09:00:00,8.35,
1988-02-20 00:00:00,,0.0
1988-02-20 09:00:00,8.85,
1988-02-21 00:00:00,,0.0
1988-02-21 09:00:00,8.5,
1988-02-22 00:00:00,,0.0
1988-02-22 09:00:00,7.9,
1988-02-23 00:00:00,,0.0
1988-02-23 09:00:00,6.5,
1988-02-24 00:00:00,,0.0
1988-02-24 09:00:00,4.6,
1988-02-25 00:00:00,,1.9
1988-02-25 09:00:00,3.4,
1988-02-26 00:00:00,,0.6
1988-02-26 09:00:00,2.5,
1988-02-27 00:00:00,,0.0
1988-02-27 09:00:00,3.25,
1988-02-28 00:00:00,,0.0
1988-02-28 09:00:00,5.75,
1988-02-29 00:00:00,,0.9
1988-02-29 09:00:00,5.3,
1988-03-01 00:00:00,,0.0
1988-03-01 09:00:00,2.9000000000000004,
1988-03-02 00:00:00,,0.0
1988-03-02 09:00:00,2.6,
1988-03-03 00:00:00,,0.9
1988-03-03 09:00:00,4.4,
1988-03-04 00:00:00,,6.8
1988-03-04 09:00:00,4.85,
1988-03-05 00:00:00,,0.0
1988-03-05 09:00:00,2.05,
1988-03-06 00:00:00,,0.0
1988-03-06 09:00:00,5.0,
1988-03-07 00:00:00,,0.1
1988-03-07 09:00:00,7.6,
1988-03-08 00:00:00,,0.0
1988-03-08 09:00:00,7.3,
1988-03-09 00:00:00,,0.0
1988-03-09 09:00:00,7.85,
1988-03-10 00:00:00,,1.7
1988-03-10 09:00:00,9.1,
1988-03-11 00:00:00,,0.0
1988-03-11 09:00:00,7.05,
1988-03-12 00:00:00,,0.0
1988-03-12 09:00:00,9.65,
1988-03-13 00:00:00,,0.0
1988-03-13 09:00:00,8.65,
1988-03-14 00:00:00,,4.9
1988-03-14 09:00:00,7.9,
1988-03-15 00:00:00,,6.1
1988-03-15 09:00:00,7.85,
1988-03-16 00:00:00,,5.1
1988-03-16 09:00:00,9.15,
1988-03-17 00:00:00,,0.1
1988-03-17 09:00:00,8.25,
1988-03-18 00:00:00,,0.4
1988-03-18 09:00:00,7.300000000000001,
1988-03-19 00:00:00,,6.3
1988-03-19 09:00:00,9.1,
1988-03-20 00:00:00,,1.4
1988-03-20 09:00:00,11.1,
1988-03-21 00:00:00,,11.8
1988-03-21 09:00:00,10.9,
1988-03-22 00:00:00,,0.2
1988-03-22 09:00:00,9.5,
1988-03-23 00:00:00,,1.0
1988-03-23 09:00:00,9.75,
1988-03-24 00:00:00,,0.3
1988-03-24 09:00:00,10.25,
1988-03-25 00:00:00,,7.3
1988-03-25 09:00:00,10.15,
1988-03-26 00:00:00,,0.4
1988-03-26 09:00:00,10.05,
1988-03-27 00:00:00,,0.0
1988-03-27 09:00:00,8.65,
1988-03-28 00:00:00,,0.1
1988-03-28 09:00:00,7.85,
1988-03-29 00:00:00,,1.6
1988-03-29 09:00:00,7.85,
1988-03-30 00:00:00,,11.4
1988-03-30 09:00:00,7.35,
1988-03-31 00:00:00,,0.0
1988-03-31 09:00:00,6.949999999999999,
1988-04-01 00:00:00,,0.0
1988-04-01 09:00:00,6.9,
1988-04-02 00:00:00,,0.0
1988-04-02 09:00:00,10.4,
1988-04-03 00:00:00,,0.0
1988-04-03 09:00:00,9.85,
1988-04-04 00:00:00,,0.0
1988-04-04 09:00:00,10.15,
1988-04-05 00:00:00,,0.0
1988-04-05 09:00:00,8.3,
1988-04-06 00:00:00,,0.0
1988-04-06 09:00:00,7.5,
1988-04-07 00:00:00,,0.0
1988-04-07 09:00:00,8.85,
1988-04-08 00:00:00,,0.0
1988-04-08 09:00:00,9.75,
1988-04-09 00:00:00,,4.8
1988-04-09 09:00:00,7.199999999999999,
1988-04-10 00:00:00,,0.5
1988-04-10 09:00:00,4.15,
1988-04-11 00:00:00,,0.0
1988-04-11 09:00:00,7.550000000000001,
1988-04-12 00:00:00,,0.0
1988-04-12 09:00:00,11.35,
1988-04-13 00:00:00,,0.0
1988-04-13 09:00:00,9.05,
1988-04-14 00:00:00,,0.0
1988-04-14 09:00:00,7.25,
1988-04-15 00:00:00,,0.0
1988-04-15 09:00:00,9.7,
1988-04-16 00:00:00,,2.0
1988-04-16 09:00:00,12.55,
1988-04-17 00:00:00,,5.0
1988-04-17 09:00:00,13.05,
1988-04-18 00:00:00,,0.0
1988-04-18 09:00:00,14.5,
1988-04-19 00:00:00,,3.3
1988-04-19 09:00:00,16.2,
1988-04-20 00:00:00,,6.4
1988-04-20 09:00:00,13.7,
1988-04-21 00:00:00,,0.0
1988-04-21 09:00:00,13.25,
1988-04-22 00:00:00,,0.0
1988-04-22 09:00:00,12.55,
1988-04-23 00:00:00,,0.0
1988-04-23 09:00:00,8.6,
1988-04-24 00:00:00,,0.0
1988-04-24 09:00:00,6.2,
1988-04-25 00:00:00,,0.0
1988-04-25 09:00:00,6.7,
1988-04-26 00:00:00,,0.0
1988-04-26 09:00:00,7.85,
1988-04-27 00:00:00,,0.4
1988-04-27 09:00:00,11.1,
1988-04-28 00:00:00,,6.3
1988-04-28 09:00:00,7.95,
1988-04-29 00:00:00,,0.2
1988-04-29 09:00:00,9.55,
1988-04-30 00:00:00,,1.4
1988-04-30 09:00:00,10.15,
1988-05-01 00:00:00,,2.1
1988-05-01 09:00:00,13.55,
1988-05-02 00:00:00,,1.1
1988-05-02 09:00:00,12.8,
1988-05-03 00:00:00,,0.4
1988-05-03 09:00:00,12.95,
1988-05-04 00:00:00,,0.8
1988-05-04 09:00:00,13.0,
1988-05-05 00:00:00,,5.1
1988-05-05 09:00:00,11.55,
1988-05-06 00:00:00,,0.0
1988-05-06 09:00:00,12.2,
1988-05-07 00:00:00,,0.0
1988-05-07 09:00:00,15.35,
1988-05-08 00:00:00,,8.0
1988-05-08 09:00:00,16.55,
1988-05-09 00:00:00,,0.4
1988-05-09 09:00:00,17.7,
1988-05-10 00:00:00,,0.0
1988-05-10 09:00:00,12.85,
1988-05-11 00:00:00,,0.0
1988-05-11 09:00:00,12.1,
1988-05-12 00:00:00,,2.8
1988-05-12 09:00:00,11.5,
1988-05-13 00:00:00,,0.0
1988-05-13 09:00:00,14.85,
1988-05-14 00:00:00,,0.0
1988-05-14 09:00:00,16.55,
1988-05-15 00:00:00,,0.0
1988-05-15 09:00:00,17.95,
1988-05-16 00:00:00,,0.0
1988-05-16 09:00:00,16.25,
1988-05-17 00:00:00,,0.0
1988-05-17 09:00:00,14.8,
1988-05-18 00:00:00,,0.8
1988-05-18 09:00:00,13.95,
1988-05-19 00:00:00,,0.0
1988-05-19 09:00:00,10.05,
1988-05-20 00:00:00,,0.0
1988-05-20 09:00:00,8.85,
1988-05-21 00:00:00,,0.0
1988-05-21 09:00:00,11.4,
1988-05-22 00:00:00,,0.0
1988-05-22 09:00:00,13.15,
1988-05-23 00:00:00,,0.0
1988-05-23 09:00:00,13.8,
1988-05-24 00:00:00,,1.3
1988-05-24 09:00:00,13.45,
1988-05-25 00:00:00,,0.0
1988-05-25 09:00:00,15.55,
1988-05-26 00:00:00,,0.2
1988-05-26 09:00:00,16.9,
1988-05-27 00:00:00,,1.4
1988-05-27 09:00:00,13.2,
1988-05-28 00:00:00,,0.0
1988-05-28 09:00:00,14.9,
1988-05-29 00:00:00,,1.7
1988-05-29 09:00:00,15.3,
1988-05-30 00:00:00,,3.5
1988-05-30 09:00:00,13.1,
1988-05-31 00:00:00,,11.0
1988-05-31 09:00:00,12.9,
1988-06-01 00:00:00,,0.5
1988-06-01 09:00:00,12.85,
1988-06-02 00:00:00,,0.2
1988-06-02 09:00:00,15.95,
1988-06-03 00:00:00,,0.0
1988-06-03 09:00:00,13.15,
1988-06-04 00:00:00,,5.6
1988-06-04 09:00:00,13.65,
1988-06-05 00:00:00,,3.0
1988-06-05 09:00:00,12.35,
1988-06-06 00:00:00,,0.0
1988-06-06 09:00:00,13.05,
1988-06-07 00:00:00,,0.0
1988-06-07 09:00:00,13.1,
1988-06-08 00:00:00,,2.1
1988-06-08 09:00:00,14.25,
1988-06-09 00:00:00,,10.4
1988-06-09 09:00:00,14.3,
1988-06-10 00:00:00,,0.5
1988-06-10 09:00:00,12.75,
1988-06-11 00:00:00,,0.4
1988-06-11 09:00:00,12.45,
1988-06-12 00:00:00,,0.0
1988-06-12 09:00:00,13.65,
1988-06-13 00:00:00,,0.0
1988-06-13 09:00:00,15.5,
1988-06-14 00:00:00,,0.0
1988-06-14 09:00:00,16.9,
1988-06-15 00:00:00,,0.0
1988-06-15 09:00:00,17.15,
1988-06-16 00:00:00,,0.0
1988-06-16 09:00:00,16.75,
1988-06-17 00:00:00,,0.0
1988-06-17 09:00:00,14.75,
1988-06-18 00:00:00,,0.1
1988-06-18 09:00:00,13.8,
1988-06-19 00:00:00,,0.0
1988-06-19 09:00:00,15.7,
1988-06-20 00:00:00,,0.0
1988-06-20 09:00:00,19.25,
1988-06-21 00:00:00,,0.0
1988-06-21 09:00:00,19.25,
1988-06-22 00:00:00,,0.0
1988-06-22 09:00:00,18.05,
1988-06-23 00:00:00,,0.0
1988-06-23 09:00:00,16.65,
1988-06-24 00:00:00,,0.0
1988-06-24 09:00:00,19.3,
1988-06-25 00:00:00,,0.0
1988-06-25 09:00:00,17.95,
1988-06-26 00:00:00,,0.8
1988-06-26 09:00:00,19.45,
1988-06-27 00:00:00,,0.1
1988-06-27 09:00:00,16.450000000000003,
1988-06-28 00:00:00,,2.7
1988-06-28 09:00:00,14.65,
1988-06-29 00:00:00,,0.3
1988-06-29 09:00:00,15.4,
1988-06-30 00:00:00,,0.0
1988-06-30 09:00:00,17.55,
1988-07-01 00:00:00,,5.8
1988-07-01 09:00:00,20.1,
1988-07-02 00:00:00,,2.7
1988-07-02 09:00:00,15.3,
1988-07-03 00:00:00,,2.2
1988-07-03 09:00:00,14.3,
1988-07-04 00:00:00,,11.3
1988-07-04 09:00:00,14.35,
1988-07-05 00:00:00,,4.0
1988-07-05 09:00:00,15.25,
1988-07-06 00:00:00,,3.5
1988-07-06 09:00:00,16.8,
1988-07-07 00:00:00,,5.6
1988-07-07 09:00:00,15.65,
1988-07-08 00:00:00,,1.2
1988-07-08 09:00:00,15.5,
1988-07-09 00:00:00,,0.0
1988-07-09 09:00:00,16.0,
1988-07-10 00:00:00,,0.0
1988-07-10 09:00:00,16.0,
1988-07-11 00:00:00,,1.9
1988-07-11 09:00:00,15.4,
1988-07-12 00:00:00,,0.4
1988-07-12 09:00:00,16.15,
1988-07-13 00:00:00,,6.6
1988-07-13 09:00:00,17.0,
1988-07-14 00:00:00,,0.3
1988-07-14 09:00:00,14.95,
1988-07-15 00:00:00,,1.3
1988-07-15 09:00:00,15.45,
1988-07-16 00:00:00,,1.0
1988-07-16 09:00:00,14.8,
1988-07-17 00:00:00,,8.6
1988-07-17 09:00:00,16.6,
1988-07-18 00:00:00,,0.2
1988-07-18 09:00:00,17.05,
1988-07-19 00:00:00,,0.0
1988-07-19 09:00:00,16.7,
1988-07-20 00:00:00,,0.0
1988-07-20 09:00:00,18.25,
1988-07-21 00:00:00,,0.0
1988-07-21 09:00:00,18.1,
1988-07-22 00:00:00,,6.2
1988-07-22 09:00:00,19.75,
1988-07-23 00:00:00,,9.3
1988-07-23 09:00:00,19.05,
1988-07-24 00:00:00,,1.0
1988-07-24 09:00:00,16.9,
1988-07-25 00:00:00,,0.0
1988-07-25 09:00:00,16.85,
1988-07-26 00:00:00,,0.1
1988-07-26 09:00:00,16.6,
1988-07-27 00:00:00,,1.0
1988-07-27 09:00:00,16.15,
1988-07-28 00:00:00,,0.2
1988-07-28 09:00:00,17.3,
1988-07-29 00:00:00,,0.0
1988-07-29 09:00:00,14.45,
1988-07-30 00:00:00,,0.1
1988-07-30 09:00:00,15.15,
1988-07-31 00:00:00,,0.5
1988-07-31 09:00:00,15.7,
1988-08-01 00:00:00,,0.1
1988-08-01 09:00:00,16.2,
1988-08-02 00:00:00,,0.0
1988-08-02 09:00:00,16.75,
1988-08-03 00:00:00,,2.4
1988-08-03 09:00:00,14.5,
1988-08-04 00:00:00,,0.0
1988-08-04 09:00:00,16.299999999999997,
1988-08-05 00:00:00,,0.0
1988-08-05 09:00:00,18.65,
1988-08-06 00:00:00,,0.0
1988-08-06 09:00:00,18.45,
1988-08-07 00:00:00,,0.0
1988-08-07 09:00:00,21.9,
1988-08-08 00:00:00,,0.0
1988-08-08 09:00:00,21.25,
1988-08-09 00:00:00,,0.1
1988-08-09 09:00:00,21.0,
1988-08-10 00:00:00,,0.0
1988-08-10 09:00:00,18.75,
1988-08-11 00:00:00,,0.0
1988-08-11 09:00:00,16.75,
1988-08-12 00:00:00,,0.5
1988-08-12 09:00:00,17.45,
1988-08-13 00:00:00,,0.9
1988-08-13 09:00:00,16.5,
1988-08-14 00:00:00,,0.0
1988-08-14 09:00:00,17.7,
1988-08-15 00:00:00,,0.0
1988-08-15 09:00:00,17.1,
1988-08-16 00:00:00,,0.0
1988-08-16 09:00:00,17.85,
1988-08-17 00:00:00,,0.0
1988-08-17 09:00:00,18.55,
1988-08-18 00:00:00,,0.0
1988-08-18 09:00:00,19.65,
1988-08-19 00:00:00,,4.6
1988-08-19 09:00:00,20.85,
1988-08-20 00:00:00,,4.8
1988-08-20 09:00:00,17.25,
1988-08-21 00:00:00,,2.5
1988-08-21 09:00:00,16.65,
1988-08-22 00:00:00,,0.2
1988-08-22 09:00:00,14.2,
1988-08-23 00:00:00,,0.0
1988-08-23 09:00:00,15.25,
1988-08-24 00:00:00,,1.5
1988-08-24 09:00:00,17.0,
1988-08-25 00:00:00,,1.3
1988-08-25 09:00:00,15.4,
1988-08-26 00:00:00,,0.0
1988-08-26 09:00:00,14.6,
1988-08-27 00:00:00,,0.0
1988-08-27 09:00:00,17.950000000000003,
1988-08-28 00:00:00,,0.0
1988-08-28 09:00:00,18.55,
1988-08-29 00:00:00,,1.5
1988-08-29 09:00:00,13.95,
1988-08-30 00:00:00,,0.0
1988-08-30 09:00:00,15.85,
1988-08-31 00:00:00,,1.9
1988-08-31 09:00:00,16.65,
1988-09-01 00:00:00,,17.4
1988-09-01 09:00:00,16.45,
1988-09-02 00:00:00,,3.2
1988-09-02 09:00:00,14.9,
1988-09-03 00:00:00,,1.5
1988-09-03 09:00:00,14.35,
1988-09-04 00:00:00,,0.0
1988-09-04 09:00:00,14.1,
1988-09-05 00:00:00,,0.9
1988-09-05 09:00:00,16.4,
1988-09-06 00:00:00,,0.0
1988-09-06 09:00:00,16.2,
1988-09-07 00:00:00,,0.0
1988-09-07 09:00:00,18.75,
1988-09-08 00:00:00,,0.0
1988-09-08 09:00:00,20.25,
1988-09-09 00:00:00,,0.0
1988-09-09 09:00:00,19.9,
1988-09-10 00:00:00,,0.0
1988-09-10 09:00:00,17.25,
1988-09-11 00:00:00,,0.0
1988-09-11 09:00:00,18.1,
1988-09-12 00:00:00,,0.2
1988-09-12 09:00:00,14.2,
1988-09-13 00:00:00,,0.8
1988-09-13 09:00:00,13.85,
1988-09-14 00:00:00,,1.0
1988-09-14 09:00:00,13.2,
1988-09-15 00:00:00,,0.0
1988-09-15 09:00:00,12.45,
1988-09-16 00:00:00,,0.0
1988-09-16 09:00:00,14.1,
1988-09-17 00:00:00,,0.0
1988-09-17 09:00:00,17.05,
1988-09-18 00:00:00,,0.0
1988-09-18 09:00:00,15.4,
1988-09-19 00:00:00,,0.0
1988-09-19 09:00:00,13.85,
1988-09-20 00:00:00,,0.0
1988-09-20 09:00:00,13.2,
1988-09-21 00:00:00,,0.0
1988-09-21 09:00:00,12.55,
1988-09-22 00:00:00,,2.4
1988-09-22 09:00:00,15.45,
1988-09-23 00:00:00,,5.3
1988-09-23 09:00:00,14.35,
1988-09-24 00:00:00,,0.0
1988-09-24 09:00:00,14.3,
1988-09-25 00:00:00,,2.7
1988-09-25 09:00:00,15.6,
1988-09-26 00:00:00,,0.0
1988-09-26 09:00:00,18.1,
1988-09-27 00:00:00,,3.5
1988-09-27 09:00:00,17.2,
1988-09-28 00:00:00,,9.0
1988-09-28 09:00:00,14.35,
1988-09-29 00:00:00,,2.1
1988-09-29 09:00:00,11.85,
1988-09-30 00:00:00,,0.0
1988-09-30 09:00:00,10.0,
1988-10-01 00:00:00,,0.0
1988-10-01 09:00:00,9.7,
1988-10-02 00:00:00,,0.0
1988-10-02 09:00:00,10.2,
1988-10-03 00:00:00,,0.0
1988-10-03 09:00:00,13.55,
1988-10-04 00:00:00,,0.0
1988-10-04 09:00:00,14.3,
1988-10-05 00:00:00,,0.5
1988-10-05 09:00:00,14.1,
1988-10-06 00:00:00,,6.0
1988-10-06 09:00:00,13.0,
1988-10-07 00:00:00,,6.2
1988-10-07 09:00:00,12.45,
1988-10-08 00:00:00,,0.1
1988-10-08 09:00:00,10.0,
1988-10-09 00:00:00,,20.8
1988-10-09 09:00:00,12.15,
1988-10-10 00:00:00,,11.1
1988-10-10 09:00:00,10.0,
1988-10-11 00:00:00,,0.0
1988-10-11 09:00:00,9.7,
1988-10-12 00:00:00,,1.3
1988-10-12 09:00:00,11.35,
1988-10-13 00:00:00,,4.2
1988-10-13 09:00:00,11.4,
1988-10-14 00:00:00,,0.0
1988-10-14 09:00:00,12.1,
1988-10-15 00:00:00,,0.0
1988-10-15 09:00:00,14.65,
1988-10-16 00:00:00,,0.0
1988-10-16 09:00:00,13.95,
1988-10-17 00:00:00,,0.0
1988-10-17 09:00:00,13.9,
1988-10-18 00:00:00,,0.7
1988-10-18 09:00:00,13.8,
1988-10-19 00:00:00,,0.1
1988-10-19 09:00:00,16.7,
1988-10-20 00:00:00,,3.0
1988-10-20 09:00:00,16.0,
1988-10-21 00:00:00,,0.0
1988-10-21 09:00:00,13.55,
1988-10-22 00:00:00,,0.0
1988-10-22 09:00:00,13.85,
1988-10-23 00:00:00,,0.0
1988-10-23 09:00:00,14.8,
1988-10-24 00:00:00,,0.1
1988-10-24 09:00:00,13.7,
1988-10-25 00:00:00,,4.8
1988-10-25 09:00:00,14.65,
1988-10-26 00:00:00,,0.0
1988-10-26 09:00:00,15.1,
1988-10-27 00:00:00,,0.1
1988-10-27 09:00:00,16.6,
1988-10-28 00:00:00,,0.0
1988-10-28 09:00:00,13.55,
1988-10-29 00:00:00,,0.0
1988-10-29 09:00:00,10.05,
1988-10-30 00:00:00,,0.0
1988-10-30 09:00:00,6.6,
1988-10-31 00:00:00,,0.0
1988-10-31 09:00:00,6.35,
1988-11-01 00:00:00,,0.0
1988-11-01 09:00:00,5.45,
1988-11-02 00:00:00,,0.0
1988-11-02 09:00:00,6.699999999999999,
1988-11-03 00:00:00,,0.0
1988-11-03 09:00:00,7.6,
1988-11-04 00:00:00,,0.0
1988-11-04 09:00:00,5.35,
1988-11-05 00:00:00,,0.0
1988-11-05 09:00:00,2.85,
1988-11-06 00:00:00,,0.0
1988-11-06 09:00:00,5.95,
1988-11-07 00:00:00,,0.0
1988-11-07 09:00:00,6.0,
1988-11-08 00:00:00,,0.0
1988-11-08 09:00:00,7.75,
1988-11-09 00:00:00,,3.7
1988-11-09 09:00:00,10.05,
1988-11-10 00:00:00,,0.0
1988-11-10 09:00:00,14.7,
1988-11-11 00:00:00,,0.1
1988-11-11 09:00:00,12.55,
1988-11-12 00:00:00,,1.0
1988-11-12 09:00:00,12.3,
1988-11-13 00:00:00,,0.0
1988-11-13 09:00:00,8.600000000000001,
1988-11-14 00:00:00,,0.0
1988-11-14 09:00:00,6.699999999999999,
1988-11-15 00:00:00,,0.0
1988-11-15 09:00:00,5.2,
1988-11-16 00:00:00,,0.0
1988-11-16 09:00:00,7.0,
1988-11-17 00:00:00,,0.0
1988-11-17 09:00:00,10.25,
1988-11-18 00:00:00,,0.4
1988-11-18 09:00:00,11.2,
1988-11-19 00:00:00,,0.2
1988-11-19 09:00:00,7.95,
1988-11-20 00:00:00,,3.3
1988-11-20 09:00:00,4.0,
1988-11-21 00:00:00,,0.4
1988-11-21 09:00:00,3.45,
1988-11-22 00:00:00,,0.0
1988-11-22 09:00:00,1.15,
1988-11-23 00:00:00,,0.0
1988-11-23 09:00:00,1.45,
1988-11-24 00:00:00,,0.0
1988-11-24 09:00:00,1.65,
1988-11-25 00:00:00,,0.0
1988-11-25 09:00:00,3.9,
1988-11-26 00:00:00,,0.0
1988-11-26 09:00:00,2.85,
1988-11-27 00:00:00,,0.0
1988-11-27 09:00:00,3.4000000000000004,
1988-11-28 00:00:00,,0.3
1988-11-28 09:00:00,3.6,
1988-11-29 00:00:00,,0.6
1988-11-29 09:00:00,9.0,
1988-11-30 00:00:00,,12.6
1988-11-30 09:00:00,10.25,
1988-12-01 00:00:00,,0.0
1988-12-01 09:00:00,8.55,
1988-12-02 00:00:00,,0.0
1988-12-02 09:00:00,5.55,
1988-12-03 00:00:00,,1.1
1988-12-03 09:00:00,3.15,
1988-12-04 00:00:00,,6.6
1988-12-04 09:00:00,7.0,
1988-12-05 00:00:00,,0.8
1988-12-05 09:00:00,7.35,
1988-12-06 00:00:00,,0.0
1988-12-06 09:00:00,5.949999999999999,
1988-12-07 00:00:00,,0.0
1988-12-07 09:00:00,4.95,
1988-12-08 00:00:00,,0.0
1988-12-08 09:00:00,5.75,
1988-12-09 00:00:00,,0.2
1988-12-09 09:00:00,9.25,
1988-12-10 00:00:00,,0.0
1988-12-10 09:00:00,10.85,
1988-12-11 00:00:00,,0.0
1988-12-11 09:00:00,10.95,
1988-12-12 00:00:00,,0.5
1988-12-12 09:00:00,9.65,
1988-12-13 00:00:00,,0.0
1988-12-13 09:00:00,6.15,
1988-12-14 00:00:00,,0.8
1988-12-14 09:00:00,8.45,
1988-12-15 00:00:00,,0.0
1988-12-15 09:00:00,7.75,
1988-12-16 00:00:00,,0.0
1988-12-16 09:00:00,7.65,
1988-12-17 00:00:00,,0.4
1988-12-17 09:00:00,6.4,
1988-12-18 00:00:00,,0.0
1988-12-18 09:00:00,5.95,
1988-12-19 00:00:00,,0.0
1988-12-19 09:00:00,8.6,
1988-12-20 00:00:00,,1.7
1988-12-20 09:00:00,8.35,
1988-12-21 00:00:00,,0.0
1988-12-21 09:00:00,7.300000000000001,
1988-12-22 00:00:00,,0.0
1988-12-22 09:00:00,10.8,
1988-12-23 00:00:00,,0.2
1988-12-23 09:00:00,10.9,
1988-12-24 00:00:00,,0.0
1988-12-24 09:00:00,11.0,
1988-12-25 00:00:00,,0.0
1988-12-25 09:00:00,11.0,
1988-12-26 00:00:00,,0.0
1988-12-26 09:00:00,11.4,
1988-12-27 00:00:00,,2.0
1988-12-27 09:00:00,10.8,
1988-12-28 00:00:00,,0.0
1988-12-28 09:00:00,10.05,
1988-12-29 00:00:00,,0.0
1988-12-29 09:00:00,9.3,
1988-12-30 00:00:00,,0.1
1988-12-30 09:00:00,8.25,
1988-12-31 00:00:00,,0.0
1988-12-31 09:00:00,8.0,
1989-01-01 00:00:00,,0.0
1989-01-01 09:00:00,8.5,
1989-01-02 00:00:00,,0.0
1989-01-02 09:00:00,7.85,
1989-01-03 00:00:00,,0.0
1989-01-03 09:00:00,6.55,
1989-01-04 00:00:00,,0.1
1989-01-04 09:00:00,7.15,
1989-01-05 00:00:00,,0.0
1989-01-05 09:00:00,6.6,
1989-01-06 00:00:00,,4.8
1989-01-06 09:00:00,7.1,
1989-01-07 00:00:00,,0.0
1989-01-07 09:00:00,9.75,
1989-01-08 00:00:00,,0.0
1989-01-08 09:00:00,10.35,
1989-01-09 00:00:00,,0.2
1989-01-09 09:00:00,9.65,
1989-01-10 00:00:00,,1.4
1989-01-10 09:00:00,8.3,
1989-01-11 00:00:00,,0.0
1989-01-11 09:00:00,4.300000000000001,
1989-01-12 00:00:00,,0.3
1989-01-12 09:00:00,7.4,
1989-01-13 00:00:00,,3.5
1989-01-13 09:00:00,6.1,
1989-01-14 00:00:00,,4.2
1989-01-14 09:00:00,9.55,
1989-01-15 00:00:00,,0.0
1989-01-15 09:00:00,8.45,
1989-01-16 00:00:00,,0.0
1989-01-16 09:00:00,9.1,
1989-01-17 00:00:00,,1.9
1989-01-17 09:00:00,6.6,
1989-01-18 00:00:00,,1.1
1989-01-18 09:00:00,4.75,
1989-01-19 00:00:00,,0.0
1989-01-19 09:00:00,3.8,
1989-01-20 00:00:00,,0.0
1989-01-20 09:00:00,4.5,
1989-01-21 00:00:00,,4.3
1989-01-21 09:00:00,6.1000000000000005,
1989-01-22 00:00:00,,2.1
1989-01-22 09:00:00,6.25,
1989-01-23 00:00:00,,0.0
1989-01-23 09:00:00,5.449999999999999,
1989-01-24 00:00:00,,0.0
1989-01-24 09:00:00,8.0,
1989-01-25 00:00:00,,0.0
1989-01-25 09:00:00,5.25,
1989-01-26 00:00:00,,0.0
1989-01-26 09:00:00,4.15,
1989-01-27 00:00:00,,0.0
1989-01-27 09:00:00,7.899999999999999,
1989-01-28 00:00:00,,0.0
1989-01-28 09:00:00,8.95,
1989-01-29 00:00:00,,5.1
1989-01-29 09:00:00,4.949999999999999,
1989-01-30 00:00:00,,0.0
1989-01-30 09:00:00,4.3,
1989-01-31 00:00:00,,0.0
1989-01-31 09:00:00,5.55,
1989-02-01 00:00:00,,0.0
1989-02-01 09:00:00,5.15,
1989-02-02 00:00:00,,0.0
1989-02-02 09:00:00,2.75,
1989-02-03 00:00:00,,0.0
1989-02-03 09:00:00,3.45,
1989-02-04 00:00:00,,0.0
1989-02-04 09:00:00,6.8,
1989-02-05 00:00:00,,1.8
1989-02-05 09:00:00,10.2,
1989-02-06 00:00:00,,0.0
1989-02-06 09:00:00,10.9,
1989-02-07 00:00:00,,0.0
1989-02-07 09:00:00,11.9,
1989-02-08 00:00:00,,0.0
1989-02-08 09:00:00,8.049999999999999,
1989-02-09 00:00:00,,0.0
1989-02-09 09:00:00,8.4,
1989-02-10 00:00:00,,0.0
1989-02-10 09:00:00,8.5,
1989-02-11 00:00:00,,0.0
1989-02-11 09:00:00,5.15,
1989-02-12 00:00:00,,0.5
1989-02-12 09:00:00,7.8,
1989-02-13 00:00:00,,0.0
1989-02-13 09:00:00,6.800000000000001,
1989-02-14 00:00:00,,2.4
1989-02-14 09:00:00,7.65,
1989-02-15 00:00:00,,0.0
1989-02-15 09:00:00,8.25,
1989-02-16 00:00:00,,1.7
1989-02-16 09:00:00,6.15,
1989-02-17 00:00:00,,5.1
1989-02-17 09:00:00,4.15,
1989-02-18 00:00:00,,5.7
1989-02-18 09:00:00,8.35,
1989-02-19 00:00:00,,0.0
1989-02-19 09:00:00,12.4,
1989-02-20 00:00:00,,0.4
1989-02-20 09:00:00,9.8,
1989-02-21 00:00:00,,0.0
1989-02-21 09:00:00,6.1,
1989-02-22 00:00:00,,0.6
1989-02-22 09:00:00,8.05,
1989-02-23 00:00:00,,1.3
1989-02-23 09:00:00,4.95,
1989-02-24 00:00:00,,0.7
1989-02-24 09:00:00,6.15,
1989-02-25 00:00:00,,2.2
1989-02-25 09:00:00,4.4,
1989-02-26 00:00:00,,11.5
1989-02-26 09:00:00,4.0,
1989-02-27 00:00:00,,6.0
1989-02-27 09:00:00,5.199999999999999,
1989-02-28 00:00:00,,0.8
1989-02-28 09:00:00,5.449999999999999,
1989-03-01 00:00:00,,0.0
1989-03-01 09:00:00,6.800000000000001,
1989-03-02 00:00:00,,0.5
1989-03-02 09:00:00,6.199999999999999,
1989-03-03 00:00:00,,3.8
1989-03-03 09:00:00,9.2,
1989-03-04 00:00:00,,0.3
1989-03-04 09:00:00,7.55,
1989-03-05 00:00:00,,0.6
1989-03-05 09:00:00,10.5,
1989-03-06 00:00:00,,0.0
1989-03-06 09:00:00,13.1,
1989-03-07 00:00:00,,0.8
1989-03-07 09:00:00,13.2,
1989-03-08 00:00:00,,0.0
1989-03-08 09:00:00,6.65,
1989-03-09 00:00:00,,0.3
1989-03-09 09:00:00,8.350000000000001,
1989-03-10 00:00:00,,1.7
1989-03-10 09:00:00,10.3,
1989-03-11 00:00:00,,2.7
1989-03-11 09:00:00,10.0,
1989-03-12 00:00:00,,0.0
1989-03-12 09:00:00,7.75,
1989-03-13 00:00:00,,0.8
1989-03-13 09:00:00,9.15,
1989-03-14 00:00:00,,0.0
1989-03-14 09:00:00,8.4,
1989-03-15 00:00:00,,6.8
1989-03-15 09:00:00,8.85,
1989-03-16 00:00:00,,7.2
1989-03-16 09:00:00,9.35,
1989-03-17 00:00:00,,22.3
1989-03-17 09:00:00,4.65,
1989-03-18 00:00:00,,0.0
1989-03-18 09:00:00,3.3000000000000003,
1989-03-19 00:00:00,,0.4
1989-03-19 09:00:00,8.0,
1989-03-20 00:00:00,,3.7
1989-03-20 09:00:00,9.2,
1989-03-21 00:00:00,,8.9
1989-03-21 09:00:00,6.800000000000001,
1989-03-22 00:00:00,,1.8
1989-03-22 09:00:00,8.9,
1989-03-23 00:00:00,,0.0
1989-03-23 09:00:00,7.55,
1989-03-24 00:00:00,,4.6
1989-03-24 09:00:00,9.05,
1989-03-25 00:00:00,,0.0
1989-03-25 09:00:00,9.75,
1989-03-26 00:00:00,,0.0
1989-03-26 09:00:00,9.55,
1989-03-27 00:00:00,,0.0
1989-03-27 09:00:00,12.8,
1989-03-28 00:00:00,,0.0
1989-03-28 09:00:00,13.85,
1989-03-29 00:00:00,,0.0
1989-03-29 09:00:00,13.7,
1989-03-30 00:00:00,,0.0
1989-03-30 09:00:00,10.85,
1989-03-31 00:00:00,,0.0
1989-03-31 09:00:00,12.5,
1989-04-01 00:00:00,,0.0
1989-04-01 09:00:00,13.7,
1989-04-02 00:00:00,,11.0
1989-04-02 09:00:00,10.5,
1989-04-03 00:00:00,,1.3
1989-04-03 09:00:00,6.9,
1989-04-04 00:00:00,,0.0
1989-04-04 09:00:00,5.25,
1989-04-05 00:00:00,,13.0
1989-04-05 09:00:00,3.95,
1989-04-06 00:00:00,,11.5
1989-04-06 09:00:00,3.1500000000000004,
1989-04-07 00:00:00,,2.1
1989-04-07 09:00:00,6.0,
1989-04-08 00:00:00,,0.8
1989-04-08 09:00:00,6.65,
1989-04-09 00:00:00,,0.0
1989-04-09 09:00:00,7.65,
1989-04-10 00:00:00,,1.3
1989-04-10 09:00:00,11.7,
1989-04-11 00:00:00,,1.3
1989-04-11 09:00:00,11.0,
1989-04-12 00:00:00,,5.9
1989-04-12 09:00:00,9.35,
1989-04-13 00:00:00,,12.9
1989-04-13 09:00:00,10.25,
1989-04-14 00:00:00,,0.0
1989-04-14 09:00:00,10.4,
1989-04-15 00:00:00,,0.0
1989-04-15 09:00:00,8.35,
1989-04-16 00:00:00,,0.0
1989-04-16 09:00:00,11.9,
1989-04-17 00:00:00,,2.5
1989-04-17 09:00:00,9.65,
1989-04-18 00:00:00,,0.0
1989-04-18 09:00:00,6.75,
1989-04-19 00:00:00,,0.0
1989-04-19 09:00:00,8.899999999999999,
1989-04-20 00:00:00,,0.0
1989-04-20 09:00:00,9.55,
1989-04-21 00:00:00,,0.8
1989-04-21 09:00:00,7.0,
1989-04-22 00:00:00,,1.6
1989-04-22 09:00:00,7.85,
1989-04-23 00:00:00,,0.1
1989-04-23 09:00:00,10.55,
1989-04-24 00:00:00,,0.2
1989-04-24 09:00:00,8.6,
1989-04-25 00:00:00,,10.3
1989-04-25 09:00:00,4.45,
1989-04-26 00:00:00,,2.1
1989-04-26 09:00:00,5.7,
1989-04-27 00:00:00,,4.3
1989-04-27 09:00:00,8.55,
1989-04-28 00:00:00,,2.3
1989-04-28 09:00:00,6.550000000000001,
1989-04-29 00:00:00,,0.1
1989-04-29 09:00:00,10.85,
1989-04-30 00:00:00,,0.0
1989-04-30 09:00:00,8.95,
1989-05-01 00:00:00,,0.4
1989-05-01 09:00:00,12.2,
1989-05-02 00:00:00,,0.0
1989-05-02 09:00:00,13.45,
1989-05-03 00:00:00,,0.0
1989-05-03 09:00:00,15.25,
1989-05-04 00:00:00,,0.0
1989-05-04 09:00:00,15.9,
1989-05-05 00:00:00,,0.0
1989-05-05 09:00:00,16.85,
1989-05-06 00:00:00,,0.0
1989-05-06 09:00:00,16.549999999999997,
1989-05-07 00:00:00,,0.0
1989-05-07 09:00:00,12.2,
1989-05-08 00:00:00,,0.0
1989-05-08 09:00:00,13.1,
1989-05-09 00:00:00,,0.0
1989-05-09 09:00:00,15.55,
1989-05-10 00:00:00,,0.0
1989-05-10 09:00:00,14.5,
1989-05-11 00:00:00,,0.0
1989-05-11 09:00:00,14.55,
1989-05-12 00:00:00,,0.3
1989-05-12 09:00:00,12.6,
1989-05-13 00:00:00,,1.3
1989-05-13 09:00:00,11.6,
1989-05-14 00:00:00,,0.0
1989-05-14 09:00:00,12.85,
1989-05-15 00:00:00,,0.0
1989-05-15 09:00:00,12.75,
1989-05-16 00:00:00,,0.0
1989-05-16 09:00:00,15.55,
1989-05-17 00:00:00,,0.0
1989-05-17 09:00:00,15.6,
1989-05-18 00:00:00,,0.0
1989-05-18 09:00:00,17.3,
1989-05-19 00:00:00,,0.0
1989-05-19 09:00:00,19.15,
1989-05-20 00:00:00,,0.0
1989-05-20 09:00:00,18.45,
1989-05-21 00:00:00,,0.0
1989-05-21 09:00:00,19.05,
1989-05-22 00:00:00,,0.0
1989-05-22 09:00:00,20.5,
1989-05-23 00:00:00,,0.0
1989-05-23 09:00:00,20.55,
1989-05-24 00:00:00,,0.0
1989-05-24 09:00:00,22.6,
1989-05-25 00:00:00,,0.3
1989-05-25 09:00:00,21.15,
1989-05-26 00:00:00,,0.0
1989-05-26 09:00:00,15.1,
1989-05-27 00:00:00,,0.0
1989-05-27 09:00:00,14.3,
1989-05-28 00:00:00,,0.0
1989-05-28 09:00:00,13.85,
1989-05-29 00:00:00,,0.0
1989-05-29 09:00:00,16.45,
1989-05-30 00:00:00,,0.0
1989-05-30 09:00:00,16.6,
1989-05-31 00:00:00,,0.0
1989-05-31 09:00:00,11.25,
1989-06-01 00:00:00,,0.0
1989-06-01 09:00:00,12.2,
1989-06-02 00:00:00,,2.9
1989-06-02 09:00:00,9.9,
1989-06-03 00:00:00,,0.2
1989-06-03 09:00:00,11.7,
1989-06-04 00:00:00,,0.0
1989-06-04 09:00:00,10.85,
1989-06-05 00:00:00,,0.0
1989-06-05 09:00:00,10.6,
1989-06-06 00:00:00,,11.4
1989-06-06 09:00:00,13.5,
1989-06-07 00:00:00,,7.8
1989-06-07 09:00:00,10.8,
1989-06-08 00:00:00,,0.0
1989-06-08 09:00:00,12.55,
1989-06-09 00:00:00,,2.2
1989-06-09 09:00:00,13.15,
1989-06-10 00:00:00,,0.2
1989-06-10 09:00:00,15.75,
1989-06-11 00:00:00,,0.0
1989-06-11 09:00:00,17.0,
1989-06-12 00:00:00,,0.0
1989-06-12 09:00:00,19.1,
1989-06-13 00:00:00,,0.0
1989-06-13 09:00:00,21.9,
1989-06-14 00:00:00,,0.0
1989-06-14 09:00:00,20.9,
1989-06-15 00:00:00,,0.0
1989-06-15 09:00:00,21.85,
1989-06-16 00:00:00,,0.0
1989-06-16 09:00:00,19.95,
1989-06-17 00:00:00,,0.0
1989-06-17 09:00:00,19.8,
1989-06-18 00:00:00,,0.0
1989-06-18 09:00:00,19.8,
1989-06-19 00:00:00,,0.0
1989-06-19 09:00:00,19.85,
1989-06-20 00:00:00,,0.0
1989-06-20 09:00:00,21.95,
1989-06-21 00:00:00,,0.0
1989-06-21 09:00:00,22.65,
1989-06-22 00:00:00,,0.0
1989-06-22 09:00:00,18.75,
1989-06-23 00:00:00,,0.0
1989-06-23 09:00:00,15.65,
1989-06-24 00:00:00,,0.0
1989-06-24 09:00:00,19.55,
1989-06-25 00:00:00,,0.0
1989-06-25 09:00:00,19.0,
1989-06-26 00:00:00,,0.0
1989-06-26 09:00:00,20.05,
1989-06-27 00:00:00,,7.3
1989-06-27 09:00:00,18.450000000000003,
1989-06-28 00:00:00,,3.4
1989-06-28 09:00:00,15.25,
1989-06-29 00:00:00,,5.7
1989-06-29 09:00:00,15.3,
1989-06-30 00:00:00,,3.8
1989-06-30 09:00:00,14.55,
1989-07-01 00:00:00,,0.3
1989-07-01 09:00:00,18.0,
1989-07-02 00:00:00,,0.3
1989-07-02 09:00:00,16.6,
1989-07-03 00:00:00,,0.0
1989-07-03 09:00:00,15.95,
1989-07-04 00:00:00,,0.0
1989-07-04 09:00:00,17.7,
1989-07-05 00:00:00,,0.0
1989-07-05 09:00:00,19.8,
1989-07-06 00:00:00,,0.0
1989-07-06 09:00:00,22.6,
1989-07-07 00:00:00,,16.9
1989-07-07 09:00:00,24.35,
1989-07-08 00:00:00,,1.5
1989-07-08 09:00:00,18.8,
1989-07-09 00:00:00,,3.9
1989-07-09 09:00:00,19.55,
1989-07-10 00:00:00,,0.1
1989-07-10 09:00:00,16.35,
1989-07-11 00:00:00,,0.0
1989-07-11 09:00:00,20.15,
1989-07-12 00:00:00,,0.0
1989-07-12 09:00:00,20.25,
1989-07-13 00:00:00,,0.0
1989-07-13 09:00:00,18.2,
1989-07-14 00:00:00,,0.0
1989-07-14 09:00:00,18.75,
1989-07-15 00:00:00,,0.0
1989-07-15 09:00:00,17.6,
1989-07-16 00:00:00,,0.0
1989-07-16 09:00:00,22.05,
1989-07-17 00:00:00,,0.0
1989-07-17 09:00:00,18.65,
1989-07-18 00:00:00,,0.0
1989-07-18 09:00:00,21.8,
1989-07-19 00:00:00,,0.0
1989-07-19 09:00:00,18.55,
1989-07-20 00:00:00,,0.0
1989-07-20 09:00:00,20.55,
1989-07-21 00:00:00,,0.0
1989-07-21 09:00:00,23.1,
1989-07-22 00:00:00,,0.0
1989-07-22 09:00:00,25.200000000000003,
1989-07-23 00:00:00,,0.6
1989-07-23 09:00:00,26.65,
1989-07-24 00:00:00,,0.0
1989-07-24 09:00:00,25.85,
1989-07-25 00:00:00,,0.0
1989-07-25 09:00:00,22.9,
1989-07-26 00:00:00,,0.0
1989-07-26 09:00:00,23.8,
1989-07-27 00:00:00,,0.0
1989-07-27 09:00:00,20.9,
1989-07-28 00:00:00,,0.0
1989-07-28 09:00:00,20.35,
1989-07-29 00:00:00,,0.0
1989-07-29 09:00:00,20.45,
1989-07-30 00:00:00,,5.3
1989-07-30 09:00:00,21.7,
1989-07-31 00:00:00,,4.7
1989-07-31 09:00:00,15.9,
1989-08-01 00:00:00,,0.0
1989-08-01 09:00:00,15.6,
1989-08-02 00:00:00,,0.0
1989-08-02 09:00:00,17.15,
1989-08-03 00:00:00,,0.0
1989-08-03 09:00:00,18.4,
1989-08-04 00:00:00,,0.0
1989-08-04 09:00:00,19.25,
1989-08-05 00:00:00,,0.0
1989-08-05 09:00:00,19.3,
1989-08-06 00:00:00,,0.0
1989-08-06 09:00:00,20.5,
1989-08-07 00:00:00,,0.0
1989-08-07 09:00:00,21.85,
1989-08-08 00:00:00,,0.0
1989-08-08 09:00:00,21.55,
1989-08-09 00:00:00,,0.0
1989-08-09 09:00:00,21.55,
1989-08-10 00:00:00,,13.4
1989-08-10 09:00:00,21.65,
1989-08-11 00:00:00,,11.9
1989-08-11 09:00:00,17.5,
1989-08-12 00:00:00,,0.1
1989-08-12 09:00:00,20.1,
1989-08-13 00:00:00,,0.0
1989-08-13 09:00:00,18.5,
1989-08-14 00:00:00,,6.7
1989-08-14 09:00:00,18.55,
1989-08-15 00:00:00,,5.1
1989-08-15 09:00:00,19.9,
1989-08-16 00:00:00,,1.6
1989-08-16 09:00:00,20.15,
1989-08-17 00:00:00,,0.0
1989-08-17 09:00:00,18.25,
1989-08-18 00:00:00,,0.2
1989-08-18 09:00:00,16.6,
1989-08-19 00:00:00,,0.0
1989-08-19 09:00:00,17.35,
1989-08-20 00:00:00,,0.0
1989-08-20 09:00:00,20.0,
1989-08-21 00:00:00,,0.0
1989-08-21 09:00:00,22.65,
1989-08-22 00:00:00,,0.0
1989-08-22 09:00:00,19.15,
1989-08-23 00:00:00,,0.0
1989-08-23 09:00:00,18.15,
1989-08-24 00:00:00,,0.0
1989-08-24 09:00:00,18.85,
1989-08-25 00:00:00,,0.0
1989-08-25 09:00:00,21.4,
1989-08-26 00:00:00,,5.5
1989-08-26 09:00:00,17.7,
1989-08-27 00:00:00,,8.3
1989-08-27 09:00:00,18.65,
1989-08-28 00:00:00,,0.0
1989-08-28 09:00:00,14.9,
1989-08-29 00:00:00,,0.0
1989-08-29 09:00:00,15.25,
1989-08-30 00:00:00,,0.0
1989-08-30 09:00:00,17.0,
1989-08-31 00:00:00,,0.5
1989-08-31 09:00:00,19.65,
1989-09-01 00:00:00,,0.0
1989-09-01 09:00:00,15.5,
1989-09-02 00:00:00,,0.0
1989-09-02 09:00:00,16.45,
1989-09-03 00:00:00,,0.0
1989-09-03 09:00:00,14.15,
1989-09-04 00:00:00,,0.0
1989-09-04 09:00:00,15.35,
1989-09-05 00:00:00,,0.0
1989-09-05 09:00:00,16.95,
1989-09-06 00:00:00,,0.0
1989-09-06 09:00:00,17.05,
1989-09-07 00:00:00,,0.0
1989-09-07 09:00:00,19.15,
1989-09-08 00:00:00,,0.0
1989-09-08 09:00:00,19.0,
1989-09-09 00:00:00,,0.7
1989-09-09 09:00:00,19.2,
1989-09-10 00:00:00,,0.3
1989-09-10 09:00:00,15.85,
1989-09-11 00:00:00,,0.0
1989-09-11 09:00:00,18.4,
1989-09-12 00:00:00,,0.0
1989-09-12 09:00:00,17.5,
1989-09-13 00:00:00,,2.8
1989-09-13 09:00:00,18.3,
1989-09-14 00:00:00,,0.0
1989-09-14 09:00:00,14.9,
1989-09-15 00:00:00,,3.2
1989-09-15 09:00:00,14.45,
1989-09-16 00:00:00,,1.6
1989-09-16 09:00:00,18.4,
1989-09-17 00:00:00,,0.2
1989-09-17 09:00:00,19.9,
1989-09-18 00:00:00,,0.0
1989-09-18 09:00:00,17.9,
1989-09-19 00:00:00,,0.0
1989-09-19 09:00:00,19.65,
1989-09-20 00:00:00,,0.0
1989-09-20 09:00:00,16.8,
1989-09-21 00:00:00,,0.0
1989-09-21 09:00:00,17.7,
1989-09-22 00:00:00,,1.1
1989-09-22 09:00:00,21.5,
1989-09-23 00:00:00,,0.0
1989-09-23 09:00:00,15.25,
1989-09-24 00:00:00,,0.0
1989-09-24 09:00:00,16.95,
1989-09-25 00:00:00,,0.0
1989-09-25 09:00:00,16.15,
1989-09-26 00:00:00,,0.0
1989-09-26 09:00:00,17.15,
1989-09-27 00:00:00,,0.1
1989-09-27 09:00:00,16.65,
1989-09-28 00:00:00,,0.2
1989-09-28 09:00:00,15.25,
1989-09-29 00:00:00,,0.0
1989-09-29 09:00:00,13.55,
1989-09-30 00:00:00,,0.0
1989-09-30 09:00:00,15.05,
1989-10-01 00:00:00,,0.0
1989-10-01 09:00:00,14.55,
1989-10-02 00:00:00,,0.0
1989-10-02 09:00:00,13.65,
1989-10-03 00:00:00,,0.0
1989-10-03 09:00:00,12.05,
1989-10-04 00:00:00,,0.0
1989-10-04 09:00:00,14.0,
1989-10-05 00:00:00,,0.0
1989-10-05 09:00:00,13.6,
1989-10-06 00:00:00,,3.6
1989-10-06 09:00:00,13.65,
1989-10-07 00:00:00,,0.2
1989-10-07 09:00:00,13.3,
1989-10-08 00:00:00,,2.6
1989-10-08 09:00:00,11.5,
1989-10-09 00:00:00,,0.4
1989-10-09 09:00:00,11.8,
1989-10-10 00:00:00,,0.0
1989-10-10 09:00:00,13.0,
1989-10-11 00:00:00,,0.2
1989-10-11 09:00:00,13.25,
1989-10-12 00:00:00,,0.5
1989-10-12 09:00:00,14.1,
1989-10-13 00:00:00,,0.0
1989-10-13 09:00:00,16.0,
1989-10-14 00:00:00,,0.0
1989-10-14 09:00:00,12.1,
1989-10-15 00:00:00,,0.0
1989-10-15 09:00:00,10.3,
1989-10-16 00:00:00,,0.0
1989-10-16 09:00:00,13.0,
1989-10-17 00:00:00,,0.0
1989-10-17 09:00:00,12.4,
1989-10-18 00:00:00,,0.0
1989-10-18 09:00:00,14.7,
1989-10-19 00:00:00,,0.0
1989-10-19 09:00:00,16.0,
1989-10-20 00:00:00,,11.1
1989-10-20 09:00:00,14.8,
1989-10-21 00:00:00,,9.2
1989-10-21 09:00:00,15.35,
1989-10-22 00:00:00,,0.8
1989-10-22 09:00:00,15.7,
1989-10-23 00:00:00,,0.7
1989-10-23 09:00:00,16.05,
1989-10-24 00:00:00,,0.5
1989-10-24 09:00:00,12.2,
1989-10-25 00:00:00,,0.0
1989-10-25 09:00:00,12.85,
1989-10-26 00:00:00,,0.2
1989-10-26 09:00:00,14.55,
1989-10-27 00:00:00,,3.8
1989-10-27 09:00:00,13.35,
1989-10-28 00:00:00,,1.9
1989-10-28 09:00:00,16.1,
1989-10-29 00:00:00,,0.3
1989-10-29 09:00:00,12.85,
1989-10-30 00:00:00,,3.5
1989-10-30 09:00:00,13.25,
1989-10-31 00:00:00,,5.5
1989-10-31 09:00:00,13.2,
1989-11-01 00:00:00,,0.0
1989-11-01 09:00:00,12.8,
1989-11-02 00:00:00,,0.0
1989-11-02 09:00:00,12.35,
1989-11-03 00:00:00,,9.1
1989-11-03 09:00:00,10.45,
1989-11-04 00:00:00,,1.0
1989-11-04 09:00:00,10.05,
1989-11-05 00:00:00,,0.3
1989-11-05 09:00:00,7.449999999999999,
1989-11-06 00:00:00,,0.1
1989-11-06 09:00:00,5.95,
1989-11-07 00:00:00,,0.0
1989-11-07 09:00:00,7.300000000000001,
1989-11-08 00:00:00,,2.3
1989-11-08 09:00:00,10.7,
1989-11-09 00:00:00,,2.1
1989-11-09 09:00:00,9.6,
1989-11-10 00:00:00,,5.3
1989-11-10 09:00:00,9.15,
1989-11-11 00:00:00,,1.9
1989-11-11 09:00:00,12.9,
1989-11-12 00:00:00,,0.0
1989-11-12 09:00:00,12.35,
1989-11-13 00:00:00,,0.0
1989-11-13 09:00:00,11.2,
1989-11-14 00:00:00,,0.0
1989-11-14 09:00:00,8.85,
1989-11-15 00:00:00,,0.0
1989-11-15 09:00:00,8.75,
1989-11-16 00:00:00,,0.0
1989-11-16 09:00:00,9.4,
1989-11-17 00:00:00,,0.0
1989-11-17 09:00:00,7.55,
1989-11-18 00:00:00,,0.0
1989-11-18 09:00:00,7.75,
1989-11-19 00:00:00,,0.0
1989-11-19 09:00:00,9.65,
1989-11-20 00:00:00,,0.0
1989-11-20 09:00:00,10.2,
1989-11-21 00:00:00,,0.0
1989-11-21 09:00:00,9.25,
1989-11-22 00:00:00,,0.0
1989-11-22 09:00:00,8.65,
1989-11-23 00:00:00,,0.0
1989-11-23 09:00:00,6.5,
1989-11-24 00:00:00,,0.0
1989-11-24 09:00:00,3.0500000000000003,
1989-11-25 00:00:00,,0.0
1989-11-25 09:00:00,2.55,
1989-11-26 00:00:00,,0.0
1989-11-26 09:00:00,2.0,
1989-11-27 00:00:00,,0.0
1989-11-27 09:00:00,1.6,
1989-11-28 00:00:00,,0.0
1989-11-28 09:00:00,2.7,
1989-11-29 00:00:00,,0.0
1989-11-29 09:00:00,5.0,
1989-11-30 00:00:00,,0.0
1989-11-30 09:00:00,4.55,
1989-12-01 00:00:00,,0.0
1989-12-01 09:00:00,3.7,
1989-12-02 00:00:00,,0.0
1989-12-02 09:00:00,2.95,
1989-12-03 00:00:00,,0.0
1989-12-03 09:00:00,4.1,
1989-12-04 00:00:00,,0.0
1989-12-04 09:00:00,3.6,
1989-12-05 00:00:00,,0.0
1989-12-05 09:00:00,6.3,
1989-12-06 00:00:00,,0.0
1989-12-06 09:00:00,8.100000000000001,
1989-12-07 00:00:00,,0.0
1989-12-07 09:00:00,7.899999999999999,
1989-12-08 00:00:00,,0.0
1989-12-08 09:00:00,7.25,
1989-12-09 00:00:00,,0.1
1989-12-09 09:00:00,4.6000000000000005,
1989-12-10 00:00:00,,0.0
1989-12-10 09:00:00,4.65,
1989-12-11 00:00:00,,0.0
1989-12-11 09:00:00,5.1,
1989-12-12 00:00:00,,4.8
1989-12-12 09:00:00,5.3,
1989-12-13 00:00:00,,7.4
1989-12-13 09:00:00,6.85,
1989-12-14 00:00:00,,25.5
1989-12-14 09:00:00,9.1,
1989-12-15 00:00:00,,3.0
1989-12-15 09:00:00,10.35,
1989-12-16 00:00:00,,18.8
1989-12-16 09:00:00,10.25,
1989-12-17 00:00:00,,4.6
1989-12-17 09:00:00,12.25,
1989-12-18 00:00:00,,2.6
1989-12-18 09:00:00,10.05,
1989-12-19 00:00:00,,7.3
1989-12-19 09:00:00,7.75,
1989-12-20 00:00:00,,7.7
1989-12-20 09:00:00,8.65,
1989-12-21 00:00:00,,23.2
1989-12-21 09:00:00,10.7,
1989-12-22 00:00:00,,0.0
1989-12-22 09:00:00,11.55,
1989-12-23 00:00:00,,0.3
1989-12-23 09:00:00,6.800000000000001,
1989-12-24 00:00:00,,6.5
1989-12-24 09:00:00,8.75,
1989-12-25 00:00:00,,2.7
1989-12-25 09:00:00,11.0,
1989-12-26 00:00:00,,0.4
1989-12-26 09:00:00,8.4,
1989-12-27 00:00:00,,0.0
1989-12-27 09:00:00,8.149999999999999,
1989-12-28 00:00:00,,0.0
1989-12-28 09:00:00,8.3,
1989-12-29 00:00:00,,0.0
1989-12-29 09:00:00,6.5,
1989-12-30 00:00:00,,0.0
1989-12-30 09:00:00,5.05,
1989-12-31 00:00:00,,0.0
1989-12-31 09:00:00,4.1,
1990-01-01 00:00:00,,0.0
1990-01-01 09:00:00,3.9,
1990-01-02 00:00:00,,1.7
1990-01-02 09:00:00,3.95,
1990-01-03 00:00:00,,0.0
1990-01-03 09:00:00,6.25,
1990-01-04 00:00:00,,0.0
1990-01-04 09:00:00,4.7,
1990-01-05 00:00:00,,0.0
1990-01-05 09:00:00,6.0,
1990-01-06 00:00:00,,0.8
1990-01-06 09:00:00,8.8,
1990-01-07 00:00:00,,9.8
1990-01-07 09:00:00,8.3,
1990-01-08 00:00:00,,1.4
1990-01-08 09:00:00,7.5,
1990-01-09 00:00:00,,0.0
1990-01-09 09:00:00,7.3,
1990-01-10 00:00:00,,0.0
1990-01-10 09:00:00,9.95,
1990-01-11 00:00:00,,0.0
1990-01-11 09:00:00,10.65,
1990-01-12 00:00:00,,0.0
1990-01-12 09:00:00,9.35,
1990-01-13 00:00:00,,3.7
1990-01-13 09:00:00,6.050000000000001,
1990-01-14 00:00:00,,0.0
1990-01-14 09:00:00,5.1,
1990-01-15 00:00:00,,0.7
1990-01-15 09:00:00,8.25,
1990-01-16 00:00:00,,0.0
1990-01-16 09:00:00,11.9,
1990-01-17 00:00:00,,1.0
1990-01-17 09:00:00,9.95,
1990-01-18 00:00:00,,0.0
1990-01-18 09:00:00,5.75,
1990-01-19 00:00:00,,0.0
1990-01-19 09:00:00,6.050000000000001,
1990-01-20 00:00:00,,0.2
1990-01-20 09:00:00,7.95,
1990-01-21 00:00:00,,0.0
1990-01-21 09:00:00,9.25,
1990-01-22 00:00:00,,1.8
1990-01-22 09:00:00,11.35,
1990-01-23 00:00:00,,3.4
1990-01-23 09:00:00,10.95,
1990-01-24 00:00:00,,3.8
1990-01-24 09:00:00,7.5,
1990-01-25 00:00:00,,3.0
1990-01-25 09:00:00,9.05,
1990-01-26 00:00:00,,3.1
1990-01-26 09:00:00,7.7,
1990-01-27 00:00:00,,0.0
1990-01-27 09:00:00,5.1,
1990-01-28 00:00:00,,5.2
1990-01-28 09:00:00,6.95,
1990-01-29 00:00:00,,1.2
1990-01-29 09:00:00,6.4,
1990-01-30 00:00:00,,6.5
1990-01-30 09:00:00,8.45,
1990-01-31 00:00:00,,14.2
1990-01-31 09:00:00,9.45,
1990-02-01 00:00:00,,6.5
1990-02-01 09:00:00,8.25,
1990-02-02 00:00:00,,10.6
1990-02-02 09:00:00,7.85,
1990-02-03 00:00:00,,7.0
1990-02-03 09:00:00,7.899999999999999,
1990-02-04 00:00:00,,18.9
1990-02-04 09:00:00,6.1,
1990-02-05 00:00:00,,0.0
1990-02-05 09:00:00,10.35,
1990-02-06 00:00:00,,0.0
1990-02-06 09:00:00,11.05,
1990-02-07 00:00:00,,5.7
1990-02-07 09:00:00,11.35,
1990-02-08 00:00:00,,7.1
1990-02-08 09:00:00,11.1,
1990-02-09 00:00:00,,0.0
1990-02-09 09:00:00,7.8,
1990-02-10 00:00:00,,0.0
1990-02-10 09:00:00,9.4,
1990-02-11 00:00:00,,3.7
1990-02-11 09:00:00,7.6,
1990-02-12 00:00:00,,5.4
1990-02-12 09:00:00,6.45,
1990-02-13 00:00:00,,0.0
1990-02-13 09:00:00,6.0,
1990-02-14 00:00:00,,5.5
1990-02-14 09:00:00,8.05,
1990-02-15 00:00:00,,6.3
1990-02-15 09:00:00,5.9,
1990-02-16 00:00:00,,0.0
1990-02-16 09:00:00,4.15,
1990-02-17 00:00:00,,0.0
1990-02-17 09:00:00,8.2,
1990-02-18 00:00:00,,2.3
1990-02-18 09:00:00,9.55,
1990-02-19 00:00:00,,0.0
1990-02-19 09:00:00,9.4,
1990-02-20 00:00:00,,0.3
1990-02-20 09:00:00,12.0,
1990-02-21 00:00:00,,3.5
1990-02-21 09:00:00,11.15,
1990-02-22 00:00:00,,0.0
1990-02-22 09:00:00,10.3,
1990-02-23 00:00:00,,0.0
1990-02-23 09:00:00,11.75,
1990-02-24 00:00:00,,0.0
1990-02-24 09:00:00,14.95,
1990-02-25 00:00:00,,0.4
1990-02-25 09:00:00,10.35,
1990-02-26 00:00:00,,7.3
1990-02-26 09:00:00,10.25,
1990-02-27 00:00:00,,2.1
1990-02-27 09:00:00,7.75,
1990-02-28 00:00:00,,0.5
1990-02-28 09:00:00,6.95,
1990-03-01 00:00:00,,3.1
1990-03-01 09:00:00,7.399999999999999,
1990-03-02 00:00:00,,0.2
1990-03-02 09:00:00,4.699999999999999,
1990-03-03 00:00:00,,0.0
1990-03-03 09:00:00,5.05,
1990-03-04 00:00:00,,0.0
1990-03-04 09:00:00,8.3,
1990-03-05 00:00:00,,0.0
1990-03-05 09:00:00,9.25,
1990-03-06 00:00:00,,0.0
1990-03-06 09:00:00,9.5,
1990-03-07 00:00:00,,0.0
1990-03-07 09:00:00,10.95,
1990-03-08 00:00:00,,0.0
1990-03-08 09:00:00,8.5,
1990-03-09 00:00:00,,0.0
1990-03-09 09:00:00,11.45,
1990-03-10 00:00:00,,0.0
1990-03-10 09:00:00,10.6,
1990-03-11 00:00:00,,0.0
1990-03-11 09:00:00,12.75,
1990-03-12 00:00:00,,0.0
1990-03-12 09:00:00,9.8,
1990-03-13 00:00:00,,0.0
1990-03-13 09:00:00,10.75,
1990-03-14 00:00:00,,0.7
1990-03-14 09:00:00,8.05,
1990-03-15 00:00:00,,0.0
1990-03-15 09:00:00,10.6,
1990-03-16 00:00:00,,0.0
1990-03-16 09:00:00,9.45,
1990-03-17 00:00:00,,0.0
1990-03-17 09:00:00,12.55,
1990-03-18 00:00:00,,0.0
1990-03-18 09:00:00,16.8,
1990-03-19 00:00:00,,0.0
1990-03-19 09:00:00,16.9,
1990-03-20 00:00:00,,3.1
1990-03-20 09:00:00,10.1,
1990-03-21 00:00:00,,0.0
1990-03-21 09:00:00,12.75,
1990-03-22 00:00:00,,0.1
1990-03-22 09:00:00,11.95,
1990-03-23 00:00:00,,0.0
1990-03-23 09:00:00,10.45,
1990-03-24 00:00:00,,0.0
1990-03-24 09:00:00,10.9,
1990-03-25 00:00:00,,0.6
1990-03-25 09:00:00,8.399999999999999,
1990-03-26 00:00:00,,0.0
1990-03-26 09:00:00,7.55,
1990-03-27 00:00:00,,0.0
1990-03-27 09:00:00,6.15,
1990-03-28 00:00:00,,0.0
1990-03-28 09:00:00,6.7,
1990-03-29 00:00:00,,0.0
1990-03-29 09:00:00,7.399999999999999,
1990-03-30 00:00:00,,0.0
1990-03-30 09:00:00,9.8,
1990-03-31 00:00:00,,0.0
1990-03-31 09:00:00,12.4,
1990-04-01 00:00:00,,0.0
1990-04-01 09:00:00,12.2,
1990-04-02 00:00:00,,0.0
1990-04-02 09:00:00,15.9,
1990-04-03 00:00:00,,8.0
1990-04-03 09:00:00,9.8,
1990-04-04 00:00:00,,0.4
1990-04-04 09:00:00,4.25,
1990-04-05 00:00:00,,0.0
1990-04-05 09:00:00,3.85,
1990-04-06 00:00:00,,0.0
1990-04-06 09:00:00,6.3,
1990-04-07 00:00:00,,0.0
1990-04-07 09:00:00,7.5,
1990-04-08 00:00:00,,0.0
1990-04-08 09:00:00,8.25,
1990-04-09 00:00:00,,0.0
1990-04-09 09:00:00,6.35,
1990-04-10 00:00:00,,0.0
1990-04-10 09:00:00,8.899999999999999,
1990-04-11 00:00:00,,0.0
1990-04-11 09:00:00,11.0,
1990-04-12 00:00:00,,0.0
1990-04-12 09:00:00,12.95,
1990-04-13 00:00:00,,1.2
1990-04-13 09:00:00,12.45,
1990-04-14 00:00:00,,8.4
1990-04-14 09:00:00,5.85,
1990-04-15 00:00:00,,0.4
1990-04-15 09:00:00,7.949999999999999,
1990-04-16 00:00:00,,0.4
1990-04-16 09:00:00,8.55,
1990-04-17 00:00:00,,1.5
1990-04-17 09:00:00,7.5,
1990-04-18 00:00:00,,1.8
1990-04-18 09:00:00,7.15,
1990-04-19 00:00:00,,4.5
1990-04-19 09:00:00,8.95,
1990-04-20 00:00:00,,10.5
1990-04-20 09:00:00,8.55,
1990-04-21 00:00:00,,2.2
1990-04-21 09:00:00,10.7,
1990-04-22 00:00:00,,4.5
1990-04-22 09:00:00,13.3,
1990-04-23 00:00:00,,0.0
1990-04-23 09:00:00,12.85,
1990-04-24 00:00:00,,0.6
1990-04-24 09:00:00,12.3,
1990-04-25 00:00:00,,0.0
1990-04-25 09:00:00,13.2,
1990-04-26 00:00:00,,0.0
1990-04-26 09:00:00,14.55,
1990-04-27 00:00:00,,1.0
1990-04-27 09:00:00,9.8,
1990-04-28 00:00:00,,0.0
1990-04-28 09:00:00,9.4,
1990-04-29 00:00:00,,0.0
1990-04-29 09:00:00,12.1,
1990-04-30 00:00:00,,0.0
1990-04-30 09:00:00,16.7,
1990-05-01 00:00:00,,0.0
1990-05-01 09:00:00,16.85,
1990-05-02 00:00:00,,0.0
1990-05-02 09:00:00,16.6,
1990-05-03 00:00:00,,0.0
1990-05-03 09:00:00,18.95,
1990-05-04 00:00:00,,0.0
1990-05-04 09:00:00,19.65,
1990-05-05 00:00:00,,0.0
1990-05-05 09:00:00,18.85,
1990-05-06 00:00:00,,0.0
1990-05-06 09:00:00,19.7,
1990-05-07 00:00:00,,0.0
1990-05-07 09:00:00,17.9,
1990-05-08 00:00:00,,0.0
1990-05-08 09:00:00,13.3,
1990-05-09 00:00:00,,0.0
1990-05-09 09:00:00,15.55,
1990-05-10 00:00:00,,1.0
1990-05-10 09:00:00,12.1,
1990-05-11 00:00:00,,5.0
1990-05-11 09:00:00,10.45,
1990-05-12 00:00:00,,0.3
1990-05-12 09:00:00,11.4,
1990-05-13 00:00:00,,0.0
1990-05-13 09:00:00,12.05,
1990-05-14 00:00:00,,0.0
1990-05-14 09:00:00,12.55,
1990-05-15 00:00:00,,0.0
1990-05-15 09:00:00,15.4,
1990-05-16 00:00:00,,0.0
1990-05-16 09:00:00,16.15,
1990-05-17 00:00:00,,0.0
1990-05-17 09:00:00,14.6,
1990-05-18 00:00:00,,0.0
1990-05-18 09:00:00,15.75,
1990-05-19 00:00:00,,0.0
1990-05-19 09:00:00,11.05,
1990-05-20 00:00:00,,0.0
1990-05-20 09:00:00,12.25,
1990-05-21 00:00:00,,0.0
1990-05-21 09:00:00,14.7,
1990-05-22 00:00:00,,0.0
1990-05-22 09:00:00,14.65,
1990-05-23 00:00:00,,0.0
1990-05-23 09:00:00,12.75,
1990-05-24 00:00:00,,0.0
1990-05-24 09:00:00,16.9,
1990-05-25 00:00:00,,0.0
1990-05-25 09:00:00,13.05,
1990-05-26 00:00:00,,0.0
1990-05-26 09:00:00,12.1,
1990-05-27 00:00:00,,0.0
1990-05-27 09:00:00,12.45,
1990-05-28 00:00:00,,0.0
1990-05-28 09:00:00,15.6,
1990-05-29 00:00:00,,0.0
1990-05-29 09:00:00,16.95,
1990-05-30 00:00:00,,0.0
1990-05-30 09:00:00,17.05,
1990-05-31 00:00:00,,0.6
1990-05-31 09:00:00,16.15,
1990-06-01 00:00:00,,0.0
1990-06-01 09:00:00,19.0,
1990-06-02 00:00:00,,2.2
1990-06-02 09:00:00,17.75,
1990-06-03 00:00:00,,0.0
1990-06-03 09:00:00,15.0,
1990-06-04 00:00:00,,1.6
1990-06-04 09:00:00,13.2,
1990-06-05 00:00:00,,0.0
1990-06-05 09:00:00,13.85,
1990-06-06 00:00:00,,4.3
1990-06-06 09:00:00,13.45,
1990-06-07 00:00:00,,0.0
1990-06-07 09:00:00,11.95,
1990-06-08 00:00:00,,2.6
1990-06-08 09:00:00,12.5,
1990-06-09 00:00:00,,1.9
1990-06-09 09:00:00,12.25,
1990-06-10 00:00:00,,1.1
1990-06-10 09:00:00,15.2,
1990-06-11 00:00:00,,0.0
1990-06-11 09:00:00,15.7,
1990-06-12 00:00:00,,0.0
1990-06-12 09:00:00,12.1,
1990-06-13 00:00:00,,0.0
1990-06-13 09:00:00,12.75,
1990-06-14 00:00:00,,0.0
1990-06-14 09:00:00,13.0,
1990-06-15 00:00:00,,0.0
1990-06-15 09:00:00,14.0,
1990-06-16 00:00:00,,0.0
1990-06-16 09:00:00,15.1,
1990-06-17 00:00:00,,0.0
1990-06-17 09:00:00,16.299999999999997,
1990-06-18 00:00:00,,0.0
1990-06-18 09:00:00,18.05,
1990-06-19 00:00:00,,1.6
1990-06-19 09:00:00,16.85,
1990-06-20 00:00:00,,0.0
1990-06-20 09:00:00,16.75,
1990-06-21 00:00:00,,2.1
1990-06-21 09:00:00,16.05,
1990-06-22 00:00:00,,11.2
1990-06-22 09:00:00,13.65,
1990-06-23 00:00:00,,1.4
1990-06-23 09:00:00,16.05,
1990-06-24 00:00:00,,2.8
1990-06-24 09:00:00,14.5,
1990-06-25 00:00:00,,0.0
1990-06-25 09:00:00,17.1,
1990-06-26 00:00:00,,0.0
1990-06-26 09:00:00,19.15,
1990-06-27 00:00:00,,0.0
1990-06-27 09:00:00,20.55,
1990-06-28 00:00:00,,0.0
1990-06-28 09:00:00,18.4,
1990-06-29 00:00:00,,0.0
1990-06-29 09:00:00,15.45,
1990-06-30 00:00:00,,0.0
1990-06-30 09:00:00,19.8,
1990-07-01 00:00:00,,2.0
1990-07-01 09:00:00,17.450000000000003,
1990-07-02 00:00:00,,0.3
1990-07-02 09:00:00,14.1,
1990-07-03 00:00:00,,0.0
1990-07-03 09:00:00,14.8,
1990-07-04 00:00:00,,1.2
1990-07-04 09:00:00,16.05,
1990-07-05 00:00:00,,2.8
1990-07-05 09:00:00,14.85,
1990-07-06 00:00:00,,1.2
1990-07-06 09:00:00,14.25,
1990-07-07 00:00:00,,3.7
1990-07-07 09:00:00,16.25,
1990-07-08 00:00:00,,0.0
1990-07-08 09:00:00,19.75,
1990-07-09 00:00:00,,0.0
1990-07-09 09:00:00,19.4,
1990-07-10 00:00:00,,0.0
1990-07-10 09:00:00,15.85,
1990-07-11 00:00:00,,0.0
1990-07-11 09:00:00,15.3,
1990-07-12 00:00:00,,0.0
1990-07-12 09:00:00,21.8,
1990-07-13 00:00:00,,0.0
1990-07-13 09:00:00,21.0,
1990-07-14 00:00:00,,0.0
1990-07-14 09:00:00,20.25,
1990-07-15 00:00:00,,0.0
1990-07-15 09:00:00,18.25,
1990-07-16 00:00:00,,0.0
1990-07-16 09:00:00,21.4,
1990-07-17 00:00:00,,0.0
1990-07-17 09:00:00,20.4,
1990-07-18 00:00:00,,0.0
1990-07-18 09:00:00,19.4,
1990-07-19 00:00:00,,0.0
1990-07-19 09:00:00,20.3,
1990-07-20 00:00:00,,0.0
1990-07-20 09:00:00,22.25,
1990-07-21 00:00:00,,0.0
1990-07-21 09:00:00,24.0,
1990-07-22 00:00:00,,0.0
1990-07-22 09:00:00,22.85,
1990-07-23 00:00:00,,0.0
1990-07-23 09:00:00,18.15,
1990-07-24 00:00:00,,0.0
1990-07-24 09:00:00,17.95,
1990-07-25 00:00:00,,0.0
1990-07-25 09:00:00,17.6,
1990-07-26 00:00:00,,0.0
1990-07-26 09:00:00,18.6,
1990-07-27 00:00:00,,0.0
1990-07-27 09:00:00,19.9,
1990-07-28 00:00:00,,0.0
1990-07-28 09:00:00,20.0,
1990-07-29 00:00:00,,1.1
1990-07-29 09:00:00,18.8,
1990-07-30 00:00:00,,0.0
1990-07-30 09:00:00,21.4,
1990-07-31 00:00:00,,0.0
1990-07-31 09:00:00,20.700000000000003,
1990-08-01 00:00:00,,0.0
1990-08-01 09:00:00,21.9,
1990-08-02 00:00:00,,0.0
1990-08-02 09:00:00,25.55,
1990-08-03 00:00:00,,0.0
1990-08-03 09:00:00,25.9,
1990-08-04 00:00:00,,0.0
1990-08-04 09:00:00,27.5,
1990-08-05 00:00:00,,0.0
1990-08-05 09:00:00,25.4,
1990-08-06 00:00:00,,0.0
1990-08-06 09:00:00,19.0,
1990-08-07 00:00:00,,0.0
1990-08-07 09:00:00,17.15,
1990-08-08 00:00:00,,0.0
1990-08-08 09:00:00,16.65,
1990-08-09 00:00:00,,0.0
1990-08-09 09:00:00,20.4,
1990-08-10 00:00:00,,0.0
1990-08-10 09:00:00,21.8,
1990-08-11 00:00:00,,0.0
1990-08-11 09:00:00,21.55,
1990-08-12 00:00:00,,0.0
1990-08-12 09:00:00,21.95,
1990-08-13 00:00:00,,0.0
1990-08-13 09:00:00,22.5,
1990-08-14 00:00:00,,0.0
1990-08-14 09:00:00,21.15,
1990-08-15 00:00:00,,0.0
1990-08-15 09:00:00,19.65,
1990-08-16 00:00:00,,4.1
1990-08-16 09:00:00,18.0,
1990-08-17 00:00:00,,0.0
1990-08-17 09:00:00,16.75,
1990-08-18 00:00:00,,6.7
1990-08-18 09:00:00,17.549999999999997,
1990-08-19 00:00:00,,6.5
1990-08-19 09:00:00,16.95,
1990-08-20 00:00:00,,7.7
1990-08-20 09:00:00,17.8,
1990-08-21 00:00:00,,0.0
1990-08-21 09:00:00,18.05,
1990-08-22 00:00:00,,0.0
1990-08-22 09:00:00,18.55,
1990-08-23 00:00:00,,0.0
1990-08-23 09:00:00,22.6,
1990-08-24 00:00:00,,0.0
1990-08-24 09:00:00,22.75,
1990-08-25 00:00:00,,0.0
1990-08-25 09:00:00,22.9,
1990-08-26 00:00:00,,0.0
1990-08-26 09:00:00,23.0,
1990-08-27 00:00:00,,0.3
1990-08-27 09:00:00,21.0,
1990-08-28 00:00:00,,0.0
1990-08-28 09:00:00,20.3,
1990-08-29 00:00:00,,0.0
1990-08-29 09:00:00,22.15,
1990-08-30 00:00:00,,4.8
1990-08-30 09:00:00,21.3,
1990-08-31 00:00:00,,0.0
1990-08-31 09:00:00,16.2,
1990-09-01 00:00:00,,0.0
1990-09-01 09:00:00,18.1,
1990-09-02 00:00:00,,0.0
1990-09-02 09:00:00,19.35,
1990-09-03 00:00:00,,0.0
1990-09-03 09:00:00,19.5,
1990-09-04 00:00:00,,0.0
1990-09-04 09:00:00,18.05,
1990-09-05 00:00:00,,0.0
1990-09-05 09:00:00,15.25,
1990-09-06 00:00:00,,0.0
1990-09-06 09:00:00,16.6,
1990-09-07 00:00:00,,0.0
1990-09-07 09:00:00,16.1,
1990-09-08 00:00:00,,0.2
1990-09-08 09:00:00,15.55,
1990-09-09 00:00:00,,0.0
1990-09-09 09:00:00,13.75,
1990-09-10 00:00:00,,0.0
1990-09-10 09:00:00,17.1,
1990-09-11 00:00:00,,0.0
1990-09-11 09:00:00,16.2,
1990-09-12 00:00:00,,0.0
1990-09-12 09:00:00,17.1,
1990-09-13 00:00:00,,0.0
1990-09-13 09:00:00,16.45,
1990-09-14 00:00:00,,0.0
1990-09-14 09:00:00,16.75,
1990-09-15 00:00:00,,0.0
1990-09-15 09:00:00,17.95,
1990-09-16 00:00:00,,0.0
1990-09-16 09:00:00,16.15,
1990-09-17 00:00:00,,0.0
1990-09-17 09:00:00,15.05,
1990-09-18 00:00:00,,0.7
1990-09-18 09:00:00,12.4,
1990-09-19 00:00:00,,1.8
1990-09-19 09:00:00,18.15,
1990-09-20 00:00:00,,0.5
1990-09-20 09:00:00,13.65,
1990-09-21 00:00:00,,0.0
1990-09-21 09:00:00,12.75,
1990-09-22 00:00:00,,2.0
1990-09-22 09:00:00,13.1,
1990-09-23 00:00:00,,0.0
1990-09-23 09:00:00,12.15,
1990-09-24 00:00:00,,0.4
1990-09-24 09:00:00,10.75,
1990-09-25 00:00:00,,1.7
1990-09-25 09:00:00,13.2,
1990-09-26 00:00:00,,0.0
1990-09-26 09:00:00,12.55,
1990-09-27 00:00:00,,0.0
1990-09-27 09:00:00,12.1,
1990-09-28 00:00:00,,0.0
1990-09-28 09:00:00,12.85,
1990-09-29 00:00:00,,0.0
1990-09-29 09:00:00,16.05,
1990-09-30 00:00:00,,6.5
1990-09-30 09:00:00,16.25,
1990-10-01 00:00:00,,4.6
1990-10-01 09:00:00,14.45,
1990-10-02 00:00:00,,0.0
1990-10-02 09:00:00,14.4,
1990-10-03 00:00:00,,0.4
1990-10-03 09:00:00,16.9,
1990-10-04 00:00:00,,4.7
1990-10-04 09:00:00,11.75,
1990-10-05 00:00:00,,2.8
1990-10-05 09:00:00,14.2,
1990-10-06 00:00:00,,0.8
1990-10-06 09:00:00,15.95,
1990-10-07 00:00:00,,0.2
1990-10-07 09:00:00,12.75,
1990-10-08 00:00:00,,0.0
1990-10-08 09:00:00,8.8,
1990-10-09 00:00:00,,0.0
1990-10-09 09:00:00,10.35,
1990-10-10 00:00:00,,0.0
1990-10-10 09:00:00,13.1,
1990-10-11 00:00:00,,0.0
1990-10-11 09:00:00,15.95,
1990-10-12 00:00:00,,0.0
1990-10-12 09:00:00,14.4,
1990-10-13 00:00:00,,0.0
1990-10-13 09:00:00,19.5,
1990-10-14 00:00:00,,0.0
1990-10-14 09:00:00,19.6,
1990-10-15 00:00:00,,0.0
1990-10-15 09:00:00,18.05,
1990-10-16 00:00:00,,2.7
1990-10-16 09:00:00,17.25,
1990-10-17 00:00:00,,0.0
1990-10-17 09:00:00,16.0,
1990-10-18 00:00:00,,6.5
1990-10-18 09:00:00,16.1,
1990-10-19 00:00:00,,0.0
1990-10-19 09:00:00,14.65,
1990-10-20 00:00:00,,1.6
1990-10-20 09:00:00,15.7,
1990-10-21 00:00:00,,0.0
1990-10-21 09:00:00,15.7,
1990-10-22 00:00:00,,0.0
1990-10-22 09:00:00,12.9,
1990-10-23 00:00:00,,0.0
1990-10-23 09:00:00,10.85,
1990-10-24 00:00:00,,0.0
1990-10-24 09:00:00,13.25,
1990-10-25 00:00:00,,3.1
1990-10-25 09:00:00,12.6,
1990-10-26 00:00:00,,6.2
1990-10-26 09:00:00,13.35,
1990-10-27 00:00:00,,10.2
1990-10-27 09:00:00,10.25,
1990-10-28 00:00:00,,10.2
1990-10-28 09:00:00,11.0,
1990-10-29 00:00:00,,0.0
1990-10-29 09:00:00,8.5,
1990-10-30 00:00:00,,1.7
1990-10-30 09:00:00,8.45,
1990-10-31 00:00:00,,0.0
1990-10-31 09:00:00,10.65,
1990-11-01 00:00:00,,0.0
1990-11-01 09:00:00,9.6,
1990-11-02 00:00:00,,0.0
1990-11-02 09:00:00,8.95,
1990-11-03 00:00:00,,1.0
1990-11-03 09:00:00,6.9,
1990-11-04 00:00:00,,0.0
1990-11-04 09:00:00,7.25,
1990-11-05 00:00:00,,0.0
1990-11-05 09:00:00,7.199999999999999,
1990-11-06 00:00:00,,0.0
1990-11-06 09:00:00,7.7,
1990-11-07 00:00:00,,0.0
1990-11-07 09:00:00,8.45,
1990-11-08 00:00:00,,0.0
1990-11-08 09:00:00,7.85,
1990-11-09 00:00:00,,0.0
1990-11-09 09:00:00,6.6,
1990-11-10 00:00:00,,0.3
1990-11-10 09:00:00,8.95,
1990-11-11 00:00:00,,0.8
1990-11-11 09:00:00,12.1,
1990-11-12 00:00:00,,3.5
1990-11-12 09:00:00,9.6,
1990-11-13 00:00:00,,1.0
1990-11-13 09:00:00,13.35,
1990-11-14 00:00:00,,3.7
1990-11-14 09:00:00,13.75,
1990-11-15 00:00:00,,0.0
1990-11-15 09:00:00,11.8,
1990-11-16 00:00:00,,0.3
1990-11-16 09:00:00,12.65,
1990-11-17 00:00:00,,1.9
1990-11-17 09:00:00,14.75,
1990-11-18 00:00:00,,1.1
1990-11-18 09:00:00,12.7,
1990-11-19 00:00:00,,0.3
1990-11-19 09:00:00,8.75,
1990-11-20 00:00:00,,2.7
1990-11-20 09:00:00,7.05,
1990-11-21 00:00:00,,0.0
1990-11-21 09:00:00,4.9,
1990-11-22 00:00:00,,0.0
1990-11-22 09:00:00,4.9,
1990-11-23 00:00:00,,0.0
1990-11-23 09:00:00,4.5,
1990-11-24 00:00:00,,7.4
1990-11-24 09:00:00,5.5,
1990-11-25 00:00:00,,0.0
1990-11-25 09:00:00,5.4,
1990-11-26 00:00:00,,7.4
1990-11-26 09:00:00,7.0,
1990-11-27 00:00:00,,2.3
1990-11-27 09:00:00,7.5,
1990-11-28 00:00:00,,0.0
1990-11-28 09:00:00,6.050000000000001,
1990-11-29 00:00:00,,0.3
1990-11-29 09:00:00,6.75,
1990-11-30 00:00:00,,0.0
1990-11-30 09:00:00,6.65,
1990-12-01 00:00:00,,0.0
1990-12-01 09:00:00,6.949999999999999,
1990-12-02 00:00:00,,0.0
1990-12-02 09:00:00,6.7,
1990-12-03 00:00:00,,0.0
1990-12-03 09:00:00,5.8,
1990-12-04 00:00:00,,0.0
1990-12-04 09:00:00,6.199999999999999,
1990-12-05 00:00:00,,0.0
1990-12-05 09:00:00,6.45,
1990-12-06 00:00:00,,0.0
1990-12-06 09:00:00,3.9,
1990-12-07 00:00:00,,0.0
1990-12-07 09:00:00,3.95,
1990-12-08 00:00:00,,1.9
1990-12-08 09:00:00,4.9,
1990-12-09 00:00:00,,7.1
1990-12-09 09:00:00,1.5,
1990-12-10 00:00:00,,7.0
1990-12-10 09:00:00,4.15,
1990-12-11 00:00:00,,0.1
1990-12-11 09:00:00,6.5,
1990-12-12 00:00:00,,0.8
1990-12-12 09:00:00,7.550000000000001,
1990-12-13 00:00:00,,0.0
1990-12-13 09:00:00,5.15,
1990-12-14 00:00:00,,0.0
1990-12-14 09:00:00,3.5,
1990-12-15 00:00:00,,0.0
1990-12-15 09:00:00,1.9,
1990-12-16 00:00:00,,0.4
1990-12-16 09:00:00,2.5,
1990-12-17 00:00:00,,0.0
1990-12-17 09:00:00,2.6,
1990-12-18 00:00:00,,0.0
1990-12-18 09:00:00,3.2,
1990-12-19 00:00:00,,0.0
1990-12-19 09:00:00,1.75,
1990-12-20 00:00:00,,0.0
1990-12-20 09:00:00,3.25,
1990-12-21 00:00:00,,6.3
1990-12-21 09:00:00,7.15,
1990-12-22 00:00:00,,0.3
1990-12-22 09:00:00,9.7,
1990-12-23 00:00:00,,0.0
1990-12-23 09:00:00,10.0,
1990-12-24 00:00:00,,0.4
1990-12-24 09:00:00,9.4,
1990-12-25 00:00:00,,1.6
1990-12-25 09:00:00,7.1,
1990-12-26 00:00:00,,14.0
1990-12-26 09:00:00,6.8,
1990-12-27 00:00:00,,4.1
1990-12-27 09:00:00,8.5,
1990-12-28 00:00:00,,0.0
1990-12-28 09:00:00,5.4,
1990-12-29 00:00:00,,3.6
1990-12-29 09:00:00,9.05,
1990-12-30 00:00:00,,11.0
1990-12-30 09:00:00,7.0,
1990-12-31 00:00:00,,0.0
1990-12-31 09:00:00,7.4,
1991-01-01 00:00:00,,3.0
1991-01-01 09:00:00,5.4,
1991-01-02 00:00:00,,4.3
1991-01-02 09:00:00,7.45,
1991-01-03 00:00:00,,6.7
1991-01-03 09:00:00,10.0,
1991-01-04 00:00:00,,5.2
1991-01-04 09:00:00,6.95,
1991-01-05 00:00:00,,2.4
1991-01-05 09:00:00,6.35,
1991-01-06 00:00:00,,1.8
1991-01-06 09:00:00,7.300000000000001,
1991-01-07 00:00:00,,8.2
1991-01-07 09:00:00,7.1,
1991-01-08 00:00:00,,2.0
1991-01-08 09:00:00,6.75,
1991-01-09 00:00:00,,5.6
1991-01-09 09:00:00,7.9,
1991-01-10 00:00:00,,11.0
1991-01-10 09:00:00,9.25,
1991-01-11 00:00:00,,4.5
1991-01-11 09:00:00,7.5,
1991-01-12 00:00:00,,1.6
1991-01-12 09:00:00,4.65,
1991-01-13 00:00:00,,0.0
1991-01-13 09:00:00,3.95,
1991-01-14 00:00:00,,0.0
1991-01-14 09:00:00,3.3,
1991-01-15 00:00:00,,0.0
1991-01-15 09:00:00,3.6,
1991-01-16 00:00:00,,0.0
1991-01-16 09:00:00,2.9,
1991-01-17 00:00:00,,0.0
1991-01-17 09:00:00,4.85,
1991-01-18 00:00:00,,0.1
1991-01-18 09:00:00,7.65,
1991-01-19 00:00:00,,6.9
1991-01-19 09:00:00,6.449999999999999,
1991-01-20 00:00:00,,0.1
1991-01-20 09:00:00,5.75,
1991-01-21 00:00:00,,0.0
1991-01-21 09:00:00,8.15,
1991-01-22 00:00:00,,0.0
1991-01-22 09:00:00,6.4,
1991-01-23 00:00:00,,0.0
1991-01-23 09:00:00,5.1,
1991-01-24 00:00:00,,0.0
1991-01-24 09:00:00,4.55,
1991-01-25 00:00:00,,0.0
1991-01-25 09:00:00,3.55,
1991-01-26 00:00:00,,0.0
1991-01-26 09:00:00,3.0,
1991-01-27 00:00:00,,0.0
1991-01-27 09:00:00,3.15,
1991-01-28 00:00:00,,0.0
1991-01-28 09:00:00,3.95,
1991-01-29 00:00:00,,0.0
1991-01-29 09:00:00,3.25,
1991-01-30 00:00:00,,0.0
1991-01-30 09:00:00,1.8,
1991-01-31 00:00:00,,0.0
1991-01-31 09:00:00,1.4500000000000002,
1991-02-01 00:00:00,,2.5
1991-02-01 09:00:00,2.7,
1991-02-02 00:00:00,,5.5
1991-02-02 09:00:00,2.9000000000000004,
1991-02-03 00:00:00,,0.0
1991-02-03 09:00:00,1.7,
1991-02-04 00:00:00,,0.0
1991-02-04 09:00:00,1.05,
1991-02-05 00:00:00,,0.0
1991-02-05 09:00:00,1.3,
1991-02-06 00:00:00,,0.0
1991-02-06 09:00:00,0.9,
1991-02-07 00:00:00,,0.3
1991-02-07 09:00:00,-3.55,
1991-02-08 00:00:00,,11.5
1991-02-08 09:00:00,-4.35,
1991-02-09 00:00:00,,1.5
1991-02-09 09:00:00,-3.5,
1991-02-10 00:00:00,,0.7
1991-02-10 09:00:00,-5.2,
1991-02-11 00:00:00,,0.7
1991-02-11 09:00:00,-1.35,
1991-02-12 00:00:00,,0.0
1991-02-12 09:00:00,-0.3999999999999999,
1991-02-13 00:00:00,,6.3
1991-02-13 09:00:00,0.5499999999999999,
1991-02-14 00:00:00,,0.0
1991-02-14 09:00:00,-0.7000000000000002,
1991-02-15 00:00:00,,3.2
1991-02-15 09:00:00,1.85,
1991-02-16 00:00:00,,0.4
1991-02-16 09:00:00,5.05,
1991-02-17 00:00:00,,0.0
1991-02-17 09:00:00,4.0,
1991-02-18 00:00:00,,0.0
1991-02-18 09:00:00,3.9,
1991-02-19 00:00:00,,0.0
1991-02-19 09:00:00,2.2,
1991-02-20 00:00:00,,0.0
1991-02-20 09:00:00,2.6,
1991-02-21 00:00:00,,1.1
1991-02-21 09:00:00,6.1,
1991-02-22 00:00:00,,1.3
1991-02-22 09:00:00,5.95,
1991-02-23 00:00:00,,2.0
1991-02-23 09:00:00,9.0,
1991-02-24 00:00:00,,0.0
1991-02-24 09:00:00,11.05,
1991-02-25 00:00:00,,0.0
1991-02-25 09:00:00,9.35,
1991-02-26 00:00:00,,0.0
1991-02-26 09:00:00,10.75,
1991-02-27 00:00:00,,0.0
1991-02-27 09:00:00,8.4,
1991-02-28 00:00:00,,8.8
1991-02-28 09:00:00,6.85,
1991-03-01 00:00:00,,0.0
1991-03-01 09:00:00,6.85,
1991-03-02 00:00:00,,0.0
1991-03-02 09:00:00,5.550000000000001,
1991-03-03 00:00:00,,0.4
1991-03-03 09:00:00,5.949999999999999,
1991-03-04 00:00:00,,0.0
1991-03-04 09:00:00,8.55,
1991-03-05 00:00:00,,0.5
1991-03-05 09:00:00,9.85,
1991-03-06 00:00:00,,8.0
1991-03-06 09:00:00,10.7,
1991-03-07 00:00:00,,1.4
1991-03-07 09:00:00,11.55,
1991-03-08 00:00:00,,1.8
1991-03-08 09:00:00,11.85,
1991-03-09 00:00:00,,0.0
1991-03-09 09:00:00,12.25,
1991-03-10 00:00:00,,0.0
1991-03-10 09:00:00,9.95,
1991-03-11 00:00:00,,0.4
1991-03-11 09:00:00,10.2,
1991-03-12 00:00:00,,0.0
1991-03-12 09:00:00,11.25,
1991-03-13 00:00:00,,0.0
1991-03-13 09:00:00,11.25,
1991-03-14 00:00:00,,0.0
1991-03-14 09:00:00,13.15,
1991-03-15 00:00:00,,0.2
1991-03-15 09:00:00,11.95,
1991-03-16 00:00:00,,0.3
1991-03-16 09:00:00,10.55,
1991-03-17 00:00:00,,7.3
1991-03-17 09:00:00,11.85,
1991-03-18 00:00:00,,0.0
1991-03-18 09:00:00,9.8,
1991-03-19 00:00:00,,2.0
1991-03-19 09:00:00,12.1,
1991-03-20 00:00:00,,0.0
1991-03-20 09:00:00,13.6,
1991-03-21 00:00:00,,0.8
1991-03-21 09:00:00,10.8,
1991-03-22 00:00:00,,0.0
1991-03-22 09:00:00,8.799999999999999,
1991-03-23 00:00:00,,3.0
1991-03-23 09:00:00,6.75,
1991-03-24 00:00:00,,0.0
1991-03-24 09:00:00,6.0,
1991-03-25 00:00:00,,0.0
1991-03-25 09:00:00,7.75,
1991-03-26 00:00:00,,0.0
1991-03-26 09:00:00,8.8,
1991-03-27 00:00:00,,0.0
1991-03-27 09:00:00,6.7,
1991-03-28 00:00:00,,0.0
1991-03-28 09:00:00,9.1,
1991-03-29 00:00:00,,0.0
1991-03-29 09:00:00,9.95,
1991-03-30 00:00:00,,0.0
1991-03-30 09:00:00,6.8500000000000005,
1991-03-31 00:00:00,,0.0
1991-03-31 09:00:00,9.6,
1991-04-01 00:00:00,,0.0
1991-04-01 09:00:00,11.45,
1991-04-02 00:00:00,,0.6
1991-04-02 09:00:00,8.7,
1991-04-03 00:00:00,,1.0
1991-04-03 09:00:00,8.149999999999999,
1991-04-04 00:00:00,,0.0
1991-04-04 09:00:00,10.1,
1991-04-05 00:00:00,,5.9
1991-04-05 09:00:00,8.55,
1991-04-06 00:00:00,,0.2
1991-04-06 09:00:00,7.45,
1991-04-07 00:00:00,,3.4
1991-04-07 09:00:00,9.2,
1991-04-08 00:00:00,,0.0
1991-04-08 09:00:00,9.95,
1991-04-09 00:00:00,,0.0
1991-04-09 09:00:00,11.35,
1991-04-10 00:00:00,,0.0
1991-04-10 09:00:00,10.75,
1991-04-11 00:00:00,,0.0
1991-04-11 09:00:00,15.0,
1991-04-12 00:00:00,,0.0
1991-04-12 09:00:00,15.1,
1991-04-13 00:00:00,,0.0
1991-04-13 09:00:00,16.1,
1991-04-14 00:00:00,,0.0
1991-04-14 09:00:00,12.15,
1991-04-15 00:00:00,,0.0
1991-04-15 09:00:00,9.75,
1991-04-16 00:00:00,,0.0
1991-04-16 09:00:00,10.9,
1991-04-17 00:00:00,,0.0
1991-04-17 09:00:00,7.15,
1991-04-18 00:00:00,,0.0
1991-04-18 09:00:00,6.65,
1991-04-19 00:00:00,,6.5
1991-04-19 09:00:00,6.4,
1991-04-20 00:00:00,,2.5
1991-04-20 09:00:00,5.35,
1991-04-21 00:00:00,,0.0
1991-04-21 09:00:00,4.4,
1991-04-22 00:00:00,,2.4
1991-04-22 09:00:00,7.8,
1991-04-23 00:00:00,,0.0
1991-04-23 09:00:00,6.75,
1991-04-24 00:00:00,,0.0
1991-04-24 09:00:00,9.7,
1991-04-25 00:00:00,,0.0
1991-04-25 09:00:00,10.05,
1991-04-26 00:00:00,,0.2
1991-04-26 09:00:00,8.8,
1991-04-27 00:00:00,,0.0
1991-04-27 09:00:00,10.4,
1991-04-28 00:00:00,,0.0
1991-04-28 09:00:00,8.7,
1991-04-29 00:00:00,,0.0
1991-04-29 09:00:00,10.05,
1991-04-30 00:00:00,,32.0
1991-04-30 09:00:00,9.1,
1991-05-01 00:00:00,,4.1
1991-05-01 09:00:00,7.55,
1991-05-02 00:00:00,,0.0
1991-05-02 09:00:00,7.85,
1991-05-03 00:00:00,,0.4
1991-05-03 09:00:00,8.25,
1991-05-04 00:00:00,,6.5
1991-05-04 09:00:00,8.0,
1991-05-05 00:00:00,,3.9
1991-05-05 09:00:00,8.9,
1991-05-06 00:00:00,,2.3
1991-05-06 09:00:00,8.149999999999999,
1991-05-07 00:00:00,,0.0
1991-05-07 09:00:00,8.100000000000001,
1991-05-08 00:00:00,,0.3
1991-05-08 09:00:00,9.2,
1991-05-09 00:00:00,,0.5
1991-05-09 09:00:00,8.75,
1991-05-10 00:00:00,,0.0
1991-05-10 09:00:00,8.9,
1991-05-11 00:00:00,,0.0
1991-05-11 09:00:00,12.7,
1991-05-12 00:00:00,,0.0
1991-05-12 09:00:00,12.2,
1991-05-13 00:00:00,,0.0
1991-05-13 09:00:00,15.05,
1991-05-14 00:00:00,,0.0
1991-05-14 09:00:00,14.8,
1991-05-15 00:00:00,,0.0
1991-05-15 09:00:00,11.75,
1991-05-16 00:00:00,,0.5
1991-05-16 09:00:00,12.65,
1991-05-17 00:00:00,,1.6
1991-05-17 09:00:00,10.35,
1991-05-18 00:00:00,,0.0
1991-05-18 09:00:00,11.25,
1991-05-19 00:00:00,,0.0
1991-05-19 09:00:00,12.2,
1991-05-20 00:00:00,,0.0
1991-05-20 09:00:00,14.5,
1991-05-21 00:00:00,,0.0
1991-05-21 09:00:00,17.2,
1991-05-22 00:00:00,,0.0
1991-05-22 09:00:00,19.25,
1991-05-23 00:00:00,,0.0
1991-05-23 09:00:00,15.6,
1991-05-24 00:00:00,,0.0
1991-05-24 09:00:00,13.85,
1991-05-25 00:00:00,,0.0
1991-05-25 09:00:00,14.35,
1991-05-26 00:00:00,,0.0
1991-05-26 09:00:00,17.049999999999997,
1991-05-27 00:00:00,,0.0
1991-05-27 09:00:00,13.65,
1991-05-28 00:00:00,,0.0
1991-05-28 09:00:00,15.25,
1991-05-29 00:00:00,,0.0
1991-05-29 09:00:00,11.5,
1991-05-30 00:00:00,,0.0
1991-05-30 09:00:00,12.1,
1991-05-31 00:00:00,,0.0
1991-05-31 09:00:00,12.65,
1991-06-01 00:00:00,,0.0
1991-06-01 09:00:00,11.6,
1991-06-02 00:00:00,,0.0
1991-06-02 09:00:00,10.65,
1991-06-03 00:00:00,,2.6
1991-06-03 09:00:00,11.6,
1991-06-04 00:00:00,,1.1
1991-06-04 09:00:00,9.8,
1991-06-05 00:00:00,,0.7
1991-06-05 09:00:00,10.15,
1991-06-06 00:00:00,,9.2
1991-06-06 09:00:00,13.25,
1991-06-07 00:00:00,,0.6
1991-06-07 09:00:00,14.85,
1991-06-08 00:00:00,,4.1
1991-06-08 09:00:00,13.1,
1991-06-09 00:00:00,,1.1
1991-06-09 09:00:00,14.05,
1991-06-10 00:00:00,,0.0
1991-06-10 09:00:00,15.55,
1991-06-11 00:00:00,,1.5
1991-06-11 09:00:00,14.15,
1991-06-12 00:00:00,,2.6
1991-06-12 09:00:00,14.65,
1991-06-13 00:00:00,,0.1
1991-06-13 09:00:00,15.65,
1991-06-14 00:00:00,,1.5
1991-06-14 09:00:00,13.7,
1991-06-15 00:00:00,,8.7
1991-06-15 09:00:00,14.4,
1991-06-16 00:00:00,,2.5
1991-06-16 09:00:00,12.8,
1991-06-17 00:00:00,,3.1
1991-06-17 09:00:00,13.45,
1991-06-18 00:00:00,,0.0
1991-06-18 09:00:00,12.35,
1991-06-19 00:00:00,,0.8
1991-06-19 09:00:00,12.55,
1991-06-20 00:00:00,,0.4
1991-06-20 09:00:00,14.1,
1991-06-21 00:00:00,,0.0
1991-06-21 09:00:00,15.5,
1991-06-22 00:00:00,,0.1
1991-06-22 09:00:00,16.8,
1991-06-23 00:00:00,,1.0
1991-06-23 09:00:00,15.85,
1991-06-24 00:00:00,,13.6
1991-06-24 09:00:00,14.25,
1991-06-25 00:00:00,,7.8
1991-06-25 09:00:00,15.45,
1991-06-26 00:00:00,,6.5
1991-06-26 09:00:00,14.9,
1991-06-27 00:00:00,,21.1
1991-06-27 09:00:00,13.8,
1991-06-28 00:00:00,,4.9
1991-06-28 09:00:00,15.65,
1991-06-29 00:00:00,,3.5
1991-06-29 09:00:00,15.2,
1991-06-30 00:00:00,,1.1
1991-06-30 09:00:00,17.2,
1991-07-01 00:00:00,,3.1
1991-07-01 09:00:00,17.3,
1991-07-02 00:00:00,,0.2
1991-07-02 09:00:00,16.1,
1991-07-03 00:00:00,,15.8
1991-07-03 09:00:00,17.0,
1991-07-04 00:00:00,,0.0
1991-07-04 09:00:00,19.5,
1991-07-05 00:00:00,,0.0
1991-07-05 09:00:00,21.95,
1991-07-06 00:00:00,,0.1
1991-07-06 09:00:00,22.55,
1991-07-07 00:00:00,,0.0
1991-07-07 09:00:00,20.35,
1991-07-08 00:00:00,,0.0
1991-07-08 09:00:00,21.65,
1991-07-09 00:00:00,,0.0
1991-07-09 09:00:00,17.7,
1991-07-10 00:00:00,,0.0
1991-07-10 09:00:00,17.9,
1991-07-11 00:00:00,,0.0
1991-07-11 09:00:00,21.65,
1991-07-12 00:00:00,,0.0
1991-07-12 09:00:00,20.85,
1991-07-13 00:00:00,,0.0
1991-07-13 09:00:00,18.05,
1991-07-14 00:00:00,,0.1
1991-07-14 09:00:00,16.4,
1991-07-15 00:00:00,,0.2
1991-07-15 09:00:00,19.05,
1991-07-16 00:00:00,,0.0
1991-07-16 09:00:00,17.5,
1991-07-17 00:00:00,,1.3
1991-07-17 09:00:00,16.25,
1991-07-18 00:00:00,,12.8
1991-07-18 09:00:00,17.45,
1991-07-19 00:00:00,,3.0
1991-07-19 09:00:00,19.15,
1991-07-20 00:00:00,,0.0
1991-07-20 09:00:00,17.1,
1991-07-21 00:00:00,,0.0
1991-07-21 09:00:00,19.5,
1991-07-22 00:00:00,,0.0
1991-07-22 09:00:00,17.25,
1991-07-23 00:00:00,,0.0
1991-07-23 09:00:00,20.75,
1991-07-24 00:00:00,,1.0
1991-07-24 09:00:00,20.6,
1991-07-25 00:00:00,,10.0
1991-07-25 09:00:00,15.95,
1991-07-26 00:00:00,,0.0
1991-07-26 09:00:00,18.0,
1991-07-27 00:00:00,,0.0
1991-07-27 09:00:00,19.0,
1991-07-28 00:00:00,,0.0
1991-07-28 09:00:00,19.4,
1991-07-29 00:00:00,,0.0
1991-07-29 09:00:00,20.8,
1991-07-30 00:00:00,,0.0
1991-07-30 09:00:00,22.95,
1991-07-31 00:00:00,,22.7
1991-07-31 09:00:00,17.0,
1991-08-01 00:00:00,,0.0
1991-08-01 09:00:00,19.05,
1991-08-02 00:00:00,,1.0
1991-08-02 09:00:00,19.1,
1991-08-03 00:00:00,,0.0
1991-08-03 09:00:00,20.4,
1991-08-04 00:00:00,,0.0
1991-08-04 09:00:00,20.65,
1991-08-05 00:00:00,,0.3
1991-08-05 09:00:00,20.3,
1991-08-06 00:00:00,,0.0
1991-08-06 09:00:00,20.700000000000003,
1991-08-07 00:00:00,,0.0
1991-08-07 09:00:00,19.85,
1991-08-08 00:00:00,,23.6
1991-08-08 09:00:00,17.450000000000003,
1991-08-09 00:00:00,,0.0
1991-08-09 09:00:00,18.35,
1991-08-10 00:00:00,,0.0
1991-08-10 09:00:00,21.75,
1991-08-11 00:00:00,,0.0
1991-08-11 09:00:00,22.75,
1991-08-12 00:00:00,,1.0
1991-08-12 09:00:00,17.5,
1991-08-13 00:00:00,,0.0
1991-08-13 09:00:00,19.2,
1991-08-14 00:00:00,,0.0
1991-08-14 09:00:00,20.4,
1991-08-15 00:00:00,,0.0
1991-08-15 09:00:00,20.35,
1991-08-16 00:00:00,,0.0
1991-08-16 09:00:00,21.05,
1991-08-17 00:00:00,,0.0
1991-08-17 09:00:00,19.4,
1991-08-18 00:00:00,,0.0
1991-08-18 09:00:00,17.7,
1991-08-19 00:00:00,,0.0
1991-08-19 09:00:00,15.9,
1991-08-20 00:00:00,,0.0
1991-08-20 09:00:00,20.35,
1991-08-21 00:00:00,,0.0
1991-08-21 09:00:00,20.15,
1991-08-22 00:00:00,,0.0
1991-08-22 09:00:00,22.8,
1991-08-23 00:00:00,,0.2
1991-08-23 09:00:00,19.5,
1991-08-24 00:00:00,,5.5
1991-08-24 09:00:00,15.95,
1991-08-25 00:00:00,,0.0
1991-08-25 09:00:00,17.4,
1991-08-26 00:00:00,,0.0
1991-08-26 09:00:00,19.2,
1991-08-27 00:00:00,,0.0
1991-08-27 09:00:00,20.4,
1991-08-28 00:00:00,,0.0
1991-08-28 09:00:00,20.55,
1991-08-29 00:00:00,,0.0
1991-08-29 09:00:00,17.65,
1991-08-30 00:00:00,,0.0
1991-08-30 09:00:00,18.6,
1991-08-31 00:00:00,,0.0
1991-08-31 09:00:00,19.75,
1991-09-01 00:00:00,,0.0
1991-09-01 09:00:00,20.25,
1991-09-02 00:00:00,,0.0
1991-09-02 09:00:00,22.15,
1991-09-03 00:00:00,,0.0
1991-09-03 09:00:00,20.75,
1991-09-04 00:00:00,,0.0
1991-09-04 09:00:00,20.4,
1991-09-05 00:00:00,,0.0
1991-09-05 09:00:00,21.35,
1991-09-06 00:00:00,,0.0
1991-09-06 09:00:00,19.25,
1991-09-07 00:00:00,,0.0
1991-09-07 09:00:00,15.6,
1991-09-08 00:00:00,,0.0
1991-09-08 09:00:00,15.6,
1991-09-09 00:00:00,,0.0
1991-09-09 09:00:00,18.5,
1991-09-10 00:00:00,,0.0
1991-09-10 09:00:00,18.2,
1991-09-11 00:00:00,,0.0
1991-09-11 09:00:00,19.15,
1991-09-12 00:00:00,,0.0
1991-09-12 09:00:00,15.75,
1991-09-13 00:00:00,,0.0
1991-09-13 09:00:00,15.45,
1991-09-14 00:00:00,,0.0
1991-09-14 09:00:00,18.3,
1991-09-15 00:00:00,,3.7
1991-09-15 09:00:00,19.6,
1991-09-16 00:00:00,,2.8
1991-09-16 09:00:00,18.05,
1991-09-17 00:00:00,,3.1
1991-09-17 09:00:00,15.9,
1991-09-18 00:00:00,,0.0
1991-09-18 09:00:00,17.549999999999997,
1991-09-19 00:00:00,,0.2
1991-09-19 09:00:00,13.75,
1991-09-20 00:00:00,,0.0
1991-09-20 09:00:00,13.4,
1991-09-21 00:00:00,,0.0
1991-09-21 09:00:00,15.8,
1991-09-22 00:00:00,,8.7
1991-09-22 09:00:00,18.35,
1991-09-23 00:00:00,,0.0
1991-09-23 09:00:00,15.85,
1991-09-24 00:00:00,,0.0
1991-09-24 09:00:00,17.65,
1991-09-25 00:00:00,,4.5
1991-09-25 09:00:00,15.65,
1991-09-26 00:00:00,,0.0
1991-09-26 09:00:00,13.65,
1991-09-27 00:00:00,,19.7
1991-09-27 09:00:00,14.05,
1991-09-28 00:00:00,,0.0
1991-09-28 09:00:00,10.35,
1991-09-29 00:00:00,,6.2
1991-09-29 09:00:00,13.7,
1991-09-30 00:00:00,,0.4
1991-09-30 09:00:00,12.8,
1991-10-01 00:00:00,,0.1
1991-10-01 09:00:00,12.8,
1991-10-02 00:00:00,,0.0
1991-10-02 09:00:00,12.75,
1991-10-03 00:00:00,,0.0
1991-10-03 09:00:00,15.2,
1991-10-04 00:00:00,,0.3
1991-10-04 09:00:00,12.35,
1991-10-05 00:00:00,,0.0
1991-10-05 09:00:00,13.1,
1991-10-06 00:00:00,,1.9
1991-10-06 09:00:00,10.15,
1991-10-07 00:00:00,,0.0
1991-10-07 09:00:00,11.5,
1991-10-08 00:00:00,,0.0
1991-10-08 09:00:00,12.7,
1991-10-09 00:00:00,,0.0
1991-10-09 09:00:00,13.25,
1991-10-10 00:00:00,,0.3
1991-10-10 09:00:00,15.4,
1991-10-11 00:00:00,,0.0
1991-10-11 09:00:00,17.1,
1991-10-12 00:00:00,,0.0
1991-10-12 09:00:00,16.35,
1991-10-13 00:00:00,,0.0
1991-10-13 09:00:00,13.75,
1991-10-14 00:00:00,,0.5
1991-10-14 09:00:00,14.0,
1991-10-15 00:00:00,,0.0
1991-10-15 09:00:00,14.75,
1991-10-16 00:00:00,,0.0
1991-10-16 09:00:00,13.15,
1991-10-17 00:00:00,,2.5
1991-10-17 09:00:00,11.85,
1991-10-18 00:00:00,,0.2
1991-10-18 09:00:00,9.45,
1991-10-19 00:00:00,,0.0
1991-10-19 09:00:00,7.0,
1991-10-20 00:00:00,,0.0
1991-10-20 09:00:00,6.55,
1991-10-21 00:00:00,,0.0
1991-10-21 09:00:00,5.75,
1991-10-22 00:00:00,,0.0
1991-10-22 09:00:00,7.300000000000001,
1991-10-23 00:00:00,,0.0
1991-10-23 09:00:00,7.75,
1991-10-24 00:00:00,,0.0
1991-10-24 09:00:00,9.45,
1991-10-25 00:00:00,,0.0
1991-10-25 09:00:00,9.75,
1991-10-26 00:00:00,,0.2
1991-10-26 09:00:00,10.1,
1991-10-27 00:00:00,,0.0
1991-10-27 09:00:00,10.75,
1991-10-28 00:00:00,,0.1
1991-10-28 09:00:00,10.5,
1991-10-29 00:00:00,,0.2
1991-10-29 09:00:00,12.35,
1991-10-30 00:00:00,,7.7
1991-10-30 09:00:00,12.2,
1991-10-31 00:00:00,,0.0
1991-10-31 09:00:00,10.1,
1991-11-01 00:00:00,,4.2
1991-11-01 09:00:00,13.75,
1991-11-02 00:00:00,,6.1
1991-11-02 09:00:00,13.25,
1991-11-03 00:00:00,,6.2
1991-11-03 09:00:00,11.6,
1991-11-04 00:00:00,,3.0
1991-11-04 09:00:00,7.55,
1991-11-05 00:00:00,,3.2
1991-11-05 09:00:00,6.5,
1991-11-06 00:00:00,,0.5
1991-11-06 09:00:00,4.1,
1991-11-07 00:00:00,,0.0
1991-11-07 09:00:00,9.05,
1991-11-08 00:00:00,,1.0
1991-11-08 09:00:00,11.95,
1991-11-09 00:00:00,,1.4
1991-11-09 09:00:00,7.399999999999999,
1991-11-10 00:00:00,,0.0
1991-11-10 09:00:00,4.949999999999999,
1991-11-11 00:00:00,,2.6
1991-11-11 09:00:00,7.35,
1991-11-12 00:00:00,,0.0
1991-11-12 09:00:00,6.25,
1991-11-13 00:00:00,,5.4
1991-11-13 09:00:00,7.649999999999999,
1991-11-14 00:00:00,,0.0
1991-11-14 09:00:00,5.7,
1991-11-15 00:00:00,,0.0
1991-11-15 09:00:00,5.05,
1991-11-16 00:00:00,,0.0
1991-11-16 09:00:00,6.5,
1991-11-17 00:00:00,,0.0
1991-11-17 09:00:00,5.85,
1991-11-18 00:00:00,,0.5
1991-11-18 09:00:00,6.699999999999999,
1991-11-19 00:00:00,,12.5
1991-11-19 09:00:00,8.6,
1991-11-20 00:00:00,,12.5
1991-11-20 09:00:00,6.45,
1991-11-21 00:00:00,,0.0
1991-11-21 09:00:00,4.0,
1991-11-22 00:00:00,,0.0
1991-11-22 09:00:00,5.05,
1991-11-23 00:00:00,,0.0
1991-11-23 09:00:00,8.0,
1991-11-24 00:00:00,,0.0
1991-11-24 09:00:00,8.6,
1991-11-25 00:00:00,,0.0
1991-11-25 09:00:00,7.75,
1991-11-26 00:00:00,,0.4
1991-11-26 09:00:00,8.5,
1991-11-27 00:00:00,,0.0
1991-11-27 09:00:00,10.65,
1991-11-28 00:00:00,,0.0
1991-11-28 09:00:00,10.9,
1991-11-29 00:00:00,,0.0
1991-11-29 09:00:00,11.55,
1991-11-30 00:00:00,,0.0
1991-11-30 09:00:00,10.05,
1991-12-01 00:00:00,,0.0
1991-12-01 09:00:00,8.3,
1991-12-02 00:00:00,,0.0
1991-12-02 09:00:00,8.85,
1991-12-03 00:00:00,,0.0
1991-12-03 09:00:00,8.55,
1991-12-04 00:00:00,,0.0
1991-12-04 09:00:00,6.8,
1991-12-05 00:00:00,,0.0
1991-12-05 09:00:00,7.05,
1991-12-06 00:00:00,,0.0
1991-12-06 09:00:00,5.699999999999999,
1991-12-07 00:00:00,,0.0
1991-12-07 09:00:00,3.95,
1991-12-08 00:00:00,,0.0
1991-12-08 09:00:00,2.9,
1991-12-09 00:00:00,,0.0
1991-12-09 09:00:00,3.05,
1991-12-10 00:00:00,,0.0
1991-12-10 09:00:00,3.6,
1991-12-11 00:00:00,,0.0
1991-12-11 09:00:00,0.8999999999999999,
1991-12-12 00:00:00,,0.0
1991-12-12 09:00:00,-1.7999999999999998,
1991-12-13 00:00:00,,0.0
1991-12-13 09:00:00,-0.7499999999999999,
1991-12-14 00:00:00,,0.0
1991-12-14 09:00:00,2.7,
1991-12-15 00:00:00,,0.0
1991-12-15 09:00:00,-0.05,
1991-12-16 00:00:00,,0.0
1991-12-16 09:00:00,3.15,
1991-12-17 00:00:00,,0.3
1991-12-17 09:00:00,9.05,
1991-12-18 00:00:00,,7.2
1991-12-18 09:00:00,8.5,
1991-12-19 00:00:00,,2.7
1991-12-19 09:00:00,9.3,
1991-12-20 00:00:00,,0.0
1991-12-20 09:00:00,8.5,
1991-12-21 00:00:00,,1.9
1991-12-21 09:00:00,7.75,
1991-12-22 00:00:00,,1.2
1991-12-22 09:00:00,11.7,
1991-12-23 00:00:00,,0.0
1991-12-23 09:00:00,12.65,
1991-12-24 00:00:00,,0.0
1991-12-24 09:00:00,8.5,
1991-12-25 00:00:00,,0.0
1991-12-25 09:00:00,4.3,
1991-12-26 00:00:00,,0.0
1991-12-26 09:00:00,5.75,
1991-12-27 00:00:00,,0.0
1991-12-27 09:00:00,7.5,
1991-12-28 00:00:00,,0.0
1991-12-28 09:00:00,5.25,
1991-12-29 00:00:00,,0.0
1991-12-29 09:00:00,4.95,
1991-12-30 00:00:00,,0.0
1991-12-30 09:00:00,7.6,
1991-12-31 00:00:00,,0.0
1991-12-31 09:00:00,6.9,
1992-01-01 00:00:00,,0.0
1992-01-01 09:00:00,7.699999999999999,
1992-01-02 00:00:00,,0.0
1992-01-02 09:00:00,9.5,
1992-01-03 00:00:00,,0.0
1992-01-03 09:00:00,10.05,
1992-01-04 00:00:00,,2.8
1992-01-04 09:00:00,9.75,
1992-01-05 00:00:00,,2.2
1992-01-05 09:00:00,9.6,
1992-01-06 00:00:00,,0.0
1992-01-06 09:00:00,11.95,
1992-01-07 00:00:00,,0.0
1992-01-07 09:00:00,9.65,
1992-01-08 00:00:00,,1.4
1992-01-08 09:00:00,8.7,
1992-01-09 00:00:00,,1.7
1992-01-09 09:00:00,10.2,
1992-01-10 00:00:00,,0.8
1992-01-10 09:00:00,6.0,
1992-01-11 00:00:00,,0.0
1992-01-11 09:00:00,4.0,
1992-01-12 00:00:00,,0.0
1992-01-12 09:00:00,1.6,
1992-01-13 00:00:00,,0.5
1992-01-13 09:00:00,3.4,
1992-01-14 00:00:00,,0.0
1992-01-14 09:00:00,4.0,
1992-01-15 00:00:00,,0.0
1992-01-15 09:00:00,5.95,
1992-01-16 00:00:00,,0.0
1992-01-16 09:00:00,4.4,
1992-01-17 00:00:00,,0.0
1992-01-17 09:00:00,3.5,
1992-01-18 00:00:00,,0.0
1992-01-18 09:00:00,4.65,
1992-01-19 00:00:00,,0.0
1992-01-19 09:00:00,5.6,
1992-01-20 00:00:00,,0.0
1992-01-20 09:00:00,7.1,
1992-01-21 00:00:00,,0.0
1992-01-21 09:00:00,3.4000000000000004,
1992-01-22 00:00:00,,0.0
1992-01-22 09:00:00,1.55,
1992-01-23 00:00:00,,0.0
1992-01-23 09:00:00,2.0,
1992-01-24 00:00:00,,0.0
1992-01-24 09:00:00,0.1999999999999999,
1992-01-25 00:00:00,,0.0
1992-01-25 09:00:00,0.4,
1992-01-26 00:00:00,,0.8
1992-01-26 09:00:00,3.95,
1992-01-27 00:00:00,,0.0
1992-01-27 09:00:00,3.85,
1992-01-28 00:00:00,,0.0
1992-01-28 09:00:00,3.65,
1992-01-29 00:00:00,,0.0
1992-01-29 09:00:00,5.1,
1992-01-30 00:00:00,,0.0
1992-01-30 09:00:00,4.15,
1992-01-31 00:00:00,,0.0
1992-01-31 09:00:00,3.1,
1992-02-01 00:00:00,,0.0
1992-02-01 09:00:00,2.7,
1992-02-02 00:00:00,,0.0
1992-02-02 09:00:00,1.45,
1992-02-03 00:00:00,,1.3
1992-02-03 09:00:00,4.35,
1992-02-04 00:00:00,,0.0
1992-02-04 09:00:00,7.9,
1992-02-05 00:00:00,,0.2
1992-02-05 09:00:00,10.95,
1992-02-06 00:00:00,,0.0
1992-02-06 09:00:00,9.75,
1992-02-07 00:00:00,,0.0
1992-02-07 09:00:00,7.4,
1992-02-08 00:00:00,,0.0
1992-02-08 09:00:00,5.75,
1992-02-09 00:00:00,,0.0
1992-02-09 09:00:00,6.800000000000001,
1992-02-10 00:00:00,,0.5
1992-02-10 09:00:00,6.45,
1992-02-11 00:00:00,,8.0
1992-02-11 09:00:00,7.65,
1992-02-12 00:00:00,,0.0
1992-02-12 09:00:00,10.15,
1992-02-13 00:00:00,,1.4
1992-02-13 09:00:00,8.85,
1992-02-14 00:00:00,,0.0
1992-02-14 09:00:00,7.2,
1992-02-15 00:00:00,,1.6
1992-02-15 09:00:00,9.2,
1992-02-16 00:00:00,,0.0
1992-02-16 09:00:00,6.35,
1992-02-17 00:00:00,,0.0
1992-02-17 09:00:00,4.4,
1992-02-18 00:00:00,,0.0
1992-02-18 09:00:00,3.9,
1992-02-19 00:00:00,,0.0
1992-02-19 09:00:00,3.6,
1992-02-20 00:00:00,,0.0
1992-02-20 09:00:00,0.75,
1992-02-21 00:00:00,,0.0
1992-02-21 09:00:00,2.85,
1992-02-22 00:00:00,,0.0
1992-02-22 09:00:00,5.25,
1992-02-23 00:00:00,,0.0
1992-02-23 09:00:00,7.85,
1992-02-24 00:00:00,,0.0
1992-02-24 09:00:00,8.5,
1992-02-25 00:00:00,,0.0
1992-02-25 09:00:00,5.45,
1992-02-26 00:00:00,,0.0
1992-02-26 09:00:00,4.75,
1992-02-27 00:00:00,,0.0
1992-02-27 09:00:00,9.75,
1992-02-28 00:00:00,,2.5
1992-02-28 09:00:00,10.45,
1992-02-29 00:00:00,,0.0
1992-02-29 09:00:00,7.449999999999999,
1992-03-01 00:00:00,,0.0
1992-03-01 09:00:00,10.1,
1992-03-02 00:00:00,,5.2
1992-03-02 09:00:00,6.7,
1992-03-03 00:00:00,,0.0
1992-03-03 09:00:00,8.3,
1992-03-04 00:00:00,,0.0
1992-03-04 09:00:00,9.4,
1992-03-05 00:00:00,,0.0
1992-03-05 09:00:00,10.45,
1992-03-06 00:00:00,,0.6
1992-03-06 09:00:00,8.55,
1992-03-07 00:00:00,,0.0
1992-03-07 09:00:00,10.8,
1992-03-08 00:00:00,,0.2
1992-03-08 09:00:00,9.9,
1992-03-09 00:00:00,,0.0
1992-03-09 09:00:00,6.699999999999999,
1992-03-10 00:00:00,,0.2
1992-03-10 09:00:00,9.2,
1992-03-11 00:00:00,,4.0
1992-03-11 09:00:00,8.4,
1992-03-12 00:00:00,,0.6
1992-03-12 09:00:00,9.0,
1992-03-13 00:00:00,,0.2
1992-03-13 09:00:00,10.65,
1992-03-14 00:00:00,,1.2
1992-03-14 09:00:00,9.0,
1992-03-15 00:00:00,,0.2
1992-03-15 09:00:00,9.05,
1992-03-16 00:00:00,,1.4
1992-03-16 09:00:00,10.45,
1992-03-17 00:00:00,,0.0
1992-03-17 09:00:00,11.4,
1992-03-18 00:00:00,,0.0
1992-03-18 09:00:00,11.5,
1992-03-19 00:00:00,,0.2
1992-03-19 09:00:00,10.15,
1992-03-20 00:00:00,,0.0
1992-03-20 09:00:00,12.65,
1992-03-21 00:00:00,,0.4
1992-03-21 09:00:00,11.2,
1992-03-22 00:00:00,,3.2
1992-03-22 09:00:00,10.85,
1992-03-23 00:00:00,,3.4
1992-03-23 09:00:00,9.75,
1992-03-24 00:00:00,,4.4
1992-03-24 09:00:00,7.25,
1992-03-25 00:00:00,,1.2
1992-03-25 09:00:00,7.3,
1992-03-26 00:00:00,,6.4
1992-03-26 09:00:00,7.8,
1992-03-27 00:00:00,,0.8
1992-03-27 09:00:00,7.25,
1992-03-28 00:00:00,,0.4
1992-03-28 09:00:00,5.8500000000000005,
1992-03-29 00:00:00,,0.0
1992-03-29 09:00:00,7.6,
1992-03-30 00:00:00,,1.6
1992-03-30 09:00:00,7.35,
1992-03-31 00:00:00,,6.0
1992-03-31 09:00:00,7.3,
1992-04-01 00:00:00,,0.0
1992-04-01 09:00:00,7.3,
1992-04-02 00:00:00,,0.0
1992-04-02 09:00:00,8.9,
1992-04-03 00:00:00,,0.2
1992-04-03 09:00:00,7.6,
1992-04-04 00:00:00,,0.0
1992-04-04 09:00:00,6.3500000000000005,
1992-04-05 00:00:00,,0.0
1992-04-05 09:00:00,6.5,
1992-04-06 00:00:00,,0.2
1992-04-06 09:00:00,9.2,
1992-04-07 00:00:00,,1.8
1992-04-07 09:00:00,8.4,
1992-04-08 00:00:00,,1.0
1992-04-08 09:00:00,10.1,
1992-04-09 00:00:00,,0.0
1992-04-09 09:00:00,11.9,
1992-04-10 00:00:00,,0.0
1992-04-10 09:00:00,10.4,
1992-04-11 00:00:00,,0.0
1992-04-11 09:00:00,11.0,
1992-04-12 00:00:00,,0.0
1992-04-12 09:00:00,14.5,
1992-04-13 00:00:00,,0.0
1992-04-13 09:00:00,10.05,
1992-04-14 00:00:00,,0.2
1992-04-14 09:00:00,10.55,
1992-04-15 00:00:00,,13.0
1992-04-15 09:00:00,7.449999999999999,
1992-04-16 00:00:00,,1.0
1992-04-16 09:00:00,6.65,
1992-04-17 00:00:00,,3.2
1992-04-17 09:00:00,7.5,
1992-04-18 00:00:00,,0.2
1992-04-18 09:00:00,11.65,
1992-04-19 00:00:00,,0.0
1992-04-19 09:00:00,14.8,
1992-04-20 00:00:00,,0.2
1992-04-20 09:00:00,13.55,
1992-04-21 00:00:00,,0.0
1992-04-21 09:00:00,14.35,
1992-04-22 00:00:00,,0.0
1992-04-22 09:00:00,13.4,
1992-04-23 00:00:00,,0.2
1992-04-23 09:00:00,12.3,
1992-04-24 00:00:00,,0.0
1992-04-24 09:00:00,12.1,
1992-04-25 00:00:00,,1.6
1992-04-25 09:00:00,12.0,
1992-04-26 00:00:00,,0.2
1992-04-26 09:00:00,13.3,
1992-04-27 00:00:00,,4.2
1992-04-27 09:00:00,11.3,
1992-04-28 00:00:00,,12.2
1992-04-28 09:00:00,11.8,
1992-04-29 00:00:00,,6.4
1992-04-29 09:00:00,9.5,
1992-04-30 00:00:00,,0.2
1992-04-30 09:00:00,10.3,
1992-05-01 00:00:00,,12.6
1992-05-01 09:00:00,11.05,
1992-05-02 00:00:00,,0.0
1992-05-02 09:00:00,10.2,
1992-05-03 00:00:00,,0.4
1992-05-03 09:00:00,9.3,
1992-05-04 00:00:00,,0.0
1992-05-04 09:00:00,11.2,
1992-05-05 00:00:00,,0.0
1992-05-05 09:00:00,14.2,
1992-05-06 00:00:00,,0.2
1992-05-06 09:00:00,10.7,
1992-05-07 00:00:00,,0.0
1992-05-07 09:00:00,16.3,
1992-05-08 00:00:00,,0.0
1992-05-08 09:00:00,16.0,
1992-05-09 00:00:00,,2.6
1992-05-09 09:00:00,11.05,
1992-05-10 00:00:00,,10.8
1992-05-10 09:00:00,10.65,
1992-05-11 00:00:00,,0.0
1992-05-11 09:00:00,10.7,
1992-05-12 00:00:00,,1.4
1992-05-12 09:00:00,13.2,
1992-05-13 00:00:00,,0.0
1992-05-13 09:00:00,13.05,
1992-05-14 00:00:00,,0.0
1992-05-14 09:00:00,18.450000000000003,
1992-05-15 00:00:00,,0.0
1992-05-15 09:00:00,20.6,
1992-05-16 00:00:00,,0.0
1992-05-16 09:00:00,16.2,
1992-05-17 00:00:00,,0.0
1992-05-17 09:00:00,14.45,
1992-05-18 00:00:00,,0.2
1992-05-18 09:00:00,13.25,
1992-05-19 00:00:00,,0.0
1992-05-19 09:00:00,16.1,
1992-05-20 00:00:00,,0.0
1992-05-20 09:00:00,18.9,
1992-05-21 00:00:00,,0.0
1992-05-21 09:00:00,19.55,
1992-05-22 00:00:00,,0.0
1992-05-22 09:00:00,20.45,
1992-05-23 00:00:00,,0.0
1992-05-23 09:00:00,19.8,
1992-05-24 00:00:00,,0.0
1992-05-24 09:00:00,20.7,
1992-05-25 00:00:00,,0.0
1992-05-25 09:00:00,20.85,
1992-05-26 00:00:00,,0.0
1992-05-26 09:00:00,21.6,
1992-05-27 00:00:00,,0.0
1992-05-27 09:00:00,19.8,
1992-05-28 00:00:00,,0.2
1992-05-28 09:00:00,19.5,
1992-05-29 00:00:00,,14.4
1992-05-29 09:00:00,20.200000000000003,
1992-05-30 00:00:00,,18.6
1992-05-30 09:00:00,17.0,
1992-05-31 00:00:00,,0.0
1992-05-31 09:00:00,17.65,
1992-06-01 00:00:00,,2.4
1992-06-01 09:00:00,19.75,
1992-06-02 00:00:00,,0.2
1992-06-02 09:00:00,16.75,
1992-06-03 00:00:00,,0.0
1992-06-03 09:00:00,16.7,
1992-06-04 00:00:00,,0.0
1992-06-04 09:00:00,16.8,
1992-06-05 00:00:00,,1.0
1992-06-05 09:00:00,13.65,
1992-06-06 00:00:00,,9.2
1992-06-06 09:00:00,13.15,
1992-06-07 00:00:00,,0.8
1992-06-07 09:00:00,18.5,
1992-06-08 00:00:00,,0.0
1992-06-08 09:00:00,16.45,
1992-06-09 00:00:00,,1.6
1992-06-09 09:00:00,17.45,
1992-06-10 00:00:00,,14.4
1992-06-10 09:00:00,17.6,
1992-06-11 00:00:00,,0.0
1992-06-11 09:00:00,18.1,
1992-06-12 00:00:00,,0.0
1992-06-12 09:00:00,17.35,
1992-06-13 00:00:00,,0.0
1992-06-13 09:00:00,18.6,
1992-06-14 00:00:00,,0.0
1992-06-14 09:00:00,19.8,
1992-06-15 00:00:00,,0.0
1992-06-15 09:00:00,20.15,
1992-06-16 00:00:00,,0.0
1992-06-16 09:00:00,21.8,
1992-06-17 00:00:00,,0.0
1992-06-17 09:00:00,16.7,
1992-06-18 00:00:00,,0.0
1992-06-18 09:00:00,15.7,
1992-06-19 00:00:00,,0.0
1992-06-19 09:00:00,14.35,
1992-06-20 00:00:00,,14.4
1992-06-20 09:00:00,14.05,
1992-06-21 00:00:00,,0.0
1992-06-21 09:00:00,16.35,
1992-06-22 00:00:00,,0.0
1992-06-22 09:00:00,17.700000000000003,
1992-06-23 00:00:00,,0.0
1992-06-23 09:00:00,18.2,
1992-06-24 00:00:00,,0.2
1992-06-24 09:00:00,17.549999999999997,
1992-06-25 00:00:00,,0.0
1992-06-25 09:00:00,16.25,
1992-06-26 00:00:00,,0.0
1992-06-26 09:00:00,17.85,
1992-06-27 00:00:00,,0.0
1992-06-27 09:00:00,20.15,
1992-06-28 00:00:00,,0.0
1992-06-28 09:00:00,20.9,
1992-06-29 00:00:00,,0.0
1992-06-29 09:00:00,21.7,
1992-06-30 00:00:00,,0.6
1992-06-30 09:00:00,23.8,
1992-07-01 00:00:00,,0.6
1992-07-01 09:00:00,20.75,
1992-07-02 00:00:00,,2.4
1992-07-02 09:00:00,17.049999999999997,
1992-07-03 00:00:00,,1.2
1992-07-03 09:00:00,16.3,
1992-07-04 00:00:00,,17.4
1992-07-04 09:00:00,16.35,
1992-07-05 00:00:00,,3.8
1992-07-05 09:00:00,16.8,
1992-07-06 00:00:00,,0.2
1992-07-06 09:00:00,18.0,
1992-07-07 00:00:00,,0.0
1992-07-07 09:00:00,17.700000000000003,
1992-07-08 00:00:00,,0.2
1992-07-08 09:00:00,18.15,
1992-07-09 00:00:00,,2.6
1992-07-09 09:00:00,16.5,
1992-07-10 00:00:00,,1.8
1992-07-10 09:00:00,16.35,
1992-07-11 00:00:00,,0.0
1992-07-11 09:00:00,17.4,
1992-07-12 00:00:00,,2.2
1992-07-12 09:00:00,17.0,
1992-07-13 00:00:00,,1.2
1992-07-13 09:00:00,18.0,
1992-07-14 00:00:00,,3.2
1992-07-14 09:00:00,17.65,
1992-07-15 00:00:00,,0.8
1992-07-15 09:00:00,18.55,
1992-07-16 00:00:00,,0.4
1992-07-16 09:00:00,20.55,
1992-07-17 00:00:00,,0.6
1992-07-17 09:00:00,21.3,
1992-07-18 00:00:00,,0.0
1992-07-18 09:00:00,20.35,
1992-07-19 00:00:00,,0.0
1992-07-19 09:00:00,20.5,
1992-07-20 00:00:00,,0.4
1992-07-20 09:00:00,20.85,
1992-07-21 00:00:00,,42.6
1992-07-21 09:00:00,21.55,
1992-07-22 00:00:00,,0.0
1992-07-22 09:00:00,18.200000000000003,
1992-07-23 00:00:00,,0.0
1992-07-23 09:00:00,19.1,
1992-07-24 00:00:00,,0.0
1992-07-24 09:00:00,21.05,
1992-07-25 00:00:00,,0.0
1992-07-25 09:00:00,19.2,
1992-07-26 00:00:00,,0.0
1992-07-26 09:00:00,19.45,
1992-07-27 00:00:00,,0.0
1992-07-27 09:00:00,17.45,
1992-07-28 00:00:00,,0.0
1992-07-28 09:00:00,16.75,
1992-07-29 00:00:00,,0.0
1992-07-29 09:00:00,18.55,
1992-07-30 00:00:00,,0.0
1992-07-30 09:00:00,20.65,
1992-07-31 00:00:00,,0.0
1992-07-31 09:00:00,21.85,
1992-08-01 00:00:00,,0.0
1992-08-01 09:00:00,21.4,
1992-08-02 00:00:00,,0.0
1992-08-02 09:00:00,22.1,
1992-08-03 00:00:00,,0.0
1992-08-03 09:00:00,19.5,
1992-08-04 00:00:00,,0.0
1992-08-04 09:00:00,18.65,
1992-08-05 00:00:00,,0.0
1992-08-05 09:00:00,19.3,
1992-08-06 00:00:00,,0.6
1992-08-06 09:00:00,19.85,
1992-08-07 00:00:00,,0.0
1992-08-07 09:00:00,20.3,
1992-08-08 00:00:00,,0.0
1992-08-08 09:00:00,22.15,
1992-08-09 00:00:00,,0.4
1992-08-09 09:00:00,22.0,
1992-08-10 00:00:00,,17.5
1992-08-10 09:00:00,19.700000000000003,
1992-08-11 00:00:00,,0.0
1992-08-11 09:00:00,18.6,
1992-08-12 00:00:00,,1.6
1992-08-12 09:00:00,18.25,
1992-08-13 00:00:00,,5.8
1992-08-13 09:00:00,16.05,
1992-08-14 00:00:00,,22.1
1992-08-14 09:00:00,14.0,
1992-08-15 00:00:00,,0.0
1992-08-15 09:00:00,14.95,
1992-08-16 00:00:00,,5.8
1992-08-16 09:00:00,18.5,
1992-08-17 00:00:00,,0.0
1992-08-17 09:00:00,16.25,
1992-08-18 00:00:00,,0.0
1992-08-18 09:00:00,16.75,
1992-08-19 00:00:00,,0.0
1992-08-19 09:00:00,16.65,
1992-08-20 00:00:00,,0.4
1992-08-20 09:00:00,20.25,
1992-08-21 00:00:00,,1.2
1992-08-21 09:00:00,16.200000000000003,
1992-08-22 00:00:00,,0.8
1992-08-22 09:00:00,19.4,
1992-08-23 00:00:00,,0.4
1992-08-23 09:00:00,15.5,
1992-08-24 00:00:00,,1.6
1992-08-24 09:00:00,16.8,
1992-08-25 00:00:00,,14.0
1992-08-25 09:00:00,18.3,
1992-08-26 00:00:00,,0.2
1992-08-26 09:00:00,18.85,
1992-08-27 00:00:00,,0.4
1992-08-27 09:00:00,17.6,
1992-08-28 00:00:00,,2.6
1992-08-28 09:00:00,18.8,
1992-08-29 00:00:00,,0.0
1992-08-29 09:00:00,16.5,
1992-08-30 00:00:00,,6.6
1992-08-30 09:00:00,16.5,
1992-08-31 00:00:00,,1.8
1992-08-31 09:00:00,14.15,
1992-09-01 00:00:00,,0.0
1992-09-01 09:00:00,13.75,
1992-09-02 00:00:00,,1.0
1992-09-02 09:00:00,15.0,
1992-09-03 00:00:00,,0.4
1992-09-03 09:00:00,17.3,
1992-09-04 00:00:00,,4.0
1992-09-04 09:00:00,13.6,
1992-09-05 00:00:00,,0.0
1992-09-05 09:00:00,12.35,
1992-09-06 00:00:00,,0.6
1992-09-06 09:00:00,13.35,
1992-09-07 00:00:00,,3.0
1992-09-07 09:00:00,15.15,
1992-09-08 00:00:00,,0.0
1992-09-08 09:00:00,13.65,
1992-09-09 00:00:00,,0.0
1992-09-09 09:00:00,13.95,
1992-09-10 00:00:00,,0.0
1992-09-10 09:00:00,13.8,
1992-09-11 00:00:00,,0.2
1992-09-11 09:00:00,17.85,
1992-09-12 00:00:00,,0.2
1992-09-12 09:00:00,14.85,
1992-09-13 00:00:00,,0.8
1992-09-13 09:00:00,15.35,
1992-09-14 00:00:00,,7.2
1992-09-14 09:00:00,12.05,
1992-09-15 00:00:00,,0.0
1992-09-15 09:00:00,14.5,
1992-09-16 00:00:00,,0.0
1992-09-16 09:00:00,15.25,
1992-09-17 00:00:00,,0.0
1992-09-17 09:00:00,16.65,
1992-09-18 00:00:00,,2.8
1992-09-18 09:00:00,19.2,
1992-09-19 00:00:00,,2.0
1992-09-19 09:00:00,17.1,
1992-09-20 00:00:00,,0.0
1992-09-20 09:00:00,15.0,
1992-09-21 00:00:00,,0.2
1992-09-21 09:00:00,16.6,
1992-09-22 00:00:00,,1.0
1992-09-22 09:00:00,17.1,
1992-09-23 00:00:00,,29.2
1992-09-23 09:00:00,14.7,
1992-09-24 00:00:00,,5.0
1992-09-24 09:00:00,14.0,
1992-09-25 00:00:00,,2.8
1992-09-25 09:00:00,15.25,
1992-09-26 00:00:00,,1.8
1992-09-26 09:00:00,14.1,
1992-09-27 00:00:00,,0.0
1992-09-27 09:00:00,19.3,
1992-09-28 00:00:00,,0.0
1992-09-28 09:00:00,18.9,
1992-09-29 00:00:00,,1.0
1992-09-29 09:00:00,17.5,
1992-09-30 00:00:00,,1.6
1992-09-30 09:00:00,17.85,
1992-10-01 00:00:00,,3.6
1992-10-01 09:00:00,13.55,
1992-10-02 00:00:00,,0.0
1992-10-02 09:00:00,13.8,
1992-10-03 00:00:00,,15.2
1992-10-03 09:00:00,14.85,
1992-10-04 00:00:00,,3.4
1992-10-04 09:00:00,13.1,
1992-10-05 00:00:00,,0.0
1992-10-05 09:00:00,14.4,
1992-10-06 00:00:00,,0.0
1992-10-06 09:00:00,13.45,
1992-10-07 00:00:00,,0.0
1992-10-07 09:00:00,12.8,
1992-10-08 00:00:00,,0.0
1992-10-08 09:00:00,13.3,
1992-10-09 00:00:00,,0.0
1992-10-09 09:00:00,10.55,
1992-10-10 00:00:00,,0.0
1992-10-10 09:00:00,11.25,
1992-10-11 00:00:00,,0.8
1992-10-11 09:00:00,11.4,
1992-10-12 00:00:00,,0.2
1992-10-12 09:00:00,11.8,
1992-10-13 00:00:00,,0.0
1992-10-13 09:00:00,9.7,
1992-10-14 00:00:00,,0.0
1992-10-14 09:00:00,8.75,
1992-10-15 00:00:00,,3.0
1992-10-15 09:00:00,8.3,
1992-10-16 00:00:00,,0.2
1992-10-16 09:00:00,5.9,
1992-10-17 00:00:00,,0.0
1992-10-17 09:00:00,5.45,
1992-10-18 00:00:00,,0.2
1992-10-18 09:00:00,6.800000000000001,
1992-10-19 00:00:00,,0.4
1992-10-19 09:00:00,8.2,
1992-10-20 00:00:00,,30.0
1992-10-20 09:00:00,9.05,
1992-10-21 00:00:00,,15.4
1992-10-21 09:00:00,7.75,
1992-10-22 00:00:00,,0.0
1992-10-22 09:00:00,7.5,
1992-10-23 00:00:00,,0.0
1992-10-23 09:00:00,8.5,
1992-10-24 00:00:00,,0.0
1992-10-24 09:00:00,7.4,
1992-10-25 00:00:00,,6.6
1992-10-25 09:00:00,9.55,
1992-10-26 00:00:00,,8.8
1992-10-26 09:00:00,8.549999999999999,
1992-10-27 00:00:00,,0.6
1992-10-27 09:00:00,8.75,
1992-10-28 00:00:00,,8.0
1992-10-28 09:00:00,7.85,
1992-10-29 00:00:00,,1.6
1992-10-29 09:00:00,7.75,
1992-10-30 00:00:00,,0.0
1992-10-30 09:00:00,6.9,
1992-10-31 00:00:00,,0.2
1992-10-31 09:00:00,5.55,
1992-11-01 00:00:00,,0.0
1992-11-01 09:00:00,7.0,
1992-11-02 00:00:00,,1.8
1992-11-02 09:00:00,12.2,
1992-11-03 00:00:00,,5.0
1992-11-03 09:00:00,10.1,
1992-11-04 00:00:00,,0.0
1992-11-04 09:00:00,8.35,
1992-11-05 00:00:00,,0.0
1992-11-05 09:00:00,11.5,
1992-11-06 00:00:00,,0.2
1992-11-06 09:00:00,12.05,
1992-11-07 00:00:00,,0.0
1992-11-07 09:00:00,13.85,
1992-11-08 00:00:00,,0.0
1992-11-08 09:00:00,12.1,
1992-11-09 00:00:00,,0.4
1992-11-09 09:00:00,11.05,
1992-11-10 00:00:00,,7.8
1992-11-10 09:00:00,9.3,
1992-11-11 00:00:00,,4.0
1992-11-11 09:00:00,10.75,
1992-11-12 00:00:00,,1.2
1992-11-12 09:00:00,7.550000000000001,
1992-11-13 00:00:00,,0.0
1992-11-13 09:00:00,6.15,
1992-11-14 00:00:00,,0.0
1992-11-14 09:00:00,4.3,
1992-11-15 00:00:00,,7.5
1992-11-15 09:00:00,7.45,
1992-11-16 00:00:00,,0.2
1992-11-16 09:00:00,7.800000000000001,
1992-11-17 00:00:00,,5.0
1992-11-17 09:00:00,5.9,
1992-11-18 00:00:00,,0.6
1992-11-18 09:00:00,4.95,
1992-11-19 00:00:00,,4.2
1992-11-19 09:00:00,9.4,
1992-11-20 00:00:00,,2.8
1992-11-20 09:00:00,6.65,
1992-11-21 00:00:00,,0.0
1992-11-21 09:00:00,6.0,
1992-11-22 00:00:00,,6.2
1992-11-22 09:00:00,9.95,
1992-11-23 00:00:00,,1.4
1992-11-23 09:00:00,13.6,
1992-11-24 00:00:00,,0.2
1992-11-24 09:00:00,10.45,
1992-11-25 00:00:00,,8.2
1992-11-25 09:00:00,11.25,
1992-11-26 00:00:00,,16.2
1992-11-26 09:00:00,9.35,
1992-11-27 00:00:00,,0.0
1992-11-27 09:00:00,7.4,
1992-11-28 00:00:00,,2.4
1992-11-28 09:00:00,8.7,
1992-11-29 00:00:00,,11.6
1992-11-29 09:00:00,7.15,
1992-11-30 00:00:00,,0.6
1992-11-30 09:00:00,10.4,
1992-12-01 00:00:00,,2.2
1992-12-01 09:00:00,10.1,
1992-12-02 00:00:00,,2.2
1992-12-02 09:00:00,11.3,
1992-12-03 00:00:00,,3.6
1992-12-03 09:00:00,10.1,
1992-12-04 00:00:00,,7.4
1992-12-04 09:00:00,5.95,
1992-12-05 00:00:00,,0.6
1992-12-05 09:00:00,3.9,
1992-12-06 00:00:00,,0.2
1992-12-06 09:00:00,3.75,
1992-12-07 00:00:00,,3.0
1992-12-07 09:00:00,6.050000000000001,
1992-12-08 00:00:00,,0.0
1992-12-08 09:00:00,8.6,
1992-12-09 00:00:00,,0.0
1992-12-09 09:00:00,7.199999999999999,
1992-12-10 00:00:00,,0.0
1992-12-10 09:00:00,6.050000000000001,
1992-12-11 00:00:00,,0.0
1992-12-11 09:00:00,5.15,
1992-12-12 00:00:00,,1.4
1992-12-12 09:00:00,9.25,
1992-12-13 00:00:00,,0.0
1992-12-13 09:00:00,5.75,
1992-12-14 00:00:00,,0.0
1992-12-14 09:00:00,7.800000000000001,
1992-12-15 00:00:00,,0.0
1992-12-15 09:00:00,10.0,
1992-12-16 00:00:00,,1.8
1992-12-16 09:00:00,8.85,
1992-12-17 00:00:00,,4.4
1992-12-17 09:00:00,6.05,
1992-12-18 00:00:00,,0.2
1992-12-18 09:00:00,6.8,
1992-12-19 00:00:00,,8.0
1992-12-19 09:00:00,9.3,
1992-12-20 00:00:00,,5.4
1992-12-20 09:00:00,4.65,
1992-12-21 00:00:00,,0.0
1992-12-21 09:00:00,3.85,
1992-12-22 00:00:00,,0.0
1992-12-22 09:00:00,4.05,
1992-12-23 00:00:00,,0.2
1992-12-23 09:00:00,3.2,
1992-12-24 00:00:00,,0.0
1992-12-24 09:00:00,1.15,
1992-12-25 00:00:00,,0.0
1992-12-25 09:00:00,3.0,
1992-12-26 00:00:00,,0.0
1992-12-26 09:00:00,5.65,
1992-12-27 00:00:00,,0.0
1992-12-27 09:00:00,5.85,
1992-12-28 00:00:00,,0.0
1992-12-28 09:00:00,5.0,
1992-12-29 00:00:00,,0.0
1992-12-29 09:00:00,2.75,
1992-12-30 00:00:00,,0.0
1992-12-30 09:00:00,0.5499999999999998,
1992-12-31 00:00:00,,0.0
1992-12-31 09:00:00,0.95,
1993-01-01 00:00:00,,0.0
1993-01-01 09:00:00,4.7,
1993-01-02 00:00:00,,0.2
1993-01-02 00:00:00,,0.2
1993-01-02 09:00:00,3.2,
1993-01-03 00:00:00,,0.0
1993-01-03 00:00:00,,0.0
1993-01-03 09:00:00,-1.6,
1993-01-04 00:00:00,,1.4
1993-01-04 00:00:00,,1.4
1993-01-04 09:00:00,0.4000000000000001,
1993-01-05 00:00:00,,0.2
1993-01-05 00:00:00,,0.2
1993-01-05 09:00:00,5.45,
1993-01-06 00:00:00,,4.0
1993-01-06 00:00:00,,4.0
1993-01-06 09:00:00,10.45,
1993-01-07 00:00:00,,7.2
1993-01-07 00:00:00,,7.2
1993-01-07 09:00:00,7.95,
1993-01-08 00:00:00,,0.2
1993-01-08 00:00:00,,0.2
1993-01-08 09:00:00,8.0,
1993-01-09 00:00:00,,0.0
1993-01-09 00:00:00,,0.0
1993-01-09 09:00:00,8.25,
1993-01-10 00:00:00,,5.0
1993-01-10 00:00:00,,5.0
1993-01-10 09:00:00,10.75,
1993-01-11 00:00:00,,12.2
1993-01-11 00:00:00,,12.2
1993-01-11 09:00:00,11.3,
1993-01-12 00:00:00,,1.2
1993-01-12 00:00:00,,1.2
1993-01-12 09:00:00,7.4,
1993-01-13 00:00:00,,0.6
1993-01-13 00:00:00,,0.6
1993-01-13 09:00:00,6.35,
1993-01-14 00:00:00,,5.4
1993-01-14 00:00:00,,5.4
1993-01-14 09:00:00,9.7,
1993-01-15 00:00:00,,2.8
1993-01-15 00:00:00,,2.8
1993-01-15 09:00:00,8.85,
1993-01-16 00:00:00,,0.8
1993-01-16 00:00:00,,0.8
1993-01-16 09:00:00,11.65,
1993-01-17 00:00:00,,0.0
1993-01-17 00:00:00,,0.0
1993-01-17 09:00:00,12.1,
1993-01-18 00:00:00,,0.0
1993-01-18 00:00:00,,0.0
1993-01-18 09:00:00,8.0,
1993-01-19 00:00:00,,1.0
1993-01-19 00:00:00,,1.0
1993-01-19 09:00:00,6.9,
1993-01-20 00:00:00,,0.8
1993-01-20 00:00:00,,0.8
1993-01-20 09:00:00,8.95,
1993-01-21 00:00:00,,0.0
1993-01-21 00:00:00,,0.0
1993-01-21 09:00:00,10.45,
1993-01-22 00:00:00,,0.6
1993-01-22 00:00:00,,0.6
1993-01-22 09:00:00,11.05,
1993-01-23 00:00:00,,3.6
1993-01-23 00:00:00,,3.6
1993-01-23 09:00:00,8.35,
1993-01-24 00:00:00,,2.0
1993-01-24 00:00:00,,2.0
1993-01-24 09:00:00,10.25,
1993-01-25 00:00:00,,0.6
1993-01-25 00:00:00,,0.6
1993-01-25 09:00:00,7.25,
1993-01-26 00:00:00,,0.0
1993-01-26 00:00:00,,0.0
1993-01-26 09:00:00,2.95,
1993-01-27 00:00:00,,5.8
1993-01-27 00:00:00,,5.8
1993-01-27 09:00:00,6.5,
1993-01-28 00:00:00,,1.6
1993-01-28 00:00:00,,1.6
1993-01-28 09:00:00,8.45,
1993-01-29 00:00:00,,0.4
1993-01-29 00:00:00,,0.4
1993-01-29 09:00:00,8.85,
1993-01-30 00:00:00,,0.2
1993-01-30 00:00:00,,0.2
1993-01-30 09:00:00,7.8,
1993-01-31 00:00:00,,0.2
1993-01-31 00:00:00,,0.2
1993-01-31 09:00:00,7.15,
1993-02-01 00:00:00,,0.2
1993-02-01 00:00:00,,0.2
1993-02-01 09:00:00,6.35,
1993-02-02 00:00:00,,0.0
1993-02-02 09:00:00,5.3,
1993-02-03 00:00:00,,0.2
1993-02-03 09:00:00,7.45,
1993-02-04 00:00:00,,0.0
1993-02-04 09:00:00,4.25,
1993-02-05 00:00:00,,0.0
1993-02-05 09:00:00,2.0500000000000003,
1993-02-06 00:00:00,,0.0
1993-02-06 09:00:00,2.35,
1993-02-07 00:00:00,,0.0
1993-02-07 09:00:00,7.9,
1993-02-08 00:00:00,,1.0
1993-02-08 09:00:00,9.75,
1993-02-09 00:00:00,,0.6
1993-02-09 09:00:00,8.35,
1993-02-10 00:00:00,,0.0
1993-02-10 09:00:00,5.1,
1993-02-11 00:00:00,,0.0
1993-02-11 09:00:00,3.75,
1993-02-12 00:00:00,,0.0
1993-02-12 09:00:00,3.45,
1993-02-13 00:00:00,,0.0
1993-02-13 09:00:00,4.199999999999999,
1993-02-14 00:00:00,,0.0
1993-02-14 09:00:00,5.0,
1993-02-15 00:00:00,,0.0
1993-02-15 09:00:00,2.55,
1993-02-16 00:00:00,,0.0
1993-02-16 09:00:00,5.300000000000001,
1993-02-17 00:00:00,,0.0
1993-02-17 09:00:00,8.649999999999999,
1993-02-18 00:00:00,,0.0
1993-02-18 09:00:00,10.25,
1993-02-19 00:00:00,,0.0
1993-02-19 09:00:00,7.800000000000001,
1993-02-20 00:00:00,,0.0
1993-02-20 09:00:00,6.5,
1993-02-21 00:00:00,,0.0
1993-02-21 09:00:00,6.8500000000000005,
1993-02-22 00:00:00,,0.0
1993-02-22 09:00:00,5.0,
1993-02-23 00:00:00,,0.2
1993-02-23 09:00:00,4.3,
1993-02-24 00:00:00,,0.0
1993-02-24 09:00:00,5.75,
1993-02-25 00:00:00,,0.0
1993-02-25 09:00:00,6.7,
1993-02-26 00:00:00,,1.8
1993-02-26 09:00:00,6.800000000000001,
1993-02-27 00:00:00,,3.2
1993-02-27 09:00:00,3.65,
1993-02-28 00:00:00,,0.0
1993-02-28 09:00:00,1.6999999999999995,
1993-03-01 00:00:00,,0.0
1993-03-01 09:00:00,2.05,
1993-03-02 00:00:00,,0.0
1993-03-02 09:00:00,4.050000000000001,
1993-03-03 00:00:00,,0.0
1993-03-03 09:00:00,3.75,
1993-03-04 00:00:00,,0.2
1993-03-04 09:00:00,3.85,
1993-03-05 00:00:00,,0.0
1993-03-05 09:00:00,3.5,
1993-03-06 00:00:00,,0.0
1993-03-06 09:00:00,6.65,
1993-03-07 00:00:00,,0.0
1993-03-07 09:00:00,9.15,
1993-03-08 00:00:00,,0.0
1993-03-08 09:00:00,7.25,
1993-03-09 00:00:00,,0.0
1993-03-09 09:00:00,7.2,
1993-03-10 00:00:00,,0.0
1993-03-10 09:00:00,5.65,
1993-03-11 00:00:00,,0.0
1993-03-11 09:00:00,8.1,
1993-03-12 00:00:00,,0.0
1993-03-12 09:00:00,10.75,
1993-03-13 00:00:00,,0.0
1993-03-13 09:00:00,12.7,
1993-03-14 00:00:00,,0.0
1993-03-14 09:00:00,13.2,
1993-03-15 00:00:00,,0.0
1993-03-15 09:00:00,12.4,
1993-03-16 00:00:00,,0.0
1993-03-16 09:00:00,14.35,
1993-03-17 00:00:00,,0.0
1993-03-17 09:00:00,10.95,
1993-03-18 00:00:00,,0.0
1993-03-18 09:00:00,14.3,
1993-03-19 00:00:00,,0.0
1993-03-19 09:00:00,9.25,
1993-03-20 00:00:00,,0.0
1993-03-20 09:00:00,7.4,
1993-03-21 00:00:00,,0.0
1993-03-21 09:00:00,10.4,
1993-03-22 00:00:00,,7.4
1993-03-22 09:00:00,12.0,
1993-03-23 00:00:00,,1.0
1993-03-23 09:00:00,9.0,
1993-03-24 00:00:00,,0.0
1993-03-24 09:00:00,7.300000000000001,
1993-03-25 00:00:00,,0.0
1993-03-25 09:00:00,7.8,
1993-03-26 00:00:00,,0.0
1993-03-26 09:00:00,6.55,
1993-03-27 00:00:00,,0.0
1993-03-27 09:00:00,5.2,
1993-03-28 00:00:00,,0.0
1993-03-28 09:00:00,5.6,
1993-03-29 00:00:00,,0.4
1993-03-29 09:00:00,8.25,
1993-03-30 00:00:00,,0.0
1993-03-30 09:00:00,10.7,
1993-03-31 00:00:00,,2.8
1993-03-31 09:00:00,9.65,
1993-04-01 00:00:00,,7.2
1993-04-01 09:00:00,10.05,
1993-04-02 00:00:00,,20.8
1993-04-02 00:00:00,,20.8
1993-04-02 09:00:00,5.55,
1993-04-03 00:00:00,,0.0
1993-04-03 00:00:00,,0.0
1993-04-03 09:00:00,8.05,
1993-04-04 00:00:00,,1.8
1993-04-04 00:00:00,,1.8
1993-04-04 09:00:00,7.8,
1993-04-05 00:00:00,,3.8
1993-04-05 00:00:00,,3.8
1993-04-05 09:00:00,9.55,
1993-04-06 00:00:00,,2.0
1993-04-06 00:00:00,,2.0
1993-04-06 09:00:00,11.85,
1993-04-07 00:00:00,,2.8
1993-04-07 00:00:00,,2.8
1993-04-07 09:00:00,10.6,
1993-04-08 00:00:00,,0.0
1993-04-08 00:00:00,,0.0
1993-04-08 09:00:00,9.4,
1993-04-09 00:00:00,,2.4
1993-04-09 00:00:00,,2.4
1993-04-09 09:00:00,11.1,
1993-04-10 00:00:00,,16.4
1993-04-10 00:00:00,,16.4
1993-04-10 09:00:00,7.75,
1993-04-11 00:00:00,,7.6
1993-04-11 00:00:00,,7.6
1993-04-11 09:00:00,11.35,
1993-04-12 00:00:00,,0.4
1993-04-12 00:00:00,,0.4
1993-04-12 09:00:00,10.05,
1993-04-13 00:00:00,,0.4
1993-04-13 00:00:00,,0.4
1993-04-13 09:00:00,10.85,
1993-04-14 00:00:00,,0.0
1993-04-14 00:00:00,,0.0
1993-04-14 09:00:00,9.65,
1993-04-15 00:00:00,,0.0
1993-04-15 00:00:00,,0.0
1993-04-15 09:00:00,9.3,
1993-04-16 00:00:00,,0.0
1993-04-16 00:00:00,,0.0
1993-04-16 09:00:00,10.85,
1993-04-17 00:00:00,,0.0
1993-04-17 00:00:00,,0.0
1993-04-17 09:00:00,13.1,
1993-04-18 00:00:00,,0.6
1993-04-18 00:00:00,,0.6
1993-04-18 09:00:00,13.45,
1993-04-19 00:00:00,,0.0
1993-04-19 00:00:00,,0.0
1993-04-19 09:00:00,14.2,
1993-04-20 00:00:00,,0.0
1993-04-20 00:00:00,,0.0
1993-04-20 09:00:00,13.55,
1993-04-21 00:00:00,,0.0
1993-04-21 00:00:00,,0.0
1993-04-21 09:00:00,15.75,
1993-04-22 00:00:00,,0.0
1993-04-22 00:00:00,,0.0
1993-04-22 09:00:00,13.05,
1993-04-23 00:00:00,,0.2
1993-04-23 00:00:00,,0.2
1993-04-23 09:00:00,13.1,
1993-04-24 00:00:00,,10.6
1993-04-24 00:00:00,,10.6
1993-04-24 09:00:00,12.9,
1993-04-25 00:00:00,,7.6
1993-04-25 00:00:00,,7.6
1993-04-25 09:00:00,12.2,
1993-04-26 00:00:00,,0.4
1993-04-26 00:00:00,,0.4
1993-04-26 09:00:00,13.0,
1993-04-27 00:00:00,,3.6
1993-04-27 00:00:00,,3.6
1993-04-27 09:00:00,11.85,
1993-04-28 00:00:00,,0.2
1993-04-28 00:00:00,,0.2
1993-04-28 09:00:00,14.6,
1993-04-29 00:00:00,,0.0
1993-04-29 00:00:00,,0.0
1993-04-29 09:00:00,12.85,
1993-04-30 00:00:00,,0.0
1993-04-30 00:00:00,,0.0
1993-04-30 09:00:00,15.3,
1993-05-01 00:00:00,,0.0
1993-05-01 00:00:00,,0.0
1993-05-01 09:00:00,17.7,
1993-05-02 00:00:00,,0.0
1993-05-02 09:00:00,15.55,
1993-05-03 00:00:00,,0.0
1993-05-03 09:00:00,10.2,
1993-05-04 00:00:00,,0.4
1993-05-04 09:00:00,9.65,
1993-05-05 00:00:00,,0.0
1993-05-05 09:00:00,11.05,
1993-05-06 00:00:00,,0.0
1993-05-06 09:00:00,10.35,
1993-05-07 00:00:00,,0.0
1993-05-07 09:00:00,10.65,
1993-05-08 00:00:00,,0.0
1993-05-08 09:00:00,12.65,
1993-05-09 00:00:00,,1.4
1993-05-09 09:00:00,13.55,
1993-05-10 00:00:00,,1.4
1993-05-10 09:00:00,14.4,
1993-05-11 00:00:00,,0.0
1993-05-11 09:00:00,16.15,
1993-05-12 00:00:00,,0.2
1993-05-12 09:00:00,18.05,
1993-05-13 00:00:00,,0.0
1993-05-13 09:00:00,15.05,
1993-05-14 00:00:00,,0.0
1993-05-14 09:00:00,13.0,
1993-05-15 00:00:00,,2.0
1993-05-15 09:00:00,10.75,
1993-05-16 00:00:00,,2.8
1993-05-16 09:00:00,10.95,
1993-05-17 00:00:00,,0.6
1993-05-17 09:00:00,16.0,
1993-05-18 00:00:00,,10.0
1993-05-18 09:00:00,16.450000000000003,
1993-05-19 00:00:00,,0.0
1993-05-19 09:00:00,15.4,
1993-05-20 00:00:00,,0.0
1993-05-20 09:00:00,14.65,
1993-05-21 00:00:00,,10.2
1993-05-21 09:00:00,11.1,
1993-05-22 00:00:00,,0.0
1993-05-22 09:00:00,13.05,
1993-05-23 00:00:00,,0.0
1993-05-23 09:00:00,16.5,
1993-05-24 00:00:00,,0.0
1993-05-24 09:00:00,18.55,
1993-05-25 00:00:00,,0.0
1993-05-25 09:00:00,18.35,
1993-05-26 00:00:00,,0.0
1993-05-26 09:00:00,15.35,
1993-05-27 00:00:00,,6.8
1993-05-27 09:00:00,14.7,
1993-05-28 00:00:00,,4.6
1993-05-28 09:00:00,12.4,
1993-05-29 00:00:00,,0.4
1993-05-29 09:00:00,13.95,
1993-05-30 00:00:00,,2.6
1993-05-30 09:00:00,16.95,
1993-05-31 00:00:00,,0.0
1993-05-31 09:00:00,14.4,
1993-06-01 00:00:00,,0.6
1993-06-01 09:00:00,15.4,
1993-06-02 00:00:00,,1.6
1993-06-02 00:00:00,,1.6
1993-06-02 09:00:00,16.75,
1993-06-03 00:00:00,,10.4
1993-06-03 00:00:00,,10.4
1993-06-03 09:00:00,16.25,
1993-06-04 00:00:00,,0.0
1993-06-04 00:00:00,,0.0
1993-06-04 09:00:00,15.1,
1993-06-05 00:00:00,,0.0
1993-06-05 00:00:00,,0.0
1993-06-05 09:00:00,17.55,
1993-06-06 00:00:00,,0.0
1993-06-06 00:00:00,,0.0
1993-06-06 09:00:00,18.200000000000003,
1993-06-07 00:00:00,,0.2
1993-06-07 00:00:00,,0.2
1993-06-07 09:00:00,20.25,
1993-06-08 00:00:00,,0.0
1993-06-08 00:00:00,,0.0
1993-06-08 09:00:00,20.45,
1993-06-09 00:00:00,,0.0
1993-06-09 00:00:00,,0.0
1993-06-09 09:00:00,22.95,
1993-06-10 00:00:00,,0.0
1993-06-10 00:00:00,,0.0
1993-06-10 09:00:00,22.85,
1993-06-11 00:00:00,,1.2
1993-06-11 00:00:00,,1.2
1993-06-11 09:00:00,20.05,
1993-06-12 00:00:00,,11.6
1993-06-12 00:00:00,,11.6
1993-06-12 09:00:00,16.25,
1993-06-13 00:00:00,,3.2
1993-06-13 00:00:00,,3.2
1993-06-13 09:00:00,15.65,
1993-06-14 00:00:00,,3.0
1993-06-14 00:00:00,,3.0
1993-06-14 09:00:00,15.0,
1993-06-15 00:00:00,,6.4
1993-06-15 00:00:00,,6.4
1993-06-15 09:00:00,13.85,
1993-06-16 00:00:00,,2.6
1993-06-16 00:00:00,,2.6
1993-06-16 09:00:00,17.45,
1993-06-17 00:00:00,,11.8
1993-06-17 00:00:00,,11.8
1993-06-17 09:00:00,14.8,
1993-06-18 00:00:00,,0.0
1993-06-18 00:00:00,,0.0
1993-06-18 09:00:00,18.3,
1993-06-19 00:00:00,,0.4
1993-06-19 00:00:00,,0.4
1993-06-19 09:00:00,16.45,
1993-06-20 00:00:00,,0.0
1993-06-20 00:00:00,,0.0
1993-06-20 09:00:00,15.35,
1993-06-21 00:00:00,,0.0
1993-06-21 00:00:00,,0.0
1993-06-21 09:00:00,16.25,
1993-06-22 00:00:00,,0.0
1993-06-22 00:00:00,,0.0
1993-06-22 09:00:00,15.5,
1993-06-23 00:00:00,,0.0
1993-06-23 00:00:00,,0.0
1993-06-23 09:00:00,16.25,
1993-06-24 00:00:00,,0.0
1993-06-24 00:00:00,,0.0
1993-06-24 09:00:00,15.95,
1993-06-25 00:00:00,,0.0
1993-06-25 00:00:00,,0.0
1993-06-25 09:00:00,16.5,
1993-06-26 00:00:00,,0.0
1993-06-26 00:00:00,,0.0
1993-06-26 09:00:00,18.3,
1993-06-27 00:00:00,,0.2
1993-06-27 00:00:00,,0.2
1993-06-27 09:00:00,19.9,
1993-06-28 00:00:00,,0.0
1993-06-28 00:00:00,,0.0
1993-06-28 09:00:00,19.35,
1993-06-29 00:00:00,,0.0
1993-06-29 00:00:00,,0.0
1993-06-29 09:00:00,17.6,
1993-06-30 00:00:00,,0.0
1993-06-30 00:00:00,,0.0
1993-06-30 09:00:00,18.85,
1993-07-01 00:00:00,,0.0
1993-07-01 00:00:00,,0.0
1993-07-01 09:00:00,20.35,
1993-07-02 00:00:00,,0.0
1993-07-02 09:00:00,19.45,
1993-07-03 00:00:00,,0.0
1993-07-03 09:00:00,20.8,
1993-07-04 00:00:00,,0.0
1993-07-04 09:00:00,22.0,
1993-07-05 00:00:00,,0.0
1993-07-05 09:00:00,21.15,
1993-07-06 00:00:00,,0.0
1993-07-06 09:00:00,15.8,
1993-07-07 00:00:00,,0.0
1993-07-07 09:00:00,17.9,
1993-07-08 00:00:00,,0.0
1993-07-08 09:00:00,18.8,
1993-07-09 00:00:00,,0.0
1993-07-09 09:00:00,19.25,
1993-07-10 00:00:00,,8.0
1993-07-10 09:00:00,13.05,
1993-07-11 00:00:00,,2.0
1993-07-11 09:00:00,13.1,
1993-07-12 00:00:00,,0.0
1993-07-12 09:00:00,13.65,
1993-07-13 00:00:00,,0.0
1993-07-13 09:00:00,13.7,
1993-07-14 00:00:00,,7.2
1993-07-14 09:00:00,16.15,
1993-07-15 00:00:00,,1.8
1993-07-15 09:00:00,19.15,
1993-07-16 00:00:00,,3.4
1993-07-16 09:00:00,19.0,
1993-07-17 00:00:00,,0.0
1993-07-17 09:00:00,18.8,
1993-07-18 00:00:00,,0.0
1993-07-18 09:00:00,16.7,
1993-07-19 00:00:00,,2.0
1993-07-19 09:00:00,16.65,
1993-07-20 00:00:00,,1.2
1993-07-20 09:00:00,17.3,
1993-07-21 00:00:00,,1.6
1993-07-21 09:00:00,16.15,
1993-07-22 00:00:00,,0.0
1993-07-22 09:00:00,16.1,
1993-07-23 00:00:00,,0.0
1993-07-23 09:00:00,19.4,
1993-07-24 00:00:00,,1.2
1993-07-24 09:00:00,20.9,
1993-07-25 00:00:00,,0.8
1993-07-25 09:00:00,15.65,
1993-07-26 00:00:00,,0.0
1993-07-26 09:00:00,15.7,
1993-07-27 00:00:00,,2.2
1993-07-27 09:00:00,17.25,
1993-07-28 00:00:00,,2.2
1993-07-28 09:00:00,18.4,
1993-07-29 00:00:00,,0.0
1993-07-29 09:00:00,21.3,
1993-07-30 00:00:00,,0.0
1993-07-30 09:00:00,18.35,
1993-07-31 00:00:00,,4.0
1993-07-31 09:00:00,16.95,
1993-08-01 00:00:00,,0.0
1993-08-01 09:00:00,15.55,
1993-08-02 00:00:00,,0.0
1993-08-02 00:00:00,,0.0
1993-08-02 09:00:00,18.2,
1993-08-03 00:00:00,,0.0
1993-08-03 00:00:00,,0.0
1993-08-03 09:00:00,18.55,
1993-08-04 00:00:00,,0.0
1993-08-04 00:00:00,,0.0
1993-08-04 09:00:00,17.9,
1993-08-05 00:00:00,,1.0
1993-08-05 00:00:00,,1.0
1993-08-05 09:00:00,17.65,
1993-08-06 00:00:00,,0.0
1993-08-06 00:00:00,,0.0
1993-08-06 09:00:00,15.8,
1993-08-07 00:00:00,,0.0
1993-08-07 00:00:00,,0.0
1993-08-07 09:00:00,18.3,
1993-08-08 00:00:00,,0.0
1993-08-08 00:00:00,,0.0
1993-08-08 09:00:00,19.75,
1993-08-09 00:00:00,,0.4
1993-08-09 00:00:00,,0.4
1993-08-09 09:00:00,18.950000000000003,
1993-08-10 00:00:00,,1.4
1993-08-10 00:00:00,,1.4
1993-08-10 09:00:00,18.4,
1993-08-11 00:00:00,,0.0
1993-08-11 00:00:00,,0.0
1993-08-11 09:00:00,16.45,
1993-08-12 00:00:00,,16.0
1993-08-12 00:00:00,,16.0
1993-08-12 09:00:00,18.0,
1993-08-13 00:00:00,,0.0
1993-08-13 00:00:00,,0.0
1993-08-13 09:00:00,14.9,
1993-08-14 00:00:00,,0.0
1993-08-14 00:00:00,,0.0
1993-08-14 09:00:00,17.1,
1993-08-15 00:00:00,,0.0
1993-08-15 00:00:00,,0.0
1993-08-15 09:00:00,20.7,
1993-08-16 00:00:00,,0.0
1993-08-16 00:00:00,,0.0
1993-08-16 09:00:00,19.25,
1993-08-17 00:00:00,,0.0
1993-08-17 00:00:00,,0.0
1993-08-17 09:00:00,17.8,
1993-08-18 00:00:00,,0.0
1993-08-18 00:00:00,,0.0
1993-08-18 09:00:00,17.6,
1993-08-19 00:00:00,,0.0
1993-08-19 00:00:00,,0.0
1993-08-19 09:00:00,17.85,
1993-08-20 00:00:00,,0.0
1993-08-20 00:00:00,,0.0
1993-08-20 09:00:00,21.0,
1993-08-21 00:00:00,,0.0
1993-08-21 00:00:00,,0.0
1993-08-21 09:00:00,19.4,
1993-08-22 00:00:00,,6.6
1993-08-22 00:00:00,,6.6
1993-08-22 09:00:00,18.9,
1993-08-23 00:00:00,,0.6
1993-08-23 00:00:00,,0.6
1993-08-23 09:00:00,14.25,
1993-08-24 00:00:00,,0.0
1993-08-24 00:00:00,,0.0
1993-08-24 09:00:00,14.05,
1993-08-25 00:00:00,,0.0
1993-08-25 00:00:00,,0.0
1993-08-25 09:00:00,12.8,
1993-08-26 00:00:00,,0.0
1993-08-26 00:00:00,,0.0
1993-08-26 09:00:00,13.85,
1993-08-27 00:00:00,,0.0
1993-08-27 00:00:00,,0.0
1993-08-27 09:00:00,14.5,
1993-08-28 00:00:00,,0.0
1993-08-28 00:00:00,,0.0
1993-08-28 09:00:00,14.2,
1993-08-29 00:00:00,,0.0
1993-08-29 00:00:00,,0.0
1993-08-29 09:00:00,14.65,
1993-08-30 00:00:00,,0.0
1993-08-30 00:00:00,,0.0
1993-08-30 09:00:00,18.85,
1993-08-31 00:00:00,,0.0
1993-08-31 00:00:00,,0.0
1993-08-31 09:00:00,17.5,
1993-09-01 00:00:00,,0.0
1993-09-01 00:00:00,,0.0
1993-09-01 09:00:00,15.25,
1993-09-02 00:00:00,,0.0
1993-09-02 00:00:00,,0.0
1993-09-02 09:00:00,18.25,
1993-09-03 00:00:00,,0.0
1993-09-03 00:00:00,,0.0
1993-09-03 09:00:00,16.1,
1993-09-04 00:00:00,,0.0
1993-09-04 00:00:00,,0.0
1993-09-04 09:00:00,14.0,
1993-09-05 00:00:00,,0.0
1993-09-05 00:00:00,,0.0
1993-09-05 09:00:00,13.95,
1993-09-06 00:00:00,,0.0
1993-09-06 00:00:00,,0.0
1993-09-06 09:00:00,13.6,
1993-09-07 00:00:00,,0.0
1993-09-07 00:00:00,,0.0
1993-09-07 09:00:00,15.75,
1993-09-08 00:00:00,,6.2
1993-09-08 00:00:00,,6.2
1993-09-08 09:00:00,18.3,
1993-09-09 00:00:00,,3.2
1993-09-09 00:00:00,,3.2
1993-09-09 09:00:00,18.4,
1993-09-10 00:00:00,,1.4
1993-09-10 00:00:00,,1.4
1993-09-10 09:00:00,17.200000000000003,
1993-09-11 00:00:00,,0.6
1993-09-11 00:00:00,,0.6
1993-09-11 09:00:00,13.25,
1993-09-12 00:00:00,,0.2
1993-09-12 00:00:00,,0.2
1993-09-12 09:00:00,14.05,
1993-09-13 00:00:00,,9.8
1993-09-13 00:00:00,,9.8
1993-09-13 09:00:00,14.6,
1993-09-14 00:00:00,,18.0
1993-09-14 00:00:00,,18.0
1993-09-14 09:00:00,14.95,
1993-09-15 00:00:00,,0.0
1993-09-15 00:00:00,,0.0
1993-09-15 09:00:00,13.1,
1993-09-16 00:00:00,,3.0
1993-09-16 00:00:00,,3.0
1993-09-16 09:00:00,14.35,
1993-09-17 00:00:00,,2.8
1993-09-17 00:00:00,,2.8
1993-09-17 09:00:00,12.95,
1993-09-18 00:00:00,,0.0
1993-09-18 00:00:00,,0.0
1993-09-18 09:00:00,12.8,
1993-09-19 00:00:00,,0.0
1993-09-19 00:00:00,,0.0
1993-09-19 09:00:00,13.7,
1993-09-20 00:00:00,,0.0
1993-09-20 00:00:00,,0.0
1993-09-20 09:00:00,17.35,
1993-09-21 00:00:00,,6.8
1993-09-21 00:00:00,,6.8
1993-09-21 09:00:00,15.55,
1993-09-22 00:00:00,,0.2
1993-09-22 00:00:00,,0.2
1993-09-22 09:00:00,16.1,
1993-09-23 00:00:00,,5.2
1993-09-23 00:00:00,,5.2
1993-09-23 09:00:00,14.7,
1993-09-24 00:00:00,,0.0
1993-09-24 00:00:00,,0.0
1993-09-24 09:00:00,13.5,
1993-09-25 00:00:00,,0.2
1993-09-25 00:00:00,,0.2
1993-09-25 09:00:00,15.25,
1993-09-26 00:00:00,,0.6
1993-09-26 00:00:00,,0.6
1993-09-26 09:00:00,11.7,
1993-09-27 00:00:00,,1.4
1993-09-27 00:00:00,,1.4
1993-09-27 09:00:00,11.6,
1993-09-28 00:00:00,,8.2
1993-09-28 00:00:00,,8.2
1993-09-28 09:00:00,9.9,
1993-09-29 00:00:00,,5.0
1993-09-29 00:00:00,,5.0
1993-09-29 09:00:00,11.1,
1993-09-30 00:00:00,,4.0
1993-09-30 00:00:00,,4.0
1993-09-30 09:00:00,11.7,
1993-10-01 00:00:00,,11.6
1993-10-01 00:00:00,,11.6
1993-10-01 09:00:00,12.35,
1993-10-02 00:00:00,,38.6
1993-10-02 00:00:00,,38.1
1993-10-02 09:00:00,12.35,
1993-10-03 00:00:00,,6.6
1993-10-03 00:00:00,,8.0
1993-10-03 09:00:00,11.35,
1993-10-04 00:00:00,,2.4
1993-10-04 00:00:00,,2.6
1993-10-04 09:00:00,14.35,
1993-10-05 00:00:00,,3.9
1993-10-05 00:00:00,,6.0
1993-10-05 09:00:00,14.15,
1993-10-06 00:00:00,,2.3
1993-10-06 00:00:00,,2.8
1993-10-06 09:00:00,14.2,
1993-10-07 00:00:00,,7.4
1993-10-07 00:00:00,,8.0
1993-10-07 09:00:00,13.5,
1993-10-08 00:00:00,,1.4
1993-10-08 00:00:00,,1.6
1993-10-08 09:00:00,12.7,
1993-10-09 00:00:00,,0.6
1993-10-09 00:00:00,,0.6
1993-10-09 09:00:00,14.1,
1993-10-10 00:00:00,,1.0
1993-10-10 00:00:00,,1.0
1993-10-10 09:00:00,12.1,
1993-10-11 00:00:00,,7.8
1993-10-11 00:00:00,,7.8
1993-10-11 09:00:00,14.6,
1993-10-12 00:00:00,,7.4
1993-10-12 00:00:00,,7.4
1993-10-12 09:00:00,15.9,
1993-10-13 00:00:00,,14.4
1993-10-13 00:00:00,,14.4
1993-10-13 09:00:00,14.85,
1993-10-14 00:00:00,,0.2
1993-10-14 00:00:00,,0.2
1993-10-14 09:00:00,12.55,
1993-10-15 00:00:00,,0.0
1993-10-15 00:00:00,,0.0
1993-10-15 09:00:00,7.800000000000001,
1993-10-16 00:00:00,,0.0
1993-10-16 00:00:00,,0.0
1993-10-16 09:00:00,6.75,
1993-10-17 00:00:00,,0.0
1993-10-17 00:00:00,,0.0
1993-10-17 09:00:00,6.3,
1993-10-18 00:00:00,,0.0
1993-10-18 00:00:00,,0.0
1993-10-18 09:00:00,8.85,
1993-10-19 00:00:00,,0.0
1993-10-19 00:00:00,,0.0
1993-10-19 09:00:00,8.2,
1993-10-20 00:00:00,,0.0
1993-10-20 00:00:00,,0.0
1993-10-20 09:00:00,6.6000000000000005,
1993-10-21 00:00:00,,0.0
1993-10-21 00:00:00,,0.0
1993-10-21 09:00:00,7.7,
1993-10-22 00:00:00,,0.0
1993-10-22 00:00:00,,0.0
1993-10-22 09:00:00,8.3,
1993-10-23 00:00:00,,0.0
1993-10-23 00:00:00,,0.0
1993-10-23 09:00:00,10.6,
1993-10-24 00:00:00,,0.0
1993-10-24 00:00:00,,0.0
1993-10-24 09:00:00,9.8,
1993-10-25 00:00:00,,0.6
1993-10-25 00:00:00,,0.6
1993-10-25 09:00:00,9.2,
1993-10-26 00:00:00,,0.0
1993-10-26 00:00:00,,0.0
1993-10-26 09:00:00,10.55,
1993-10-27 00:00:00,,0.0
1993-10-27 00:00:00,,0.0
1993-10-27 09:00:00,11.15,
1993-10-28 00:00:00,,0.4
1993-10-28 00:00:00,,0.4
1993-10-28 09:00:00,10.8,
1993-10-29 00:00:00,,0.0
1993-10-29 00:00:00,,0.0
1993-10-29 09:00:00,10.4,
1993-10-30 00:00:00,,0.0
1993-10-30 00:00:00,,0.0
1993-10-30 09:00:00,10.1,
1993-10-31 00:00:00,,0.0
1993-10-31 00:00:00,,0.0
1993-10-31 09:00:00,9.5,
1993-11-01 00:00:00,,0.0
1993-11-01 00:00:00,,0.0
1993-11-01 09:00:00,8.85,
1993-11-02 00:00:00,,0.2
1993-11-02 00:00:00,,0.2
1993-11-02 09:00:00,7.45,
1993-11-03 00:00:00,,0.0
1993-11-03 00:00:00,,0.0
1993-11-03 09:00:00,8.649999999999999,
1993-11-04 00:00:00,,0.0
1993-11-04 00:00:00,,0.0
1993-11-04 09:00:00,12.8,
1993-11-05 00:00:00,,0.2
1993-11-05 00:00:00,,0.2
1993-11-05 09:00:00,13.95,
1993-11-06 00:00:00,,0.0
1993-11-06 00:00:00,,0.0
1993-11-06 09:00:00,12.75,
1993-11-07 00:00:00,,0.0
1993-11-07 00:00:00,,0.0
1993-11-07 09:00:00,10.45,
1993-11-08 00:00:00,,0.0
1993-11-08 00:00:00,,0.0
1993-11-08 09:00:00,9.35,
1993-11-09 00:00:00,,0.0
1993-11-09 00:00:00,,0.0
1993-11-09 09:00:00,7.05,
1993-11-10 00:00:00,,7.2
1993-11-10 00:00:00,,7.2
1993-11-10 09:00:00,9.95,
1993-11-11 00:00:00,,2.0
1993-11-11 00:00:00,,2.0
1993-11-11 09:00:00,8.8,
1993-11-12 00:00:00,,0.2
1993-11-12 00:00:00,,0.2
1993-11-12 09:00:00,7.399999999999999,
1993-11-13 00:00:00,,7.0
1993-11-13 00:00:00,,7.0
1993-11-13 09:00:00,9.25,
1993-11-14 00:00:00,,7.8
1993-11-14 00:00:00,,7.8
1993-11-14 09:00:00,10.2,
1993-11-15 00:00:00,,0.2
1993-11-15 00:00:00,,0.2
1993-11-15 09:00:00,5.85,
1993-11-16 00:00:00,,0.0
1993-11-16 00:00:00,,0.0
1993-11-16 09:00:00,6.4,
1993-11-17 00:00:00,,0.0
1993-11-17 00:00:00,,0.0
1993-11-17 09:00:00,5.4,
1993-11-18 00:00:00,,0.0
1993-11-18 00:00:00,,0.0
1993-11-18 09:00:00,3.9,
1993-11-19 00:00:00,,0.0
1993-11-19 00:00:00,,0.0
1993-11-19 09:00:00,3.25,
1993-11-20 00:00:00,,0.2
1993-11-20 00:00:00,,0.2
1993-11-20 09:00:00,3.8,
1993-11-21 00:00:00,,0.2
1993-11-21 00:00:00,,0.2
1993-11-21 09:00:00,3.15,
1993-11-22 00:00:00,,1.8
1993-11-22 00:00:00,,1.8
1993-11-22 09:00:00,0.1999999999999999,
1993-11-23 00:00:00,,0.2
1993-11-23 00:00:00,,0.2
1993-11-23 09:00:00,0.55,
1993-11-24 00:00:00,,0.0
1993-11-24 00:00:00,,0.0
1993-11-24 09:00:00,0.1499999999999999,
1993-11-25 00:00:00,,0.0
1993-11-25 00:00:00,,0.0
1993-11-25 09:00:00,4.0,
1993-11-26 00:00:00,,0.0
1993-11-26 00:00:00,,0.0
1993-11-26 09:00:00,7.25,
1993-11-27 00:00:00,,0.0
1993-11-27 00:00:00,,0.0
1993-11-27 09:00:00,4.95,
1993-11-28 00:00:00,,0.0
1993-11-28 00:00:00,,0.0
1993-11-28 09:00:00,4.45,
1993-11-29 00:00:00,,0.0
1993-11-29 00:00:00,,0.0
1993-11-29 09:00:00,0.0,
1993-11-30 00:00:00,,6.0
1993-11-30 00:00:00,,5.2
1993-11-30 09:00:00,3.0,
1993-12-01 00:00:00,,0.4
1993-12-01 00:00:00,,0.4
1993-12-01 09:00:00,8.05,
1993-12-02 00:00:00,,0.2
1993-12-02 09:00:00,7.9,
1993-12-03 00:00:00,,0.0
1993-12-03 09:00:00,11.45,
1993-12-04 00:00:00,,0.2
1993-12-04 09:00:00,11.75,
1993-12-05 00:00:00,,1.2
1993-12-05 09:00:00,8.2,
1993-12-06 00:00:00,,0.0
1993-12-06 09:00:00,9.55,
1993-12-07 00:00:00,,4.2
1993-12-07 09:00:00,8.85,
1993-12-08 00:00:00,,3.6
1993-12-08 09:00:00,7.15,
1993-12-09 00:00:00,,2.4
1993-12-09 09:00:00,8.0,
1993-12-10 00:00:00,,1.0
1993-12-10 09:00:00,10.15,
1993-12-11 00:00:00,,0.0
1993-12-11 09:00:00,6.65,
1993-12-12 00:00:00,,0.0
1993-12-12 09:00:00,5.949999999999999,
1993-12-13 00:00:00,,9.2
1993-12-13 09:00:00,8.75,
1993-12-14 00:00:00,,1.0
1993-12-14 09:00:00,6.95,
1993-12-15 00:00:00,,4.4
1993-12-15 09:00:00,4.3,
1993-12-16 00:00:00,,0.2
1993-12-16 09:00:00,5.75,
1993-12-17 00:00:00,,0.2
1993-12-17 09:00:00,6.55,
1993-12-18 00:00:00,,0.4
1993-12-18 09:00:00,7.55,
1993-12-19 00:00:00,,7.6
1993-12-19 09:00:00,11.25,
1993-12-20 00:00:00,,7.6
1993-12-20 09:00:00,9.4,
1993-12-21 00:00:00,,3.8
1993-12-21 09:00:00,6.5,
1993-12-22 00:00:00,,1.0
1993-12-22 09:00:00,5.45,
1993-12-23 00:00:00,,4.0
1993-12-23 09:00:00,5.1,
1993-12-24 00:00:00,,2.6
1993-12-24 09:00:00,4.8,
1993-12-25 00:00:00,,0.0
1993-12-25 09:00:00,3.8,
1993-12-26 00:00:00,,0.0
1993-12-26 09:00:00,3.0,
1993-12-27 00:00:00,,0.0
1993-12-27 09:00:00,2.55,
1993-12-28 00:00:00,,1.6
1993-12-28 09:00:00,1.6,
1993-12-29 00:00:00,,1.6
1993-12-29 09:00:00,6.15,
1993-12-30 00:00:00,,3.8
1993-12-30 09:00:00,8.25,
1993-12-31 00:00:00,,11.6
1993-12-31 09:00:00,8.8,
1994-01-01 00:00:00,,0.0
1994-01-01 09:00:00,5.1,
1994-01-02 00:00:00,,5.6
1994-01-02 09:00:00,4.75,
1994-01-03 00:00:00,,1.8
1994-01-03 09:00:00,7.5,
1994-01-04 00:00:00,,9.4
1994-01-04 09:00:00,7.8,
1994-01-05 00:00:00,,5.8
1994-01-05 09:00:00,6.15,
1994-01-06 00:00:00,,2.4
1994-01-06 09:00:00,6.55,
1994-01-07 00:00:00,,10.4
1994-01-07 09:00:00,2.0,
1994-01-08 00:00:00,,0.1
1994-01-08 09:00:00,1.25,
1994-01-09 00:00:00,,1.7
1994-01-09 09:00:00,5.0,
1994-01-10 00:00:00,,15.6
1994-01-10 09:00:00,7.75,
1994-01-11 00:00:00,,0.3
1994-01-11 09:00:00,6.5,
1994-01-12 00:00:00,,2.5
1994-01-12 09:00:00,8.0,
1994-01-13 00:00:00,,3.5
1994-01-13 09:00:00,10.55,
1994-01-14 00:00:00,,2.4
1994-01-14 09:00:00,9.8,
1994-01-15 00:00:00,,1.6
1994-01-15 09:00:00,7.75,
1994-01-16 00:00:00,,0.2
1994-01-16 09:00:00,6.199999999999999,
1994-01-17 00:00:00,,0.2
1994-01-17 09:00:00,4.9,
1994-01-18 00:00:00,,0.2
1994-01-18 09:00:00,2.85,
1994-01-19 00:00:00,,3.6
1994-01-19 09:00:00,5.75,
1994-01-20 00:00:00,,0.2
1994-01-20 09:00:00,4.85,
1994-01-21 00:00:00,,0.0
1994-01-21 09:00:00,6.0,
1994-01-22 00:00:00,,0.0
1994-01-22 09:00:00,8.35,
1994-01-23 00:00:00,,1.4
1994-01-23 09:00:00,9.0,
1994-01-24 00:00:00,,0.6
1994-01-24 09:00:00,8.149999999999999,
1994-01-25 00:00:00,,0.8
1994-01-25 09:00:00,8.8,
1994-01-26 00:00:00,,2.4
1994-01-26 09:00:00,8.95,
1994-01-27 00:00:00,,0.0
1994-01-27 09:00:00,10.2,
1994-01-28 00:00:00,,2.2
1994-01-28 09:00:00,7.800000000000001,
1994-01-29 00:00:00,,0.4
1994-01-29 09:00:00,4.949999999999999,
1994-01-30 00:00:00,,0.6
1994-01-30 09:00:00,7.6,
1994-01-31 00:00:00,,0.0
1994-01-31 09:00:00,6.45,
1994-02-01 00:00:00,,0.0
1994-02-01 09:00:00,7.15,
1994-02-02 00:00:00,,2.6
1994-02-02 00:00:00,,2.6
1994-02-02 09:00:00,5.3,
1994-02-03 00:00:00,,5.2
1994-02-03 00:00:00,,5.2
1994-02-03 09:00:00,5.4,
1994-02-04 00:00:00,,3.8
1994-02-04 00:00:00,,3.8
1994-02-04 09:00:00,8.05,
1994-02-05 00:00:00,,0.2
1994-02-05 00:00:00,,0.2
1994-02-05 09:00:00,6.75,
1994-02-06 00:00:00,,0.0
1994-02-06 00:00:00,,0.0
1994-02-06 09:00:00,7.15,
1994-02-07 00:00:00,,4.2
1994-02-07 00:00:00,,4.2
1994-02-07 09:00:00,7.7,
1994-02-08 00:00:00,,0.2
1994-02-08 00:00:00,,0.0
1994-02-08 09:00:00,5.2,
1994-02-09 00:00:00,,1.2
1994-02-09 00:00:00,,1.2
1994-02-09 09:00:00,6.65,
1994-02-10 00:00:00,,0.0
1994-02-10 00:00:00,,0.0
1994-02-10 09:00:00,6.1000000000000005,
1994-02-11 00:00:00,,0.6
1994-02-11 00:00:00,,0.6
1994-02-11 09:00:00,6.3500000000000005,
1994-02-12 00:00:00,,0.8
1994-02-12 00:00:00,,0.8
1994-02-12 09:00:00,4.65,
1994-02-13 00:00:00,,0.0
1994-02-13 00:00:00,,0.0
1994-02-13 09:00:00,5.0,
1994-02-14 00:00:00,,0.0
1994-02-14 00:00:00,,0.0
1994-02-14 09:00:00,-0.25,
1994-02-15 00:00:00,,2.0
1994-02-15 00:00:00,,2.0
1994-02-15 09:00:00,-1.55,
1994-02-16 00:00:00,,0.2
1994-02-16 00:00:00,,0.2
1994-02-16 09:00:00,4.15,
1994-02-17 00:00:00,,0.0
1994-02-17 00:00:00,,0.0
1994-02-17 09:00:00,6.199999999999999,
1994-02-18 00:00:00,,0.0
1994-02-18 00:00:00,,0.0
1994-02-18 09:00:00,5.199999999999999,
1994-02-19 00:00:00,,0.0
1994-02-19 00:00:00,,0.0
1994-02-19 09:00:00,4.25,
1994-02-20 00:00:00,,0.0
1994-02-20 00:00:00,,0.0
1994-02-20 09:00:00,3.7,
1994-02-21 00:00:00,,0.0
1994-02-21 00:00:00,,0.0
1994-02-21 09:00:00,0.6,
1994-02-22 00:00:00,,0.4
1994-02-22 00:00:00,,0.4
1994-02-22 09:00:00,1.25,
1994-02-23 00:00:00,,9.0
1994-02-23 00:00:00,,9.0
1994-02-23 09:00:00,1.85,
1994-02-24 00:00:00,,2.2
1994-02-24 00:00:00,,2.2
1994-02-24 09:00:00,3.95,
1994-02-25 00:00:00,,0.0
1994-02-25 00:00:00,,0.0
1994-02-25 09:00:00,3.7,
1994-02-26 00:00:00,,1.8
1994-02-26 00:00:00,,1.8
1994-02-26 09:00:00,6.95,
1994-02-27 00:00:00,,0.0
1994-02-27 00:00:00,,0.0
1994-02-27 09:00:00,10.85,
1994-02-28 00:00:00,,0.4
1994-02-28 00:00:00,,0.4
1994-02-28 09:00:00,10.1,
1994-03-01 00:00:00,,1.2
1994-03-01 00:00:00,,1.2
1994-03-01 09:00:00,9.1,
1994-03-02 00:00:00,,3.0
1994-03-02 00:00:00,,3.0
1994-03-02 09:00:00,7.399999999999999,
1994-03-03 00:00:00,,0.0
1994-03-03 00:00:00,,0.0
1994-03-03 09:00:00,9.1,
1994-03-04 00:00:00,,1.0
1994-03-04 00:00:00,,1.0
1994-03-04 09:00:00,8.2,
1994-03-05 00:00:00,,0.0
1994-03-05 00:00:00,,0.0
1994-03-05 09:00:00,9.75,
1994-03-06 00:00:00,,0.0
1994-03-06 00:00:00,,0.0
1994-03-06 09:00:00,9.6,
1994-03-07 00:00:00,,0.0
1994-03-07 00:00:00,,0.0
1994-03-07 09:00:00,9.45,
1994-03-08 00:00:00,,1.4
1994-03-08 00:00:00,,1.4
1994-03-08 09:00:00,12.25,
1994-03-09 00:00:00,,0.0
1994-03-09 00:00:00,,0.0
1994-03-09 09:00:00,12.05,
1994-03-10 00:00:00,,1.2
1994-03-10 00:00:00,,0.0
1994-03-10 09:00:00,8.4,
1994-03-11 00:00:00,,0.0
1994-03-11 00:00:00,,0.0
1994-03-11 09:00:00,7.8,
1994-03-12 00:00:00,,0.0
1994-03-12 00:00:00,,0.0
1994-03-12 09:00:00,6.9,
1994-03-13 00:00:00,,1.4
1994-03-13 00:00:00,,1.2
1994-03-13 09:00:00,8.8,
1994-03-14 00:00:00,,0.0
1994-03-14 00:00:00,,0.0
1994-03-14 09:00:00,10.6,
1994-03-15 00:00:00,,2.2
1994-03-15 00:00:00,,2.2
1994-03-15 09:00:00,12.9,
1994-03-16 00:00:00,,2.0
1994-03-16 00:00:00,,2.0
1994-03-16 09:00:00,8.9,
1994-03-17 00:00:00,,0.4
1994-03-17 00:00:00,,0.4
1994-03-17 09:00:00,7.199999999999999,
1994-03-18 00:00:00,,1.4
1994-03-18 00:00:00,,1.4
1994-03-18 09:00:00,7.699999999999999,
1994-03-19 00:00:00,,8.0
1994-03-19 00:00:00,,8.0
1994-03-19 09:00:00,8.4,
1994-03-20 00:00:00,,0.0
1994-03-20 00:00:00,,0.0
1994-03-20 09:00:00,6.25,
1994-03-21 00:00:00,,0.0
1994-03-21 00:00:00,,0.0
1994-03-21 09:00:00,7.35,
1994-03-22 00:00:00,,0.8
1994-03-22 00:00:00,,0.8
1994-03-22 09:00:00,8.5,
1994-03-23 00:00:00,,3.8
1994-03-23 00:00:00,,3.9
1994-03-23 09:00:00,10.5,
1994-03-24 00:00:00,,0.4
1994-03-24 00:00:00,,0.7
1994-03-24 09:00:00,11.35,
1994-03-25 00:00:00,,0.4
1994-03-25 00:00:00,,0.4
1994-03-25 09:00:00,12.8,
1994-03-26 00:00:00,,2.2
1994-03-26 00:00:00,,2.2
1994-03-26 09:00:00,9.15,
1994-03-27 00:00:00,,0.0
1994-03-27 00:00:00,,0.0
1994-03-27 09:00:00,7.65,
1994-03-28 00:00:00,,0.0
1994-03-28 00:00:00,,0.0
1994-03-28 09:00:00,9.35,
1994-03-29 00:00:00,,0.0
1994-03-29 00:00:00,,0.0
1994-03-29 09:00:00,12.1,
1994-03-30 00:00:00,,0.0
1994-03-30 00:00:00,,0.0
1994-03-30 09:00:00,13.2,
1994-03-31 00:00:00,,4.6
1994-03-31 00:00:00,,4.6
1994-03-31 09:00:00,12.25,
1994-04-01 00:00:00,,7.4
1994-04-01 00:00:00,,7.4
1994-04-01 09:00:00,10.35,
1994-04-02 00:00:00,,1.0
1994-04-02 00:00:00,,1.0
1994-04-02 09:00:00,7.2,
1994-04-03 00:00:00,,1.6
1994-04-03 00:00:00,,1.6
1994-04-03 09:00:00,5.2,
1994-04-04 00:00:00,,8.6
1994-04-04 00:00:00,,8.6
1994-04-04 09:00:00,8.35,
1994-04-05 00:00:00,,0.2
1994-04-05 00:00:00,,0.2
1994-04-05 09:00:00,7.5,
1994-04-06 00:00:00,,0.4
1994-04-06 00:00:00,,0.4
1994-04-06 09:00:00,7.55,
1994-04-07 00:00:00,,1.2
1994-04-07 00:00:00,,1.0
1994-04-07 09:00:00,8.85,
1994-04-08 00:00:00,,2.6
1994-04-08 00:00:00,,2.6
1994-04-08 09:00:00,8.3,
1994-04-09 00:00:00,,11.0
1994-04-09 00:00:00,,10.0
1994-04-09 09:00:00,5.0,
1994-04-10 00:00:00,,5.0
1994-04-10 00:00:00,,4.8
1994-04-10 09:00:00,4.25,
1994-04-11 00:00:00,,1.2
1994-04-11 00:00:00,,1.0
1994-04-11 09:00:00,6.0,
1994-04-12 00:00:00,,0.0
1994-04-12 00:00:00,,0.0
1994-04-12 09:00:00,7.5,
1994-04-13 00:00:00,,6.6
1994-04-13 00:00:00,,6.8
1994-04-13 09:00:00,8.25,
1994-04-14 00:00:00,,0.0
1994-04-14 00:00:00,,0.0
1994-04-14 09:00:00,7.0,
1994-04-15 00:00:00,,3.0
1994-04-15 00:00:00,,3.0
1994-04-15 09:00:00,6.85,
1994-04-16 00:00:00,,3.0
1994-04-16 00:00:00,,3.0
1994-04-16 09:00:00,7.55,
1994-04-17 00:00:00,,0.0
1994-04-17 00:00:00,,0.0
1994-04-17 09:00:00,8.7,
1994-04-18 00:00:00,,0.0
1994-04-18 00:00:00,,0.0
1994-04-18 09:00:00,7.4,
1994-04-19 00:00:00,,0.0
1994-04-19 00:00:00,,0.0
1994-04-19 09:00:00,6.5,
1994-04-20 00:00:00,,0.0
1994-04-20 00:00:00,,0.0
1994-04-20 09:00:00,10.4,
1994-04-21 00:00:00,,0.0
1994-04-21 00:00:00,,0.0
1994-04-21 09:00:00,8.9,
1994-04-22 00:00:00,,0.2
1994-04-22 00:00:00,,0.2
1994-04-22 09:00:00,11.0,
1994-04-23 00:00:00,,2.4
1994-04-23 00:00:00,,2.4
1994-04-23 09:00:00,13.75,
1994-04-24 00:00:00,,1.2
1994-04-24 00:00:00,,1.2
1994-04-24 09:00:00,13.8,
1994-04-25 00:00:00,,0.2
1994-04-25 00:00:00,,0.2
1994-04-25 09:00:00,11.15,
1994-04-26 00:00:00,,0.0
1994-04-26 00:00:00,,0.0
1994-04-26 09:00:00,13.2,
1994-04-27 00:00:00,,1.0
1994-04-27 00:00:00,,1.0
1994-04-27 09:00:00,15.7,
1994-04-28 00:00:00,,0.0
1994-04-28 00:00:00,,0.0
1994-04-28 09:00:00,16.35,
1994-04-29 00:00:00,,0.0
1994-04-29 00:00:00,,0.0
1994-04-29 09:00:00,14.85,
1994-04-30 00:00:00,,0.0
1994-04-30 00:00:00,,0.0
1994-04-30 09:00:00,18.4,
1994-05-01 00:00:00,,0.0
1994-05-01 00:00:00,,0.0
1994-05-01 09:00:00,14.75,
1994-05-02 00:00:00,,0.0
1994-05-02 00:00:00,,0.0
1994-05-02 09:00:00,12.35,
1994-05-03 00:00:00,,0.0
1994-05-03 00:00:00,,0.0
1994-05-03 09:00:00,13.1,
1994-05-04 00:00:00,,0.0
1994-05-04 00:00:00,,0.0
1994-05-04 09:00:00,15.75,
1994-05-05 00:00:00,,2.2
1994-05-05 00:00:00,,2.2
1994-05-05 09:00:00,11.25,
1994-05-06 00:00:00,,2.4
1994-05-06 00:00:00,,2.4
1994-05-06 09:00:00,11.85,
1994-05-07 00:00:00,,0.2
1994-05-07 00:00:00,,0.2
1994-05-07 09:00:00,13.9,
1994-05-08 00:00:00,,10.4
1994-05-08 00:00:00,,10.4
1994-05-08 09:00:00,11.2,
1994-05-09 00:00:00,,0.0
1994-05-09 00:00:00,,0.0
1994-05-09 09:00:00,11.85,
1994-05-10 00:00:00,,0.0
1994-05-10 00:00:00,,0.0
1994-05-10 09:00:00,13.35,
1994-05-11 00:00:00,,0.0
1994-05-11 00:00:00,,0.0
1994-05-11 09:00:00,14.25,
1994-05-12 00:00:00,,2.2
1994-05-12 00:00:00,,2.2
1994-05-12 09:00:00,14.85,
1994-05-13 00:00:00,,2.2
1994-05-13 00:00:00,,2.2
1994-05-13 09:00:00,14.85,
1994-05-14 00:00:00,,0.0
1994-05-14 00:00:00,,0.0
1994-05-14 09:00:00,15.8,
1994-05-15 00:00:00,,11.8
1994-05-15 00:00:00,,11.8
1994-05-15 09:00:00,15.95,
1994-05-16 00:00:00,,0.0
1994-05-16 00:00:00,,0.0
1994-05-16 09:00:00,16.1,
1994-05-17 00:00:00,,11.2
1994-05-17 00:00:00,,11.2
1994-05-17 09:00:00,11.0,
1994-05-18 00:00:00,,2.8
1994-05-18 00:00:00,,2.8
1994-05-18 09:00:00,8.5,
1994-05-19 00:00:00,,0.0
1994-05-19 00:00:00,,0.0
1994-05-19 09:00:00,10.15,
1994-05-20 00:00:00,,0.2
1994-05-20 00:00:00,,0.2
1994-05-20 09:00:00,11.65,
1994-05-21 00:00:00,,7.0
1994-05-21 00:00:00,,7.0
1994-05-21 09:00:00,13.25,
1994-05-22 00:00:00,,14.8
1994-05-22 00:00:00,,14.8
1994-05-22 09:00:00,12.35,
1994-05-23 00:00:00,,1.2
1994-05-23 00:00:00,,1.2
1994-05-23 09:00:00,14.25,
1994-05-24 00:00:00,,0.0
1994-05-24 00:00:00,,0.0
1994-05-24 09:00:00,14.65,
1994-05-25 00:00:00,,0.8
1994-05-25 00:00:00,,0.8
1994-05-25 09:00:00,12.1,
1994-05-26 00:00:00,,6.0
1994-05-26 00:00:00,,6.0
1994-05-26 09:00:00,12.7,
1994-05-27 00:00:00,,0.4
1994-05-27 00:00:00,,0.4
1994-05-27 09:00:00,10.25,
1994-05-28 00:00:00,,0.2
1994-05-28 00:00:00,,0.2
1994-05-28 09:00:00,10.0,
1994-05-29 00:00:00,,0.0
1994-05-29 00:00:00,,0.0
1994-05-29 09:00:00,9.65,
1994-05-30 00:00:00,,0.0
1994-05-30 00:00:00,,0.0
1994-05-30 09:00:00,11.85,
1994-05-31 00:00:00,,0.0
1994-05-31 00:00:00,,0.0
1994-05-31 09:00:00,12.6,
1994-06-01 00:00:00,,0.2
1994-06-01 00:00:00,,0.2
1994-06-01 09:00:00,14.6,
1994-06-02 00:00:00,,0.0
1994-06-02 00:00:00,,0.0
1994-06-02 09:00:00,19.55,
1994-06-03 00:00:00,,0.4
1994-06-03 00:00:00,,0.4
1994-06-03 09:00:00,15.75,
1994-06-04 00:00:00,,1.0
1994-06-04 00:00:00,,1.0
1994-06-04 09:00:00,13.55,
1994-06-05 00:00:00,,7.8
1994-06-05 00:00:00,,7.8
1994-06-05 09:00:00,10.35,
1994-06-06 00:00:00,,0.0
1994-06-06 00:00:00,,0.0
1994-06-06 09:00:00,14.6,
1994-06-07 00:00:00,,0.0
1994-06-07 00:00:00,,0.0
1994-06-07 09:00:00,17.8,
1994-06-08 00:00:00,,1.8
1994-06-08 00:00:00,,1.8
1994-06-08 09:00:00,16.95,
1994-06-09 00:00:00,,0.6
1994-06-09 00:00:00,,0.6
1994-06-09 09:00:00,12.45,
1994-06-10 00:00:00,,0.0
1994-06-10 00:00:00,,0.0
1994-06-10 09:00:00,13.6,
1994-06-11 00:00:00,,0.0
1994-06-11 00:00:00,,0.0
1994-06-11 09:00:00,13.75,
1994-06-12 00:00:00,,0.0
1994-06-12 00:00:00,,0.0
1994-06-12 09:00:00,14.1,
1994-06-13 00:00:00,,0.0
1994-06-13 00:00:00,,0.0
1994-06-13 09:00:00,15.75,
1994-06-14 00:00:00,,0.0
1994-06-14 00:00:00,,0.0
1994-06-14 09:00:00,18.5,
1994-06-15 00:00:00,,0.0
1994-06-15 00:00:00,,0.0
1994-06-15 09:00:00,17.4,
1994-06-16 00:00:00,,0.0
1994-06-16 00:00:00,,0.0
1994-06-16 09:00:00,18.55,
1994-06-17 00:00:00,,0.0
1994-06-17 00:00:00,,0.0
1994-06-17 09:00:00,18.15,
1994-06-18 00:00:00,,0.0
1994-06-18 00:00:00,,0.0
1994-06-18 09:00:00,18.9,
1994-06-19 00:00:00,,0.0
1994-06-19 00:00:00,,0.0
1994-06-19 09:00:00,18.05,
1994-06-20 00:00:00,,0.0
1994-06-20 00:00:00,,0.0
1994-06-20 09:00:00,17.85,
1994-06-21 00:00:00,,1.2
1994-06-21 00:00:00,,1.2
1994-06-21 09:00:00,16.25,
1994-06-22 00:00:00,,0.0
1994-06-22 00:00:00,,0.0
1994-06-22 09:00:00,17.45,
1994-06-23 00:00:00,,0.0
1994-06-23 00:00:00,,0.0
1994-06-23 09:00:00,16.45,
1994-06-24 00:00:00,,0.0
1994-06-24 00:00:00,,0.0
1994-06-24 09:00:00,19.1,
1994-06-25 00:00:00,,5.0
1994-06-25 00:00:00,,5.0
1994-06-25 09:00:00,22.15,
1994-06-26 00:00:00,,0.0
1994-06-26 00:00:00,,0.0
1994-06-26 09:00:00,17.7,
1994-06-27 00:00:00,,0.0
1994-06-27 00:00:00,,0.0
1994-06-27 09:00:00,17.95,
1994-06-28 00:00:00,,0.0
1994-06-28 00:00:00,,0.0
1994-06-28 09:00:00,19.4,
1994-06-29 00:00:00,,0.0
1994-06-29 00:00:00,,0.0
1994-06-29 09:00:00,22.0,
1994-06-30 00:00:00,,0.0
1994-06-30 00:00:00,,0.0
1994-06-30 09:00:00,16.9,
1994-07-01 00:00:00,,0.0
1994-07-01 00:00:00,,0.0
1994-07-01 09:00:00,18.5,
1994-07-02 00:00:00,,0.0
1994-07-02 00:00:00,,0.0
1994-07-02 09:00:00,22.1,
1994-07-03 00:00:00,,0.0
1994-07-03 00:00:00,,0.0
1994-07-03 09:00:00,21.65,
1994-07-04 00:00:00,,3.4
1994-07-04 00:00:00,,3.4
1994-07-04 09:00:00,22.3,
1994-07-05 00:00:00,,0.0
1994-07-05 00:00:00,,0.0
1994-07-05 09:00:00,19.45,
1994-07-06 00:00:00,,0.0
1994-07-06 00:00:00,,0.0
1994-07-06 09:00:00,17.3,
1994-07-07 00:00:00,,0.8
1994-07-07 00:00:00,,0.8
1994-07-07 09:00:00,16.6,
1994-07-08 00:00:00,,2.2
1994-07-08 00:00:00,,2.2
1994-07-08 09:00:00,18.55,
1994-07-09 00:00:00,,0.4
1994-07-09 00:00:00,,0.4
1994-07-09 09:00:00,16.85,
1994-07-10 00:00:00,,0.0
1994-07-10 00:00:00,,0.0
1994-07-10 09:00:00,19.1,
1994-07-11 00:00:00,,0.0
1994-07-11 00:00:00,,0.0
1994-07-11 09:00:00,19.95,
1994-07-12 00:00:00,,0.0
1994-07-12 00:00:00,,0.0
1994-07-12 09:00:00,24.1,
1994-07-13 00:00:00,,6.6
1994-07-13 00:00:00,,5.4
1994-07-13 09:00:00,25.15,
1994-07-14 00:00:00,,0.0
1994-07-14 00:00:00,,0.0
1994-07-14 09:00:00,19.2,
1994-07-15 00:00:00,,0.0
1994-07-15 00:00:00,,0.0
1994-07-15 09:00:00,20.4,
1994-07-16 00:00:00,,0.0
1994-07-16 00:00:00,,0.0
1994-07-16 09:00:00,19.8,
1994-07-17 00:00:00,,0.0
1994-07-17 00:00:00,,0.0
1994-07-17 09:00:00,20.1,
1994-07-18 00:00:00,,0.0
1994-07-18 00:00:00,,0.0
1994-07-18 09:00:00,19.15,
1994-07-19 00:00:00,,0.0
1994-07-19 00:00:00,,0.0
1994-07-19 09:00:00,19.75,
1994-07-20 00:00:00,,0.0
1994-07-20 00:00:00,,0.0
1994-07-20 09:00:00,20.6,
1994-07-21 00:00:00,,0.0
1994-07-21 00:00:00,,0.0
1994-07-21 09:00:00,21.9,
1994-07-22 00:00:00,,0.0
1994-07-22 00:00:00,,0.0
1994-07-22 09:00:00,23.8,
1994-07-23 00:00:00,,0.0
1994-07-23 00:00:00,,0.0
1994-07-23 09:00:00,21.5,
1994-07-24 00:00:00,,0.0
1994-07-24 00:00:00,,0.0
1994-07-24 09:00:00,22.9,
1994-07-25 00:00:00,,0.0
1994-07-25 00:00:00,,0.0
1994-07-25 09:00:00,25.35,
1994-07-26 00:00:00,,0.0
1994-07-26 00:00:00,,0.0
1994-07-26 09:00:00,24.25,
1994-07-27 00:00:00,,0.2
1994-07-27 00:00:00,,0.2
1994-07-27 09:00:00,21.05,
1994-07-28 00:00:00,,4.6
1994-07-28 00:00:00,,4.8
1994-07-28 09:00:00,21.9,
1994-07-29 00:00:00,,0.4
1994-07-29 00:00:00,,0.4
1994-07-29 09:00:00,17.9,
1994-07-30 00:00:00,,0.0
1994-07-30 00:00:00,,0.0
1994-07-30 09:00:00,21.85,
1994-07-31 00:00:00,,0.0
1994-07-31 00:00:00,,0.0
1994-07-31 09:00:00,25.55,
1994-08-01 00:00:00,,0.0
1994-08-01 00:00:00,,0.0
1994-08-01 09:00:00,21.4,
1994-08-02 00:00:00,,0.0
1994-08-02 00:00:00,,0.0
1994-08-02 09:00:00,19.8,
1994-08-03 00:00:00,,0.2
1994-08-03 00:00:00,,0.2
1994-08-03 09:00:00,21.35,
1994-08-04 00:00:00,,0.8
1994-08-04 00:00:00,,0.8
1994-08-04 09:00:00,25.5,
1994-08-05 00:00:00,,1.2
1994-08-05 00:00:00,,1.2
1994-08-05 09:00:00,22.200000000000003,
1994-08-06 00:00:00,,0.0
1994-08-06 00:00:00,,0.0
1994-08-06 09:00:00,22.6,
1994-08-07 00:00:00,,0.0
1994-08-07 00:00:00,,0.0
1994-08-07 09:00:00,22.15,
1994-08-08 00:00:00,,0.0
1994-08-08 00:00:00,,0.0
1994-08-08 09:00:00,20.15,
1994-08-09 00:00:00,,0.0
1994-08-09 00:00:00,,0.0
1994-08-09 09:00:00,19.4,
1994-08-10 00:00:00,,0.0
1994-08-10 00:00:00,,0.0
1994-08-10 09:00:00,19.9,
1994-08-11 00:00:00,,39.6
1994-08-11 00:00:00,,39.4
1994-08-11 09:00:00,17.549999999999997,
1994-08-12 00:00:00,,6.0
1994-08-12 00:00:00,,6.0
1994-08-12 09:00:00,16.700000000000003,
1994-08-13 00:00:00,,0.0
1994-08-13 00:00:00,,0.0
1994-08-13 09:00:00,16.299999999999997,
1994-08-14 00:00:00,,0.0
1994-08-14 00:00:00,,0.0
1994-08-14 09:00:00,17.2,
1994-08-15 00:00:00,,0.0
1994-08-15 00:00:00,,0.0
1994-08-15 09:00:00,15.4,
1994-08-16 00:00:00,,0.0
1994-08-16 00:00:00,,0.0
1994-08-16 09:00:00,17.9,
1994-08-17 00:00:00,,0.6
1994-08-17 00:00:00,,0.6
1994-08-17 09:00:00,19.15,
1994-08-18 00:00:00,,0.2
1994-08-18 00:00:00,,0.2
1994-08-18 09:00:00,16.15,
1994-08-19 00:00:00,,1.8
1994-08-19 00:00:00,,1.8
1994-08-19 09:00:00,19.05,
1994-08-20 00:00:00,,0.0
1994-08-20 00:00:00,,0.0
1994-08-20 09:00:00,17.4,
1994-08-21 00:00:00,,0.0
1994-08-21 00:00:00,,0.0
1994-08-21 09:00:00,17.05,
1994-08-22 00:00:00,,0.0
1994-08-22 00:00:00,,0.0
1994-08-22 09:00:00,20.05,
1994-08-23 00:00:00,,0.0
1994-08-23 00:00:00,,0.0
1994-08-23 09:00:00,20.75,
1994-08-24 00:00:00,,1.8
1994-08-24 00:00:00,,1.8
1994-08-24 09:00:00,17.5,
1994-08-25 00:00:00,,1.2
1994-08-25 00:00:00,,1.2
1994-08-25 09:00:00,17.450000000000003,
1994-08-26 00:00:00,,1.6
1994-08-26 00:00:00,,1.6
1994-08-26 09:00:00,17.05,
1994-08-27 00:00:00,,0.2
1994-08-27 00:00:00,,0.2
1994-08-27 09:00:00,20.0,
1994-08-28 00:00:00,,0.0
1994-08-28 00:00:00,,0.0
1994-08-28 09:00:00,16.6,
1994-08-29 00:00:00,,0.0
1994-08-29 00:00:00,,0.0
1994-08-29 09:00:00,15.35,
1994-08-30 00:00:00,,0.0
1994-08-30 00:00:00,,0.0
1994-08-30 09:00:00,15.85,
1994-08-31 00:00:00,,0.4
1994-08-31 00:00:00,,0.4
1994-08-31 09:00:00,16.9,
1994-09-01 00:00:00,,8.0
1994-09-01 00:00:00,,8.0
1994-09-01 09:00:00,17.25,
1994-09-02 00:00:00,,1.2
1994-09-02 00:00:00,,1.2
1994-09-02 09:00:00,14.55,
1994-09-03 00:00:00,,0.0
1994-09-03 00:00:00,,0.0
1994-09-03 09:00:00,16.45,
1994-09-04 00:00:00,,3.8
1994-09-04 00:00:00,,3.8
1994-09-04 09:00:00,17.8,
1994-09-05 00:00:00,,0.2
1994-09-05 00:00:00,,0.2
1994-09-05 09:00:00,17.7,
1994-09-06 00:00:00,,0.0
1994-09-06 00:00:00,,0.0
1994-09-06 09:00:00,15.05,
1994-09-07 00:00:00,,0.0
1994-09-07 00:00:00,,0.0
1994-09-07 09:00:00,14.0,
1994-09-08 00:00:00,,14.0
1994-09-08 00:00:00,,14.0
1994-09-08 09:00:00,16.299999999999997,
1994-09-09 00:00:00,,0.2
1994-09-09 00:00:00,,0.2
1994-09-09 09:00:00,14.55,
1994-09-10 00:00:00,,3.2
1994-09-10 00:00:00,,3.2
1994-09-10 09:00:00,14.5,
1994-09-11 00:00:00,,0.8
1994-09-11 00:00:00,,0.8
1994-09-11 09:00:00,13.55,
1994-09-12 00:00:00,,5.0
1994-09-12 00:00:00,,5.0
1994-09-12 09:00:00,16.4,
1994-09-13 00:00:00,,0.0
1994-09-13 00:00:00,,0.0
1994-09-13 09:00:00,14.15,
1994-09-14 00:00:00,,4.8
1994-09-14 00:00:00,,4.8
1994-09-14 09:00:00,16.55,
1994-09-15 00:00:00,,2.0
1994-09-15 00:00:00,,2.0
1994-09-15 09:00:00,14.3,
1994-09-16 00:00:00,,11.2
1994-09-16 00:00:00,,11.2
1994-09-16 09:00:00,11.15,
1994-09-17 00:00:00,,0.2
1994-09-17 00:00:00,,0.2
1994-09-17 09:00:00,10.55,
1994-09-18 00:00:00,,0.0
1994-09-18 00:00:00,,0.0
1994-09-18 09:00:00,12.95,
1994-09-19 00:00:00,,2.8
1994-09-19 00:00:00,,2.8
1994-09-19 09:00:00,12.6,
1994-09-20 00:00:00,,9.0
1994-09-20 00:00:00,,9.0
1994-09-20 09:00:00,12.6,
1994-09-21 00:00:00,,1.6
1994-09-21 00:00:00,,1.6
1994-09-21 09:00:00,12.35,
1994-09-22 00:00:00,,0.8
1994-09-22 00:00:00,,0.8
1994-09-22 09:00:00,16.0,
1994-09-23 00:00:00,,0.0
1994-09-23 00:00:00,,0.0
1994-09-23 09:00:00,15.9,
1994-09-24 00:00:00,,0.2
1994-09-24 00:00:00,,0.2
1994-09-24 09:00:00,17.0,
1994-09-25 00:00:00,,0.0
1994-09-25 00:00:00,,0.0
1994-09-25 09:00:00,16.5,
1994-09-26 00:00:00,,0.0
1994-09-26 00:00:00,,0.0
1994-09-26 09:00:00,16.4,
1994-09-27 00:00:00,,0.0
1994-09-27 00:00:00,,0.0
1994-09-27 09:00:00,15.4,
1994-09-28 00:00:00,,0.0
1994-09-28 00:00:00,,0.0
1994-09-28 09:00:00,16.0,
1994-09-29 00:00:00,,0.0
1994-09-29 00:00:00,,0.0
1994-09-29 09:00:00,14.85,
1994-09-30 00:00:00,,0.0
1994-09-30 00:00:00,,0.0
1994-09-30 09:00:00,14.45,
1994-10-01 00:00:00,,0.0
1994-10-01 00:00:00,,0.0
1994-10-01 09:00:00,13.5,
1994-10-02 00:00:00,,0.8
1994-10-02 09:00:00,13.1,
1994-10-03 00:00:00,,4.0
1994-10-03 09:00:00,13.85,
1994-10-04 00:00:00,,0.2
1994-10-04 09:00:00,7.85,
1994-10-05 00:00:00,,0.0
1994-10-05 09:00:00,7.5,
1994-10-06 00:00:00,,0.0
1994-10-06 09:00:00,9.85,
1994-10-07 00:00:00,,0.0
1994-10-07 09:00:00,10.95,
1994-10-08 00:00:00,,0.0
1994-10-08 09:00:00,11.95,
1994-10-09 00:00:00,,0.0
1994-10-09 09:00:00,13.95,
1994-10-10 00:00:00,,0.0
1994-10-10 09:00:00,11.7,
1994-10-11 00:00:00,,0.0
1994-10-11 09:00:00,14.65,
1994-10-12 00:00:00,,0.0
1994-10-12 09:00:00,13.7,
1994-10-13 00:00:00,,0.0
1994-10-13 09:00:00,13.85,
1994-10-14 00:00:00,,0.0
1994-10-14 09:00:00,14.15,
1994-10-15 00:00:00,,0.0
1994-10-15 09:00:00,13.25,
1994-10-16 00:00:00,,0.0
1994-10-16 09:00:00,13.6,
1994-10-17 00:00:00,,0.0
1994-10-17 09:00:00,11.3,
1994-10-18 00:00:00,,0.0
1994-10-18 09:00:00,8.95,
1994-10-19 00:00:00,,0.0
1994-10-19 09:00:00,10.4,
1994-10-20 00:00:00,,5.2
1994-10-20 09:00:00,13.95,
1994-10-21 00:00:00,,1.2
1994-10-21 09:00:00,13.0,
1994-10-22 00:00:00,,6.6
1994-10-22 09:00:00,14.9,
1994-10-23 00:00:00,,7.8
1994-10-23 09:00:00,14.05,
1994-10-24 00:00:00,,0.0
1994-10-24 09:00:00,11.9,
1994-10-25 00:00:00,,4.8
1994-10-25 09:00:00,12.25,
1994-10-26 00:00:00,,5.0
1994-10-26 09:00:00,9.65,
1994-10-27 00:00:00,,0.0
1994-10-27 09:00:00,9.55,
1994-10-28 00:00:00,,1.0
1994-10-28 09:00:00,8.4,
1994-10-29 00:00:00,,7.8
1994-10-29 09:00:00,10.1,
1994-10-30 00:00:00,,8.2
1994-10-30 09:00:00,13.5,
1994-10-31 00:00:00,,17.2
1994-10-31 09:00:00,14.55,
1994-11-01 00:00:00,,7.8
1994-11-01 09:00:00,10.9,
1994-11-02 00:00:00,,0.0
1994-11-02 00:00:00,,0.0
1994-11-02 09:00:00,8.9,
1994-11-03 00:00:00,,0.0
1994-11-03 00:00:00,,0.0
1994-11-03 09:00:00,11.5,
1994-11-04 00:00:00,,0.8
1994-11-04 00:00:00,,0.8
1994-11-04 09:00:00,15.8,
1994-11-05 00:00:00,,11.2
1994-11-05 00:00:00,,11.2
1994-11-05 09:00:00,13.7,
1994-11-06 00:00:00,,2.2
1994-11-06 00:00:00,,2.2
1994-11-06 09:00:00,10.25,
1994-11-07 00:00:00,,0.2
1994-11-07 00:00:00,,0.2
1994-11-07 09:00:00,11.6,
1994-11-08 00:00:00,,0.0
1994-11-08 00:00:00,,0.0
1994-11-08 09:00:00,11.35,
1994-11-09 00:00:00,,0.8
1994-11-09 00:00:00,,0.8
1994-11-09 09:00:00,13.5,
1994-11-10 00:00:00,,4.6
1994-11-10 00:00:00,,4.6
1994-11-10 09:00:00,11.2,
1994-11-11 00:00:00,,0.0
1994-11-11 00:00:00,,0.0
1994-11-11 09:00:00,13.15,
1994-11-12 00:00:00,,2.0
1994-11-12 00:00:00,,2.0
1994-11-12 09:00:00,12.3,
1994-11-13 00:00:00,,3.4
1994-11-13 00:00:00,,3.4
1994-11-13 09:00:00,10.7,
1994-11-14 00:00:00,,0.2
1994-11-14 00:00:00,,0.2
1994-11-14 09:00:00,13.45,
1994-11-15 00:00:00,,0.0
1994-11-15 00:00:00,,0.0
1994-11-15 09:00:00,13.85,
1994-11-16 00:00:00,,0.0
1994-11-16 00:00:00,,0.0
1994-11-16 09:00:00,10.65,
1994-11-17 00:00:00,,0.2
1994-11-17 00:00:00,,0.2
1994-11-17 09:00:00,9.6,
1994-11-18 00:00:00,,1.8
1994-11-18 00:00:00,,1.8
1994-11-18 09:00:00,10.05,
1994-11-19 00:00:00,,4.8
1994-11-19 00:00:00,,4.8
1994-11-19 09:00:00,13.2,
1994-11-20 00:00:00,,0.0
1994-11-20 00:00:00,,0.0
1994-11-20 09:00:00,15.8,
1994-11-21 00:00:00,,0.0
1994-11-21 00:00:00,,0.0
1994-11-21 09:00:00,12.5,
1994-11-22 00:00:00,,0.0
1994-11-22 00:00:00,,0.0
1994-11-22 09:00:00,10.2,
1994-11-23 00:00:00,,0.0
1994-11-23 00:00:00,,0.0
1994-11-23 09:00:00,12.5,
1994-11-24 00:00:00,,0.0
1994-11-24 00:00:00,,0.0
1994-11-24 09:00:00,13.45,
1994-11-25 00:00:00,,0.0
1994-11-25 00:00:00,,0.0
1994-11-25 09:00:00,13.4,
1994-11-26 00:00:00,,0.2
1994-11-26 00:00:00,,0.2
1994-11-26 09:00:00,11.85,
1994-11-27 00:00:00,,0.0
1994-11-27 00:00:00,,0.0
1994-11-27 09:00:00,12.0,
1994-11-28 00:00:00,,0.0
1994-11-28 00:00:00,,0.0
1994-11-28 09:00:00,10.85,
1994-11-29 00:00:00,,0.2
1994-11-29 00:00:00,,0.2
1994-11-29 09:00:00,8.649999999999999,
1994-11-30 00:00:00,,0.4
1994-11-30 00:00:00,,0.4
1994-11-30 09:00:00,9.2,
1994-12-01 00:00:00,,0.2
1994-12-01 00:00:00,,0.2
1994-12-01 09:00:00,8.25,
1994-12-02 00:00:00,,0.0
1994-12-02 00:00:00,,0.0
1994-12-02 09:00:00,8.75,
1994-12-03 00:00:00,,0.0
1994-12-03 00:00:00,,0.0
1994-12-03 09:00:00,10.1,
1994-12-04 00:00:00,,5.6
1994-12-04 00:00:00,,5.6
1994-12-04 09:00:00,10.7,
1994-12-05 00:00:00,,0.0
1994-12-05 00:00:00,,0.0
1994-12-05 09:00:00,10.1,
1994-12-06 00:00:00,,1.4
1994-12-06 00:00:00,,1.4
1994-12-06 09:00:00,8.85,
1994-12-07 00:00:00,,3.2
1994-12-07 00:00:00,,3.2
1994-12-07 09:00:00,9.25,
1994-12-08 00:00:00,,5.6
1994-12-08 00:00:00,,5.6
1994-12-08 09:00:00,9.5,
1994-12-09 00:00:00,,14.6
1994-12-09 00:00:00,,14.6
1994-12-09 09:00:00,7.6,
1994-12-10 00:00:00,,0.2
1994-12-10 00:00:00,,0.2
1994-12-10 09:00:00,7.8,
1994-12-11 00:00:00,,0.0
1994-12-11 00:00:00,,0.0
1994-12-11 09:00:00,13.8,
1994-12-12 00:00:00,,0.0
1994-12-12 00:00:00,,0.0
1994-12-12 09:00:00,13.8,
1994-12-13 00:00:00,,0.0
1994-12-13 00:00:00,,0.0
1994-12-13 09:00:00,13.65,
1994-12-14 00:00:00,,2.0
1994-12-14 00:00:00,,2.0
1994-12-14 09:00:00,8.7,
1994-12-15 00:00:00,,0.0
1994-12-15 00:00:00,,0.0
1994-12-15 09:00:00,3.2,
1994-12-16 00:00:00,,0.2
1994-12-16 00:00:00,,0.2
1994-12-16 09:00:00,5.550000000000001,
1994-12-17 00:00:00,,0.0
1994-12-17 00:00:00,,0.0
1994-12-17 09:00:00,6.6000000000000005,
1994-12-18 00:00:00,,6.4
1994-12-18 00:00:00,,6.4
1994-12-18 09:00:00,11.05,
1994-12-19 00:00:00,,0.2
1994-12-19 00:00:00,,0.2
1994-12-19 09:00:00,7.45,
1994-12-20 00:00:00,,0.0
1994-12-20 00:00:00,,0.0
1994-12-20 09:00:00,4.3,
1994-12-21 00:00:00,,0.8
1994-12-21 00:00:00,,0.8
1994-12-21 09:00:00,4.45,
1994-12-22 00:00:00,,0.0
1994-12-22 00:00:00,,0.0
1994-12-22 09:00:00,3.75,
1994-12-23 00:00:00,,0.2
1994-12-23 00:00:00,,0.2
1994-12-23 09:00:00,2.3,
1994-12-24 00:00:00,,0.2
1994-12-24 00:00:00,,0.2
1994-12-24 09:00:00,0.6000000000000001,
1994-12-25 00:00:00,,0.0
1994-12-25 00:00:00,,0.0
1994-12-25 09:00:00,2.25,
1994-12-26 00:00:00,,2.6
1994-12-26 00:00:00,,2.6
1994-12-26 09:00:00,7.9,
1994-12-27 00:00:00,,4.0
1994-12-27 00:00:00,,4.0
1994-12-27 09:00:00,9.65,
1994-12-28 00:00:00,,2.8
1994-12-28 00:00:00,,2.8
1994-12-28 09:00:00,13.5,
1994-12-29 00:00:00,,1.8
1994-12-29 00:00:00,,1.8
1994-12-29 09:00:00,13.35,
1994-12-30 00:00:00,,5.4
1994-12-30 00:00:00,,5.4
1994-12-30 09:00:00,10.2,
1994-12-31 00:00:00,,0.2
1994-12-31 00:00:00,,0.2
1994-12-31 09:00:00,7.0,
1995-01-01 00:00:00,,2.4
1995-01-01 00:00:00,,2.4
1995-01-01 09:00:00,3.5,
1995-01-02 00:00:00,,1.0
1995-01-02 00:00:00,,1.0
1995-01-02 09:00:00,2.0500000000000003,
1995-01-03 00:00:00,,0.0
1995-01-03 00:00:00,,0.0
1995-01-03 09:00:00,-0.1,
1995-01-04 00:00:00,,0.0
1995-01-04 00:00:00,,0.0
1995-01-04 09:00:00,0.6499999999999999,
1995-01-05 00:00:00,,0.2
1995-01-05 00:00:00,,1.4
1995-01-05 09:00:00,4.800000000000001,
1995-01-06 00:00:00,,3.7
1995-01-06 00:00:00,,3.8
1995-01-06 09:00:00,4.300000000000001,
1995-01-07 00:00:00,,0.0
1995-01-07 00:00:00,,0.0
1995-01-07 09:00:00,4.5,
1995-01-08 00:00:00,,0.0
1995-01-08 00:00:00,,0.2
1995-01-08 09:00:00,5.7,
1995-01-09 00:00:00,,2.5
1995-01-09 00:00:00,,2.4
1995-01-09 09:00:00,6.699999999999999,
1995-01-10 00:00:00,,0.0
1995-01-10 00:00:00,,0.0
1995-01-10 09:00:00,8.1,
1995-01-11 00:00:00,,2.9
1995-01-11 00:00:00,,3.0
1995-01-11 09:00:00,7.65,
1995-01-12 00:00:00,,0.0
1995-01-12 00:00:00,,0.0
1995-01-12 09:00:00,3.2,
1995-01-13 00:00:00,,0.0
1995-01-13 00:00:00,,0.0
1995-01-13 09:00:00,3.45,
1995-01-14 00:00:00,,0.5
1995-01-14 00:00:00,,0.1
1995-01-14 09:00:00,5.6,
1995-01-15 00:00:00,,0.2
1995-01-15 00:00:00,,0.2
1995-01-15 09:00:00,9.2,
1995-01-16 00:00:00,,0.0
1995-01-16 00:00:00,,0.0
1995-01-16 09:00:00,10.15,
1995-01-17 00:00:00,,2.2
1995-01-17 00:00:00,,2.2
1995-01-17 09:00:00,9.0,
1995-01-18 00:00:00,,12.6
1995-01-18 00:00:00,,12.6
1995-01-18 09:00:00,8.25,
1995-01-19 00:00:00,,0.6
1995-01-19 00:00:00,,0.6
1995-01-19 09:00:00,5.55,
1995-01-20 00:00:00,,13.2
1995-01-20 00:00:00,,13.2
1995-01-20 09:00:00,8.05,
1995-01-21 00:00:00,,2.6
1995-01-21 00:00:00,,2.6
1995-01-21 09:00:00,7.15,
1995-01-22 00:00:00,,11.4
1995-01-22 00:00:00,,11.4
1995-01-22 09:00:00,8.2,
1995-01-23 00:00:00,,9.0
1995-01-23 00:00:00,,9.0
1995-01-23 09:00:00,5.6,
1995-01-24 00:00:00,,0.0
1995-01-24 00:00:00,,0.0
1995-01-24 09:00:00,7.15,
1995-01-25 00:00:00,,3.8
1995-01-25 00:00:00,,3.8
1995-01-25 09:00:00,6.6,
1995-01-26 00:00:00,,10.6
1995-01-26 00:00:00,,10.6
1995-01-26 09:00:00,8.8,
1995-01-27 00:00:00,,0.4
1995-01-27 00:00:00,,0.4
1995-01-27 09:00:00,2.6,
1995-01-28 00:00:00,,6.4
1995-01-28 00:00:00,,6.4
1995-01-28 09:00:00,6.9,
1995-01-29 00:00:00,,3.2
1995-01-29 00:00:00,,3.2
1995-01-29 09:00:00,9.2,
1995-01-30 00:00:00,,18.2
1995-01-30 00:00:00,,18.2
1995-01-30 09:00:00,7.7,
1995-01-31 00:00:00,,2.0
1995-01-31 00:00:00,,2.0
1995-01-31 09:00:00,6.3,
1995-02-01 00:00:00,,5.6
1995-02-01 00:00:00,,5.6
1995-02-01 09:00:00,11.35,
1995-02-02 00:00:00,,3.8
1995-02-02 00:00:00,,3.8
1995-02-02 09:00:00,6.5,
1995-02-03 00:00:00,,0.0
1995-02-03 00:00:00,,0.0
1995-02-03 09:00:00,6.949999999999999,
1995-02-04 00:00:00,,0.0
1995-02-04 00:00:00,,0.0
1995-02-04 09:00:00,10.3,
1995-02-05 00:00:00,,0.0
1995-02-05 00:00:00,,0.0
1995-02-05 09:00:00,9.0,
1995-02-06 00:00:00,,0.0
1995-02-06 00:00:00,,0.0
1995-02-06 09:00:00,9.9,
1995-02-07 00:00:00,,0.0
1995-02-07 00:00:00,,0.0
1995-02-07 09:00:00,11.25,
1995-02-08 00:00:00,,3.2
1995-02-08 00:00:00,,3.2
1995-02-08 09:00:00,9.75,
1995-02-09 00:00:00,,4.0
1995-02-09 00:00:00,,4.0
1995-02-09 09:00:00,6.85,
1995-02-10 00:00:00,,4.2
1995-02-10 00:00:00,,4.2
1995-02-10 09:00:00,5.75,
1995-02-11 00:00:00,,3.0
1995-02-11 00:00:00,,3.0
1995-02-11 09:00:00,9.65,
1995-02-12 00:00:00,,2.4
1995-02-12 00:00:00,,2.4
1995-02-12 09:00:00,9.9,
1995-02-13 00:00:00,,1.0
1995-02-13 00:00:00,,1.0
1995-02-13 09:00:00,10.6,
1995-02-14 00:00:00,,4.6
1995-02-14 00:00:00,,4.6
1995-02-14 09:00:00,8.6,
1995-02-15 00:00:00,,2.8
1995-02-15 00:00:00,,2.8
1995-02-15 09:00:00,10.4,
1995-02-16 00:00:00,,2.4
1995-02-16 00:00:00,,2.4
1995-02-16 09:00:00,9.2,
1995-02-17 00:00:00,,5.2
1995-02-17 00:00:00,,5.2
1995-02-17 09:00:00,8.25,
1995-02-18 00:00:00,,0.2
1995-02-18 00:00:00,,0.2
1995-02-18 09:00:00,7.199999999999999,
1995-02-19 00:00:00,,2.8
1995-02-19 00:00:00,,2.8
1995-02-19 09:00:00,8.8,
1995-02-20 00:00:00,,2.4
1995-02-20 00:00:00,,2.4
1995-02-20 09:00:00,9.4,
1995-02-21 00:00:00,,5.0
1995-02-21 00:00:00,,5.0
1995-02-21 09:00:00,9.45,
1995-02-22 00:00:00,,0.8
1995-02-22 00:00:00,,0.8
1995-02-22 09:00:00,6.75,
1995-02-23 00:00:00,,8.2
1995-02-23 00:00:00,,8.2
1995-02-23 09:00:00,6.300000000000001,
1995-02-24 00:00:00,,3.6
1995-02-24 00:00:00,,3.4
1995-02-24 09:00:00,7.2,
1995-02-25 00:00:00,,0.6
1995-02-25 00:00:00,,0.6
1995-02-25 09:00:00,6.9,
1995-02-26 00:00:00,,0.2
1995-02-26 00:00:00,,0.2
1995-02-26 09:00:00,6.05,
1995-02-27 00:00:00,,0.0
1995-02-27 00:00:00,,0.0
1995-02-27 09:00:00,4.8,
1995-02-28 00:00:00,,1.4
1995-02-28 00:00:00,,1.4
1995-02-28 09:00:00,7.6,
1995-03-01 00:00:00,,2.8
1995-03-01 00:00:00,,2.8
1995-03-01 09:00:00,11.15,
1995-03-02 00:00:00,,0.0
1995-03-02 00:00:00,,1.8
1995-03-02 09:00:00,5.949999999999999,
1995-03-03 00:00:00,,6.6
1995-03-03 00:00:00,,6.6
1995-03-03 09:00:00,4.65,
1995-03-04 00:00:00,,0.2
1995-03-04 00:00:00,,0.2
1995-03-04 09:00:00,2.15,
1995-03-05 00:00:00,,3.6
1995-03-05 00:00:00,,3.6
1995-03-05 09:00:00,5.35,
1995-03-06 00:00:00,,0.2
1995-03-06 00:00:00,,0.2
1995-03-06 09:00:00,6.25,
1995-03-07 00:00:00,,1.6
1995-03-07 00:00:00,,1.6
1995-03-07 09:00:00,4.5,
1995-03-08 00:00:00,,12.6
1995-03-08 00:00:00,,12.6
1995-03-08 09:00:00,4.65,
1995-03-09 00:00:00,,0.2
1995-03-09 00:00:00,,0.2
1995-03-09 09:00:00,4.75,
1995-03-10 00:00:00,,0.0
1995-03-10 00:00:00,,0.0
1995-03-10 09:00:00,7.95,
1995-03-11 00:00:00,,0.2
1995-03-11 00:00:00,,0.2
1995-03-11 09:00:00,10.5,
1995-03-12 00:00:00,,1.2
1995-03-12 00:00:00,,1.2
1995-03-12 09:00:00,11.85,
1995-03-13 00:00:00,,0.0
1995-03-13 00:00:00,,0.0
1995-03-13 09:00:00,8.200000000000001,
1995-03-14 00:00:00,,0.0
1995-03-14 00:00:00,,0.0
1995-03-14 09:00:00,5.6,
1995-03-15 00:00:00,,4.2
1995-03-15 00:00:00,,4.2
1995-03-15 09:00:00,8.7,
1995-03-16 00:00:00,,1.2
1995-03-16 00:00:00,,1.2
1995-03-16 09:00:00,5.699999999999999,
1995-03-17 00:00:00,,4.0
1995-03-17 00:00:00,,4.0
1995-03-17 09:00:00,8.8,
1995-03-18 00:00:00,,3.0
1995-03-18 00:00:00,,3.0
1995-03-18 09:00:00,8.95,
1995-03-19 00:00:00,,0.2
1995-03-19 00:00:00,,0.4
1995-03-19 09:00:00,8.05,
1995-03-20 00:00:00,,0.4
1995-03-20 00:00:00,,0.4
1995-03-20 09:00:00,6.85,
1995-03-21 00:00:00,,0.0
1995-03-21 00:00:00,,0.0
1995-03-21 09:00:00,5.25,
1995-03-22 00:00:00,,0.0
1995-03-22 00:00:00,,0.0
1995-03-22 09:00:00,7.050000000000001,
1995-03-23 00:00:00,,0.0
1995-03-23 00:00:00,,0.0
1995-03-23 09:00:00,7.15,
1995-03-24 00:00:00,,0.0
1995-03-24 00:00:00,,0.0
1995-03-24 09:00:00,11.5,
1995-03-25 00:00:00,,1.8
1995-03-25 00:00:00,,1.8
1995-03-25 09:00:00,12.15,
1995-03-26 00:00:00,,0.0
1995-03-26 00:00:00,,0.0
1995-03-26 09:00:00,11.55,
1995-03-27 00:00:00,,1.0
1995-03-27 00:00:00,,1.0
1995-03-27 09:00:00,7.55,
1995-03-28 00:00:00,,0.2
1995-03-28 00:00:00,,0.2
1995-03-28 09:00:00,4.3,
1995-03-29 00:00:00,,10.0
1995-03-29 00:00:00,,10.0
1995-03-29 09:00:00,6.15,
1995-03-30 00:00:00,,0.0
1995-03-30 00:00:00,,0.0
1995-03-30 09:00:00,5.0,
1995-03-31 00:00:00,,0.0
1995-03-31 00:00:00,,0.0
1995-03-31 09:00:00,10.75,
1995-04-01 00:00:00,,0.0
1995-04-01 00:00:00,,0.0
1995-04-01 09:00:00,13.05,
1995-04-02 00:00:00,,0.0
1995-04-02 09:00:00,14.85,
1995-04-03 00:00:00,,0.0
1995-04-03 09:00:00,14.4,
1995-04-04 00:00:00,,0.0
1995-04-04 09:00:00,13.35,
1995-04-05 00:00:00,,0.0
1995-04-05 09:00:00,12.85,
1995-04-06 00:00:00,,0.0
1995-04-06 09:00:00,13.35,
1995-04-07 00:00:00,,0.0
1995-04-07 09:00:00,15.0,
1995-04-08 00:00:00,,0.0
1995-04-08 09:00:00,12.75,
1995-04-09 00:00:00,,0.0
1995-04-09 09:00:00,8.2,
1995-04-10 00:00:00,,0.0
1995-04-10 09:00:00,11.65,
1995-04-11 00:00:00,,0.0
1995-04-11 09:00:00,11.55,
1995-04-12 00:00:00,,0.0
1995-04-12 09:00:00,13.7,
1995-04-13 00:00:00,,0.0
1995-04-13 09:00:00,11.05,
1995-04-14 00:00:00,,0.0
1995-04-14 09:00:00,12.1,
1995-04-15 00:00:00,,0.0
1995-04-15 09:00:00,14.45,
1995-04-16 00:00:00,,0.0
1995-04-16 09:00:00,10.7,
1995-04-17 00:00:00,,0.0
1995-04-17 09:00:00,11.1,
1995-04-18 00:00:00,,0.4
1995-04-18 09:00:00,10.2,
1995-04-19 00:00:00,,0.2
1995-04-19 09:00:00,6.5,
1995-04-20 00:00:00,,0.0
1995-04-20 09:00:00,6.5,
1995-04-21 00:00:00,,0.2
1995-04-21 09:00:00,6.75,
1995-04-22 00:00:00,,1.6
1995-04-22 09:00:00,10.5,
1995-04-23 00:00:00,,1.0
1995-04-23 09:00:00,9.8,
1995-04-24 00:00:00,,3.4
1995-04-24 09:00:00,11.75,
1995-04-25 00:00:00,,0.0
1995-04-25 09:00:00,11.85,
1995-04-26 00:00:00,,4.8
1995-04-26 09:00:00,15.1,
1995-04-27 00:00:00,,0.0
1995-04-27 09:00:00,8.0,
1995-04-28 00:00:00,,0.0
1995-04-28 09:00:00,9.5,
1995-04-29 00:00:00,,0.0
1995-04-29 09:00:00,10.3,
1995-04-30 00:00:00,,0.0
1995-04-30 09:00:00,10.5,
1995-05-01 00:00:00,,0.0
1995-05-01 09:00:00,13.05,
1995-05-02 00:00:00,,0.0
1995-05-02 00:00:00,,0.0
1995-05-02 09:00:00,14.95,
1995-05-03 00:00:00,,0.0
1995-05-03 00:00:00,,0.0
1995-05-03 09:00:00,17.3,
1995-05-04 00:00:00,,0.0
1995-05-04 00:00:00,,0.0
1995-05-04 09:00:00,17.75,
1995-05-05 00:00:00,,0.0
1995-05-05 00:00:00,,0.0
1995-05-05 09:00:00,18.75,
1995-05-06 00:00:00,,0.0
1995-05-06 00:00:00,,0.0
1995-05-06 09:00:00,19.8,
1995-05-07 00:00:00,,0.0
1995-05-07 00:00:00,,0.0
1995-05-07 09:00:00,20.25,
1995-05-08 00:00:00,,0.0
1995-05-08 00:00:00,,0.0
1995-05-08 09:00:00,19.7,
1995-05-09 00:00:00,,0.0
1995-05-09 00:00:00,,0.0
1995-05-09 09:00:00,12.95,
1995-05-10 00:00:00,,0.0
1995-05-10 00:00:00,,0.0
1995-05-10 09:00:00,11.55,
1995-05-11 00:00:00,,0.0
1995-05-11 00:00:00,,0.0
1995-05-11 09:00:00,11.3,
1995-05-12 00:00:00,,0.0
1995-05-12 00:00:00,,0.0
1995-05-12 09:00:00,8.7,
1995-05-13 00:00:00,,0.2
1995-05-13 00:00:00,,0.2
1995-05-13 09:00:00,8.55,
1995-05-14 00:00:00,,0.0
1995-05-14 00:00:00,,0.0
1995-05-14 09:00:00,8.45,
1995-05-15 00:00:00,,0.0
1995-05-15 00:00:00,,0.0
1995-05-15 09:00:00,9.05,
1995-05-16 00:00:00,,0.0
1995-05-16 00:00:00,,0.0
1995-05-16 09:00:00,12.0,
1995-05-17 00:00:00,,8.6
1995-05-17 00:00:00,,8.6
1995-05-17 09:00:00,12.05,
1995-05-18 00:00:00,,9.2
1995-05-18 00:00:00,,9.2
1995-05-18 09:00:00,8.8,
1995-05-19 00:00:00,,1.0
1995-05-19 00:00:00,,1.0
1995-05-19 09:00:00,10.25,
1995-05-20 00:00:00,,4.4
1995-05-20 00:00:00,,4.4
1995-05-20 09:00:00,11.7,
1995-05-21 00:00:00,,0.0
1995-05-21 00:00:00,,0.0
1995-05-21 09:00:00,11.5,
1995-05-22 00:00:00,,0.0
1995-05-22 00:00:00,,0.0
1995-05-22 09:00:00,12.65,
1995-05-23 00:00:00,,0.0
1995-05-23 00:00:00,,0.0
1995-05-23 09:00:00,14.85,
1995-05-24 00:00:00,,0.0
1995-05-24 00:00:00,,0.0
1995-05-24 09:00:00,17.15,
1995-05-25 00:00:00,,0.2
1995-05-25 00:00:00,,0.2
1995-05-25 09:00:00,15.7,
1995-05-26 00:00:00,,0.0
1995-05-26 00:00:00,,0.0
1995-05-26 09:00:00,15.45,
1995-05-27 00:00:00,,0.2
1995-05-27 00:00:00,,0.2
1995-05-27 09:00:00,16.6,
1995-05-28 00:00:00,,1.8
1995-05-28 00:00:00,,1.8
1995-05-28 09:00:00,17.5,
1995-05-29 00:00:00,,0.0
1995-05-29 00:00:00,,0.0
1995-05-29 09:00:00,15.6,
1995-05-30 00:00:00,,0.0
1995-05-30 00:00:00,,0.0
1995-05-30 09:00:00,15.15,
1995-05-31 00:00:00,,1.6
1995-05-31 00:00:00,,1.6
1995-05-31 09:00:00,16.4,
1995-06-01 00:00:00,,0.0
1995-06-01 00:00:00,,0.0
1995-06-01 09:00:00,15.1,
1995-06-02 00:00:00,,0.0
1995-06-02 00:00:00,,0.0
1995-06-02 09:00:00,15.3,
1995-06-03 00:00:00,,0.0
1995-06-03 00:00:00,,0.0
1995-06-03 09:00:00,15.95,
1995-06-04 00:00:00,,7.2
1995-06-04 00:00:00,,7.2
1995-06-04 09:00:00,14.1,
1995-06-05 00:00:00,,3.0
1995-06-05 00:00:00,,3.0
1995-06-05 09:00:00,14.2,
1995-06-06 00:00:00,,0.0
1995-06-06 00:00:00,,0.0
1995-06-06 09:00:00,15.9,
1995-06-07 00:00:00,,1.0
1995-06-07 00:00:00,,1.0
1995-06-07 09:00:00,16.1,
1995-06-08 00:00:00,,0.0
1995-06-08 00:00:00,,0.0
1995-06-08 09:00:00,13.85,
1995-06-09 00:00:00,,0.2
1995-06-09 00:00:00,,0.2
1995-06-09 09:00:00,12.95,
1995-06-10 00:00:00,,0.0
1995-06-10 00:00:00,,0.0
1995-06-10 09:00:00,13.4,
1995-06-11 00:00:00,,3.0
1995-06-11 00:00:00,,3.0
1995-06-11 09:00:00,13.4,
1995-06-12 00:00:00,,3.8
1995-06-12 00:00:00,,3.8
1995-06-12 09:00:00,12.7,
1995-06-13 00:00:00,,0.0
1995-06-13 00:00:00,,0.0
1995-06-13 09:00:00,11.85,
1995-06-14 00:00:00,,0.0
1995-06-14 00:00:00,,0.0
1995-06-14 09:00:00,12.05,
1995-06-15 00:00:00,,0.0
1995-06-15 00:00:00,,0.0
1995-06-15 09:00:00,12.95,
1995-06-16 00:00:00,,0.0
1995-06-16 00:00:00,,0.0
1995-06-16 09:00:00,14.7,
1995-06-17 00:00:00,,1.2
1995-06-17 00:00:00,,1.2
1995-06-17 09:00:00,16.35,
1995-06-18 00:00:00,,1.8
1995-06-18 00:00:00,,1.8
1995-06-18 09:00:00,14.95,
1995-06-19 00:00:00,,0.0
1995-06-19 00:00:00,,0.0
1995-06-19 09:00:00,17.3,
1995-06-20 00:00:00,,0.0
1995-06-20 00:00:00,,0.0
1995-06-20 09:00:00,19.25,
1995-06-21 00:00:00,,0.0
1995-06-21 00:00:00,,0.0
1995-06-21 09:00:00,19.35,
1995-06-22 00:00:00,,0.0
1995-06-22 00:00:00,,0.0
1995-06-22 09:00:00,17.8,
1995-06-23 00:00:00,,0.0
1995-06-23 00:00:00,,0.0
1995-06-23 09:00:00,16.8,
1995-06-24 00:00:00,,0.0
1995-06-24 00:00:00,,0.0
1995-06-24 09:00:00,17.4,
1995-06-25 00:00:00,,0.0
1995-06-25 00:00:00,,0.0
1995-06-25 09:00:00,14.8,
1995-06-26 00:00:00,,0.0
1995-06-26 00:00:00,,0.0
1995-06-26 09:00:00,18.35,
1995-06-27 00:00:00,,0.0
1995-06-27 00:00:00,,0.0
1995-06-27 09:00:00,19.75,
1995-06-28 00:00:00,,0.0
1995-06-28 00:00:00,,0.0
1995-06-28 09:00:00,20.65,
1995-06-29 00:00:00,,0.0
1995-06-29 00:00:00,,0.0
1995-06-29 09:00:00,22.35,
1995-06-30 00:00:00,,0.0
1995-06-30 00:00:00,,0.0
1995-06-30 09:00:00,20.5,
1995-07-01 00:00:00,,0.0
1995-07-01 00:00:00,,0.0
1995-07-01 09:00:00,23.2,
1995-07-02 00:00:00,,0.0
1995-07-02 09:00:00,17.15,
1995-07-03 00:00:00,,17.2
1995-07-03 09:00:00,17.5,
1995-07-04 00:00:00,,0.0
1995-07-04 09:00:00,16.9,
1995-07-05 00:00:00,,0.0
1995-07-05 09:00:00,19.95,
1995-07-06 00:00:00,,0.0
1995-07-06 09:00:00,18.6,
1995-07-07 00:00:00,,0.0
1995-07-07 09:00:00,21.700000000000003,
1995-07-08 00:00:00,,0.0
1995-07-08 09:00:00,19.2,
1995-07-09 00:00:00,,0.0
1995-07-09 09:00:00,22.3,
1995-07-10 00:00:00,,0.0
1995-07-10 09:00:00,22.55,
1995-07-11 00:00:00,,0.0
1995-07-11 09:00:00,24.8,
1995-07-12 00:00:00,,0.4
1995-07-12 09:00:00,22.6,
1995-07-13 00:00:00,,3.0
1995-07-13 09:00:00,21.35,
1995-07-14 00:00:00,,0.8
1995-07-14 09:00:00,20.85,
1995-07-15 00:00:00,,2.4
1995-07-15 09:00:00,19.950000000000003,
1995-07-16 00:00:00,,1.0
1995-07-16 09:00:00,18.8,
1995-07-17 00:00:00,,1.0
1995-07-17 09:00:00,18.95,
1995-07-18 00:00:00,,0.2
1995-07-18 09:00:00,19.9,
1995-07-19 00:00:00,,0.0
1995-07-19 09:00:00,22.75,
1995-07-20 00:00:00,,0.0
1995-07-20 09:00:00,21.15,
1995-07-21 00:00:00,,0.0
1995-07-21 09:00:00,24.950000000000003,
1995-07-22 00:00:00,,0.0
1995-07-22 09:00:00,22.4,
1995-07-23 00:00:00,,0.0
1995-07-23 09:00:00,17.9,
1995-07-24 00:00:00,,0.0
1995-07-24 09:00:00,19.450000000000003,
1995-07-25 00:00:00,,0.0
1995-07-25 09:00:00,22.65,
1995-07-26 00:00:00,,0.0
1995-07-26 09:00:00,23.15,
1995-07-27 00:00:00,,11.2
1995-07-27 09:00:00,21.85,
1995-07-28 00:00:00,,0.0
1995-07-28 09:00:00,21.200000000000003,
1995-07-29 00:00:00,,0.0
1995-07-29 09:00:00,22.9,
1995-07-30 00:00:00,,0.0
1995-07-30 09:00:00,24.05,
1995-07-31 00:00:00,,0.0
1995-07-31 09:00:00,25.450000000000003,
1995-08-01 00:00:00,,0.0
1995-08-01 09:00:00,26.45,
1995-08-02 00:00:00,,0.0
1995-08-02 09:00:00,27.65,
1995-08-03 00:00:00,,0.0
1995-08-03 09:00:00,26.4,
1995-08-04 00:00:00,,0.0
1995-08-04 09:00:00,23.8,
1995-08-05 00:00:00,,0.0
1995-08-05 09:00:00,20.9,
1995-08-06 00:00:00,,0.0
1995-08-06 09:00:00,20.7,
1995-08-07 00:00:00,,0.0
1995-08-07 09:00:00,21.6,
1995-08-08 00:00:00,,0.0
1995-08-08 09:00:00,18.45,
1995-08-09 00:00:00,,0.0
1995-08-09 09:00:00,17.75,
1995-08-10 00:00:00,,0.0
1995-08-10 09:00:00,20.55,
1995-08-11 00:00:00,,0.0
1995-08-11 09:00:00,22.75,
1995-08-12 00:00:00,,0.0
1995-08-12 09:00:00,24.3,
1995-08-13 00:00:00,,0.0
1995-08-13 09:00:00,24.85,
1995-08-14 00:00:00,,0.0
1995-08-14 09:00:00,19.7,
1995-08-15 00:00:00,,0.0
1995-08-15 09:00:00,20.05,
1995-08-16 00:00:00,,0.0
1995-08-16 09:00:00,24.0,
1995-08-17 00:00:00,,0.0
1995-08-17 09:00:00,24.7,
1995-08-18 00:00:00,,0.0
1995-08-18 09:00:00,22.9,
1995-08-19 00:00:00,,0.0
1995-08-19 09:00:00,24.0,
1995-08-20 00:00:00,,0.0
1995-08-20 09:00:00,24.65,
1995-08-21 00:00:00,,0.0
1995-08-21 09:00:00,23.45,
1995-08-22 00:00:00,,0.0
1995-08-22 09:00:00,24.1,
1995-08-23 00:00:00,,0.0
1995-08-23 09:00:00,23.05,
1995-08-24 00:00:00,,0.4
1995-08-24 09:00:00,19.05,
1995-08-25 00:00:00,,0.0
1995-08-25 09:00:00,21.05,
1995-08-26 00:00:00,,0.0
1995-08-26 09:00:00,21.55,
1995-08-27 00:00:00,,0.0
1995-08-27 09:00:00,20.7,
1995-08-28 00:00:00,,1.0
1995-08-28 09:00:00,16.25,
1995-08-29 00:00:00,,0.2
1995-08-29 09:00:00,16.700000000000003,
1995-08-30 00:00:00,,0.0
1995-08-30 09:00:00,14.4,
1995-08-31 00:00:00,,0.0
1995-08-31 09:00:00,19.3,
1995-09-01 00:00:00,,1.2
1995-09-01 09:00:00,17.9,
1995-09-02 00:00:00,,1.4
1995-09-02 00:00:00,,1.4
1995-09-02 09:00:00,17.55,
1995-09-03 00:00:00,,2.0
1995-09-03 00:00:00,,2.0
1995-09-03 09:00:00,14.25,
1995-09-04 00:00:00,,0.0
1995-09-04 00:00:00,,0.0
1995-09-04 09:00:00,15.1,
1995-09-05 00:00:00,,0.0
1995-09-05 00:00:00,,0.0
1995-09-05 09:00:00,16.799999999999997,
1995-09-06 00:00:00,,6.6
1995-09-06 00:00:00,,6.6
1995-09-06 09:00:00,16.549999999999997,
1995-09-07 00:00:00,,3.6
1995-09-07 00:00:00,,3.6
1995-09-07 09:00:00,17.799999999999997,
1995-09-08 00:00:00,,6.0
1995-09-08 00:00:00,,6.0
1995-09-08 09:00:00,17.6,
1995-09-09 00:00:00,,0.4
1995-09-09 00:00:00,,0.4
1995-09-09 09:00:00,16.1,
1995-09-10 00:00:00,,0.0
1995-09-10 00:00:00,,0.0
1995-09-10 09:00:00,17.15,
1995-09-11 00:00:00,,10.8
1995-09-11 00:00:00,,10.8
1995-09-11 09:00:00,16.3,
1995-09-12 00:00:00,,2.2
1995-09-12 00:00:00,,2.2
1995-09-12 09:00:00,16.7,
1995-09-13 00:00:00,,1.6
1995-09-13 00:00:00,,1.6
1995-09-13 09:00:00,15.05,
1995-09-14 00:00:00,,0.0
1995-09-14 00:00:00,,0.0
1995-09-14 09:00:00,15.0,
1995-09-15 00:00:00,,5.2
1995-09-15 00:00:00,,5.2
1995-09-15 09:00:00,15.1,
1995-09-16 00:00:00,,0.0
1995-09-16 00:00:00,,0.0
1995-09-16 09:00:00,16.0,
1995-09-17 00:00:00,,11.6
1995-09-17 00:00:00,,11.6
1995-09-17 09:00:00,15.15,
1995-09-18 00:00:00,,1.0
1995-09-18 00:00:00,,1.0
1995-09-18 09:00:00,16.5,
1995-09-19 00:00:00,,2.2
1995-09-19 00:00:00,,2.2
1995-09-19 09:00:00,17.5,
1995-09-20 00:00:00,,0.0
1995-09-20 00:00:00,,0.0
1995-09-20 09:00:00,15.3,
1995-09-21 00:00:00,,0.0
1995-09-21 00:00:00,,0.0
1995-09-21 09:00:00,14.2,
1995-09-22 00:00:00,,0.0
1995-09-22 00:00:00,,0.0
1995-09-22 09:00:00,15.85,
1995-09-23 00:00:00,,0.4
1995-09-23 00:00:00,,0.4
1995-09-23 09:00:00,16.25,
1995-09-24 00:00:00,,6.4
1995-09-24 00:00:00,,6.8
1995-09-24 09:00:00,15.55,
1995-09-25 00:00:00,,5.4
1995-09-25 00:00:00,,5.4
1995-09-25 09:00:00,11.5,
1995-09-26 00:00:00,,0.2
1995-09-26 00:00:00,,0.2
1995-09-26 09:00:00,14.55,
1995-09-27 00:00:00,,17.8
1995-09-27 00:00:00,,17.8
1995-09-27 09:00:00,14.7,
1995-09-28 00:00:00,,0.2
1995-09-28 00:00:00,,0.2
1995-09-28 09:00:00,11.5,
1995-09-29 00:00:00,,0.6
1995-09-29 00:00:00,,0.6
1995-09-29 09:00:00,10.45,
1995-09-30 00:00:00,,0.0
1995-09-30 00:00:00,,0.0
1995-09-30 09:00:00,12.0,
1995-10-01 00:00:00,,2.2
1995-10-01 00:00:00,,2.2
1995-10-01 09:00:00,15.15,
1995-10-02 00:00:00,,0.0
1995-10-02 00:00:00,,0.0
1995-10-02 09:00:00,15.75,
1995-10-03 00:00:00,,0.0
1995-10-03 00:00:00,,0.0
1995-10-03 09:00:00,15.5,
1995-10-04 00:00:00,,4.2
1995-10-04 00:00:00,,4.2
1995-10-04 09:00:00,16.8,
1995-10-05 00:00:00,,1.8
1995-10-05 00:00:00,,1.8
1995-10-05 09:00:00,14.0,
1995-10-06 00:00:00,,0.0
1995-10-06 00:00:00,,0.0
1995-10-06 09:00:00,15.1,
1995-10-07 00:00:00,,2.0
1995-10-07 00:00:00,,2.0
1995-10-07 09:00:00,16.45,
1995-10-08 00:00:00,,0.2
1995-10-08 00:00:00,,0.2
1995-10-08 09:00:00,16.5,
1995-10-09 00:00:00,,0.0
1995-10-09 00:00:00,,0.0
1995-10-09 09:00:00,20.4,
1995-10-10 00:00:00,,0.0
1995-10-10 00:00:00,,0.0
1995-10-10 09:00:00,19.65,
1995-10-11 00:00:00,,0.0
1995-10-11 00:00:00,,0.0
1995-10-11 09:00:00,17.45,
1995-10-12 00:00:00,,0.0
1995-10-12 00:00:00,,0.0
1995-10-12 09:00:00,19.2,
1995-10-13 00:00:00,,0.0
1995-10-13 00:00:00,,0.0
1995-10-13 09:00:00,18.0,
1995-10-14 00:00:00,,0.0
1995-10-14 00:00:00,,0.0
1995-10-14 09:00:00,18.05,
1995-10-15 00:00:00,,0.0
1995-10-15 00:00:00,,0.0
1995-10-15 09:00:00,16.95,
1995-10-16 00:00:00,,0.0
1995-10-16 00:00:00,,0.0
1995-10-16 09:00:00,16.05,
1995-10-17 00:00:00,,0.0
1995-10-17 00:00:00,,0.0
1995-10-17 09:00:00,17.2,
1995-10-18 00:00:00,,0.0
1995-10-18 00:00:00,,0.0
1995-10-18 09:00:00,15.55,
1995-10-19 00:00:00,,0.0
1995-10-19 00:00:00,,0.0
1995-10-19 09:00:00,12.0,
1995-10-20 00:00:00,,0.0
1995-10-20 00:00:00,,0.0
1995-10-20 09:00:00,13.5,
1995-10-21 00:00:00,,0.2
1995-10-21 00:00:00,,0.2
1995-10-21 09:00:00,10.05,
1995-10-22 00:00:00,,0.0
1995-10-22 00:00:00,,0.0
1995-10-22 09:00:00,12.7,
1995-10-23 00:00:00,,0.0
1995-10-23 00:00:00,,0.0
1995-10-23 09:00:00,11.75,
1995-10-24 00:00:00,,0.0
1995-10-24 00:00:00,,0.0
1995-10-24 09:00:00,14.5,
1995-10-25 00:00:00,,0.0
1995-10-25 00:00:00,,0.0
1995-10-26 00:00:00,,0.0
1995-10-26 00:00:00,,0.0
1995-10-27 00:00:00,,0.8
1995-10-27 00:00:00,,0.8
1995-10-27 09:00:00,16.55,
1995-10-28 00:00:00,,0.0
1995-10-28 00:00:00,,0.0
1995-10-28 09:00:00,10.0,
1995-10-29 00:00:00,,0.0
1995-10-29 00:00:00,,0.0
1995-10-29 09:00:00,10.5,
1995-10-30 00:00:00,,0.0
1995-10-30 00:00:00,,0.0
1995-10-30 09:00:00,10.4,
1995-10-31 00:00:00,,0.0
1995-10-31 00:00:00,,0.0
1995-10-31 09:00:00,10.7,
1995-11-01 00:00:00,,0.0
1995-11-01 00:00:00,,0.0
1995-11-01 09:00:00,11.3,
1995-11-02 00:00:00,,0.0
1995-11-02 00:00:00,,0.0
1995-11-02 09:00:00,10.1,
1995-11-03 00:00:00,,0.0
1995-11-03 00:00:00,,0.0
1995-11-03 09:00:00,8.3,
1995-11-04 00:00:00,,0.0
1995-11-04 00:00:00,,0.0
1995-11-04 09:00:00,7.75,
1995-11-05 00:00:00,,0.0
1995-11-05 00:00:00,,0.0
1995-11-05 09:00:00,7.15,
1995-11-06 00:00:00,,0.0
1995-11-06 00:00:00,,0.0
1995-11-06 09:00:00,4.9,
1995-11-07 00:00:00,,0.0
1995-11-07 00:00:00,,0.0
1995-11-07 09:00:00,6.6000000000000005,
1995-11-08 00:00:00,,0.0
1995-11-08 00:00:00,,0.0
1995-11-08 09:00:00,8.3,
1995-11-09 00:00:00,,0.0
1995-11-09 00:00:00,,0.0
1995-11-09 09:00:00,12.6,
1995-11-10 00:00:00,,6.4
1995-11-10 00:00:00,,6.4
1995-11-10 09:00:00,12.1,
1995-11-11 00:00:00,,0.6
1995-11-11 00:00:00,,0.6
1995-11-11 09:00:00,10.75,
1995-11-12 00:00:00,,0.4
1995-11-12 00:00:00,,0.4
1995-11-12 09:00:00,13.85,
1995-11-13 00:00:00,,0.0
1995-11-13 00:00:00,,0.0
1995-11-13 09:00:00,12.7,
1995-11-14 00:00:00,,0.6
1995-11-14 00:00:00,,0.6
1995-11-14 09:00:00,11.95,
1995-11-15 00:00:00,,1.8
1995-11-15 00:00:00,,1.8
1995-11-15 09:00:00,11.55,
1995-11-16 00:00:00,,0.2
1995-11-16 00:00:00,,0.2
1995-11-16 09:00:00,12.95,
1995-11-17 00:00:00,,0.8
1995-11-17 00:00:00,,0.8
1995-11-17 09:00:00,7.2,
1995-11-18 00:00:00,,0.0
1995-11-18 00:00:00,,0.0
1995-11-18 09:00:00,2.6,
1995-11-19 00:00:00,,0.0
1995-11-19 00:00:00,,0.0
1995-11-19 09:00:00,4.0,
1995-11-20 00:00:00,,0.0
1995-11-20 00:00:00,,0.0
1995-11-20 09:00:00,5.4,
1995-11-21 00:00:00,,0.0
1995-11-21 00:00:00,,0.0
1995-11-21 09:00:00,6.75,
1995-11-22 00:00:00,,0.0
1995-11-22 00:00:00,,0.0
1995-11-22 09:00:00,9.95,
1995-11-23 00:00:00,,0.0
1995-11-23 00:00:00,,0.0
1995-11-23 09:00:00,9.7,
1995-11-24 00:00:00,,0.0
1995-11-24 00:00:00,,0.0
1995-11-24 09:00:00,11.15,
1995-11-25 00:00:00,,0.0
1995-11-25 00:00:00,,0.0
1995-11-25 09:00:00,12.1,
1995-11-26 00:00:00,,8.0
1995-11-26 00:00:00,,8.0
1995-11-26 09:00:00,11.1,
1995-11-27 00:00:00,,0.8
1995-11-27 00:00:00,,0.8
1995-11-27 09:00:00,9.6,
1995-11-28 00:00:00,,2.0
1995-11-28 00:00:00,,2.0
1995-11-28 09:00:00,9.8,
1995-11-29 00:00:00,,0.0
1995-11-29 00:00:00,,0.0
1995-11-29 09:00:00,10.95,
1995-11-30 00:00:00,,0.2
1995-11-30 00:00:00,,0.2
1995-11-30 09:00:00,9.15,
1995-12-01 00:00:00,,0.0
1995-12-01 00:00:00,,0.0
1995-12-01 09:00:00,6.9,
1995-12-02 00:00:00,,2.6
1995-12-02 00:00:00,,2.6
1995-12-02 09:00:00,9.6,
1995-12-03 00:00:00,,0.6
1995-12-03 00:00:00,,0.6
1995-12-03 09:00:00,11.55,
1995-12-04 00:00:00,,6.4
1995-12-04 00:00:00,,6.4
1995-12-04 09:00:00,9.2,
1995-12-05 00:00:00,,0.0
1995-12-05 00:00:00,,0.0
1995-12-05 09:00:00,4.75,
1995-12-06 00:00:00,,1.5
1995-12-06 00:00:00,,1.5
1995-12-06 09:00:00,1.1,
1995-12-07 00:00:00,,2.6
1995-12-07 00:00:00,,2.6
1995-12-07 09:00:00,0.3,
1995-12-08 00:00:00,,0.1
1995-12-08 00:00:00,,0.1
1995-12-08 09:00:00,1.6,
1995-12-09 00:00:00,,0.0
1995-12-09 00:00:00,,0.0
1995-12-09 09:00:00,2.45,
1995-12-10 00:00:00,,0.0
1995-12-10 00:00:00,,0.0
1995-12-10 09:00:00,2.55,
1995-12-11 00:00:00,,0.2
1995-12-11 00:00:00,,0.2
1995-12-11 09:00:00,1.15,
1995-12-12 00:00:00,,0.0
1995-12-12 00:00:00,,0.0
1995-12-12 09:00:00,4.8,
1995-12-13 00:00:00,,0.4
1995-12-13 00:00:00,,0.4
1995-12-13 09:00:00,6.5,
1995-12-14 00:00:00,,0.2
1995-12-14 00:00:00,,0.2
1995-12-14 09:00:00,6.3500000000000005,
1995-12-15 00:00:00,,0.2
1995-12-15 00:00:00,,0.2
1995-12-15 09:00:00,4.3,
1995-12-16 00:00:00,,0.8
1995-12-16 00:00:00,,0.8
1995-12-16 09:00:00,3.75,
1995-12-17 00:00:00,,0.0
1995-12-17 00:00:00,,0.0
1995-12-17 09:00:00,5.4,
1995-12-18 00:00:00,,2.0
1995-12-18 00:00:00,,2.0
1995-12-18 09:00:00,4.75,
1995-12-19 00:00:00,,0.2
1995-12-19 00:00:00,,0.2
1995-12-19 09:00:00,5.15,
1995-12-20 00:00:00,,29.0
1995-12-20 00:00:00,,29.0
1995-12-20 09:00:00,4.25,
1995-12-21 00:00:00,,0.6
1995-12-21 00:00:00,,0.6
1995-12-21 09:00:00,3.5,
1995-12-22 00:00:00,,13.2
1995-12-22 00:00:00,,13.2
1995-12-22 09:00:00,7.1000000000000005,
1995-12-23 00:00:00,,9.0
1995-12-23 00:00:00,,9.0
1995-12-23 09:00:00,10.2,
1995-12-24 00:00:00,,8.0
1995-12-24 00:00:00,,8.0
1995-12-24 09:00:00,5.25,
1995-12-25 00:00:00,,0.0
1995-12-25 00:00:00,,0.0
1995-12-25 09:00:00,1.95,
1995-12-26 00:00:00,,0.0
1995-12-26 00:00:00,,0.0
1995-12-26 09:00:00,0.3500000000000001,
1995-12-27 00:00:00,,0.0
1995-12-27 00:00:00,,0.0
1995-12-27 09:00:00,0.0999999999999999,
1995-12-28 00:00:00,,0.2
1995-12-28 00:00:00,,0.2
1995-12-28 09:00:00,-1.65,
1995-12-29 00:00:00,,0.0
1995-12-29 00:00:00,,0.0
1995-12-29 09:00:00,-1.05,
1995-12-30 00:00:00,,0.0
1995-12-30 00:00:00,,0.0
1995-12-30 09:00:00,0.6000000000000001,
1995-12-31 00:00:00,,8.4
1995-12-31 00:00:00,,8.4
1995-12-31 09:00:00,1.45,
1996-01-01 00:00:00,,0.0
1996-01-01 00:00:00,,0.0
1996-01-01 09:00:00,3.05,
1996-01-02 00:00:00,,0.2
1996-01-02 00:00:00,,0.2
1996-01-02 09:00:00,4.65,
1996-01-03 00:00:00,,0.0
1996-01-03 00:00:00,,0.0
1996-01-03 09:00:00,5.75,
1996-01-04 00:00:00,,0.0
1996-01-04 00:00:00,,0.0
1996-01-04 09:00:00,4.85,
1996-01-05 00:00:00,,2.2
1996-01-05 00:00:00,,2.2
1996-01-05 09:00:00,6.5,
1996-01-06 00:00:00,,7.2
1996-01-06 00:00:00,,7.2
1996-01-06 09:00:00,7.35,
1996-01-07 00:00:00,,5.8
1996-01-07 00:00:00,,5.8
1996-01-07 09:00:00,8.5,
1996-01-08 00:00:00,,0.0
1996-01-08 00:00:00,,0.0
1996-01-08 09:00:00,9.8,
1996-01-09 00:00:00,,20.2
1996-01-09 00:00:00,,20.2
1996-01-09 09:00:00,10.6,
1996-01-10 00:00:00,,0.0
1996-01-10 00:00:00,,0.0
1996-01-10 09:00:00,9.65,
1996-01-11 00:00:00,,0.0
1996-01-11 00:00:00,,0.0
1996-01-11 09:00:00,9.1,
1996-01-12 00:00:00,,1.8
1996-01-12 00:00:00,,1.8
1996-01-12 09:00:00,9.55,
1996-01-13 00:00:00,,0.4
1996-01-13 00:00:00,,0.4
1996-01-13 09:00:00,11.05,
1996-01-14 00:00:00,,0.0
1996-01-14 00:00:00,,0.0
1996-01-14 09:00:00,9.85,
1996-01-15 00:00:00,,0.0
1996-01-15 00:00:00,,0.0
1996-01-15 09:00:00,8.95,
1996-01-16 00:00:00,,0.0
1996-01-16 00:00:00,,0.0
1996-01-16 09:00:00,8.0,
1996-01-17 00:00:00,,0.0
1996-01-17 00:00:00,,0.0
1996-01-17 09:00:00,8.5,
1996-01-18 00:00:00,,0.0
1996-01-18 00:00:00,,0.0
1996-01-18 09:00:00,7.399999999999999,
1996-01-19 00:00:00,,0.0
1996-01-19 00:00:00,,0.0
1996-01-19 09:00:00,5.35,
1996-01-20 00:00:00,,0.0
1996-01-20 00:00:00,,0.0
1996-01-20 09:00:00,5.85,
1996-01-21 00:00:00,,0.0
1996-01-21 00:00:00,,0.0
1996-01-21 09:00:00,2.85,
1996-01-22 00:00:00,,0.0
1996-01-22 00:00:00,,0.0
1996-01-22 09:00:00,3.55,
1996-01-23 00:00:00,,0.0
1996-01-23 00:00:00,,0.0
1996-01-23 09:00:00,5.5,
1996-01-24 00:00:00,,7.4
1996-01-24 00:00:00,,7.4
1996-01-24 09:00:00,3.65,
1996-01-25 00:00:00,,0.0
1996-01-25 00:00:00,,0.0
1996-01-25 09:00:00,2.5,
1996-01-26 00:00:00,,0.0
1996-01-26 00:00:00,,0.0
1996-01-26 09:00:00,-1.15,
1996-01-27 00:00:00,,0.0
1996-01-27 00:00:00,,0.0
1996-01-27 09:00:00,-2.5,
1996-01-28 00:00:00,,0.2
1996-01-28 00:00:00,,0.2
1996-01-28 09:00:00,-0.5,
1996-01-29 00:00:00,,0.0
1996-01-29 00:00:00,,0.0
1996-01-29 09:00:00,1.3,
1996-01-30 00:00:00,,0.0
1996-01-30 00:00:00,,0.0
1996-01-30 09:00:00,1.5499999999999998,
1996-01-31 00:00:00,,0.2
1996-01-31 00:00:00,,0.2
1996-01-31 09:00:00,2.5,
1996-02-01 00:00:00,,0.0
1996-02-01 00:00:00,,0.0
1996-02-01 09:00:00,2.6,
1996-02-02 00:00:00,,0.0
1996-02-02 00:00:00,,0.0
1996-02-02 09:00:00,2.95,
1996-02-03 00:00:00,,0.0
1996-02-03 00:00:00,,0.0
1996-02-03 09:00:00,1.6,
1996-02-04 00:00:00,,0.0
1996-02-04 00:00:00,,0.0
1996-02-04 09:00:00,2.7,
1996-02-05 00:00:00,,0.0
1996-02-05 00:00:00,,0.0
1996-02-05 09:00:00,2.45,
1996-02-06 00:00:00,,0.0
1996-02-06 00:00:00,,0.0
1996-02-06 09:00:00,0.45,
1996-02-07 00:00:00,,0.0
1996-02-07 00:00:00,,0.0
1996-02-07 09:00:00,-0.25,
1996-02-08 00:00:00,,0.0
1996-02-08 00:00:00,,0.0
1996-02-08 09:00:00,0.4499999999999999,
1996-02-09 00:00:00,,0.2
1996-02-09 00:00:00,,0.2
1996-02-09 09:00:00,3.2,
1996-02-10 00:00:00,,1.6
1996-02-10 00:00:00,,1.6
1996-02-10 09:00:00,6.65,
1996-02-11 00:00:00,,1.4
1996-02-11 00:00:00,,1.4
1996-02-11 09:00:00,9.2,
1996-02-12 00:00:00,,9.8
1996-02-12 00:00:00,,9.8
1996-02-12 09:00:00,8.0,
1996-02-13 00:00:00,,1.4
1996-02-13 00:00:00,,1.4
1996-02-13 09:00:00,4.1,
1996-02-14 00:00:00,,0.0
1996-02-14 00:00:00,,0.0
1996-02-14 09:00:00,2.7,
1996-02-15 00:00:00,,0.0
1996-02-15 00:00:00,,0.0
1996-02-15 09:00:00,2.6500000000000004,
1996-02-16 00:00:00,,0.0
1996-02-16 00:00:00,,0.0
1996-02-16 09:00:00,4.25,
1996-02-17 00:00:00,,0.0
1996-02-17 00:00:00,,0.0
1996-02-17 09:00:00,9.95,
1996-02-18 00:00:00,,5.4
1996-02-18 00:00:00,,5.4
1996-02-18 09:00:00,8.15,
1996-02-19 00:00:00,,0.6
1996-02-19 00:00:00,,0.6
1996-02-19 09:00:00,5.1,
1996-02-20 00:00:00,,0.0
1996-02-20 00:00:00,,0.0
1996-02-20 09:00:00,1.3,
1996-02-21 00:00:00,,0.6
1996-02-21 00:00:00,,0.6
1996-02-21 09:00:00,0.35,
1996-02-22 00:00:00,,0.0
1996-02-22 00:00:00,,0.0
1996-02-22 09:00:00,0.5999999999999999,
1996-02-23 00:00:00,,1.8
1996-02-23 00:00:00,,1.8
1996-02-23 09:00:00,2.5,
1996-02-24 00:00:00,,1.2
1996-02-24 00:00:00,,1.2
1996-02-24 09:00:00,6.05,
1996-02-25 00:00:00,,9.6
1996-02-25 00:00:00,,9.6
1996-02-25 09:00:00,7.75,
1996-02-26 00:00:00,,4.2
1996-02-26 00:00:00,,4.2
1996-02-26 09:00:00,4.949999999999999,
1996-02-27 00:00:00,,0.0
1996-02-27 00:00:00,,0.0
1996-02-27 09:00:00,4.75,
1996-02-28 00:00:00,,0.0
1996-02-28 00:00:00,,0.0
1996-02-28 09:00:00,6.4,
1996-02-29 00:00:00,,0.0
1996-02-29 00:00:00,,0.0
1996-02-29 09:00:00,5.85,
1996-03-01 00:00:00,,0.0
1996-03-01 09:00:00,8.0,
1996-03-02 00:00:00,,0.6
1996-03-02 09:00:00,6.6,
1996-03-03 00:00:00,,0.4
1996-03-03 09:00:00,6.1,
1996-03-04 00:00:00,,0.6
1996-03-04 09:00:00,6.449999999999999,
1996-03-05 00:00:00,,0.0
1996-03-05 09:00:00,6.85,
1996-03-06 00:00:00,,0.2
1996-03-06 09:00:00,6.2,
1996-03-07 00:00:00,,0.0
1996-03-07 09:00:00,6.95,
1996-03-08 00:00:00,,0.0
1996-03-08 09:00:00,4.25,
1996-03-09 00:00:00,,6.2
1996-03-09 09:00:00,4.05,
1996-03-10 00:00:00,,1.0
1996-03-10 09:00:00,5.449999999999999,
1996-03-11 00:00:00,,0.0
1996-03-11 09:00:00,4.55,
1996-03-12 00:00:00,,0.0
1996-03-12 09:00:00,3.8,
1996-03-13 00:00:00,,0.0
1996-03-13 09:00:00,1.6,
1996-03-14 00:00:00,,0.0
1996-03-14 09:00:00,1.65,
1996-03-15 00:00:00,,0.0
1996-03-15 09:00:00,3.5,
1996-03-16 00:00:00,,0.6
1996-03-16 09:00:00,8.05,
1996-03-17 00:00:00,,0.6
1996-03-17 09:00:00,5.6,
1996-03-18 00:00:00,,0.0
1996-03-18 09:00:00,8.25,
1996-03-19 00:00:00,,0.0
1996-03-19 09:00:00,6.95,
1996-03-20 00:00:00,,0.0
1996-03-20 09:00:00,4.8,
1996-03-21 00:00:00,,5.6
1996-03-21 09:00:00,5.05,
1996-03-22 00:00:00,,2.6
1996-03-22 09:00:00,8.3,
1996-03-23 00:00:00,,4.4
1996-03-23 09:00:00,9.65,
1996-03-24 00:00:00,,0.0
1996-03-24 09:00:00,11.3,
1996-03-25 00:00:00,,0.0
1996-03-25 09:00:00,6.550000000000001,
1996-03-26 00:00:00,,2.2
1996-03-26 09:00:00,8.15,
1996-03-27 00:00:00,,0.6
1996-03-27 09:00:00,1.0,
1996-03-28 00:00:00,,0.0
1996-03-28 09:00:00,4.2,
1996-03-29 00:00:00,,0.4
1996-03-29 09:00:00,6.050000000000001,
1996-03-30 00:00:00,,1.2
1996-03-30 09:00:00,5.800000000000001,
1996-03-31 00:00:00,,0.0
1996-03-31 09:00:00,6.4,
1996-04-01 00:00:00,,0.0
1996-04-01 00:00:00,,0.0
1996-04-01 09:00:00,4.15,
1996-04-02 00:00:00,,0.0
1996-04-02 09:00:00,3.8,
1996-04-03 00:00:00,,0.0
1996-04-03 09:00:00,5.3,
1996-04-04 00:00:00,,0.0
1996-04-04 09:00:00,4.8500000000000005,
1996-04-05 00:00:00,,0.0
1996-04-05 09:00:00,7.25,
1996-04-06 00:00:00,,0.0
1996-04-06 09:00:00,8.15,
1996-04-07 00:00:00,,0.0
1996-04-07 09:00:00,7.5,
1996-04-08 00:00:00,,0.0
1996-04-08 09:00:00,7.15,
1996-04-09 00:00:00,,0.0
1996-04-09 09:00:00,12.85,
1996-04-10 00:00:00,,0.0
1996-04-10 09:00:00,11.65,
1996-04-11 00:00:00,,0.4
1996-04-11 09:00:00,9.55,
1996-04-12 00:00:00,,0.6
1996-04-12 09:00:00,10.35,
1996-04-13 00:00:00,,9.8
1996-04-13 09:00:00,4.75,
1996-04-14 00:00:00,,0.0
1996-04-14 09:00:00,6.949999999999999,
1996-04-15 00:00:00,,0.0
1996-04-15 09:00:00,8.35,
1996-04-16 00:00:00,,0.0
1996-04-16 09:00:00,13.75,
1996-04-17 00:00:00,,1.0
1996-04-17 09:00:00,14.6,
1996-04-18 00:00:00,,0.0
1996-04-18 09:00:00,11.65,
1996-04-19 00:00:00,,0.4
1996-04-19 09:00:00,12.25,
1996-04-20 00:00:00,,0.0
1996-04-20 09:00:00,13.55,
1996-04-21 00:00:00,,0.0
1996-04-21 09:00:00,17.4,
1996-04-22 00:00:00,,0.0
1996-04-22 09:00:00,16.1,
1996-04-23 00:00:00,,4.6
1996-04-23 09:00:00,11.15,
1996-04-24 00:00:00,,1.2
1996-04-24 09:00:00,10.4,
1996-04-25 00:00:00,,0.0
1996-04-25 09:00:00,11.1,
1996-04-26 00:00:00,,0.0
1996-04-26 09:00:00,12.55,
1996-04-27 00:00:00,,0.0
1996-04-27 09:00:00,14.45,
1996-04-28 00:00:00,,0.0
1996-04-28 09:00:00,15.8,
1996-04-29 00:00:00,,0.0
1996-04-29 09:00:00,10.55,
1996-04-30 00:00:00,,0.6
1996-04-30 09:00:00,8.95,
1996-05-01 00:00:00,,1.0
1996-05-02 00:00:00,,1.8
1996-05-03 00:00:00,,0.0
1996-05-04 00:00:00,,0.0
1996-05-05 00:00:00,,0.0
1996-05-06 00:00:00,,0.0
1996-05-07 00:00:00,,0.0
1996-05-08 00:00:00,,0.0
1996-05-09 00:00:00,,0.0
1996-05-10 00:00:00,,0.0
1996-05-11 00:00:00,,0.2
1996-05-12 00:00:00,,0.0
1996-05-13 00:00:00,,0.0
1996-05-14 00:00:00,,0.0
1996-05-15 00:00:00,,0.0
1996-05-16 00:00:00,,0.0
1996-05-17 00:00:00,,7.8
1996-05-18 00:00:00,,0.8
1996-05-19 00:00:00,,0.6
1996-05-20 00:00:00,,0.0
1996-05-21 00:00:00,,0.2
1996-05-22 00:00:00,,0.8
1996-05-23 00:00:00,,3.8
1996-05-24 00:00:00,,1.2
1996-05-25 00:00:00,,5.0
1996-05-26 00:00:00,,0.0
1996-05-27 00:00:00,,2.2
1996-05-28 00:00:00,,0.0
1996-05-29 00:00:00,,0.0
1996-05-30 00:00:00,,0.0
1996-05-31 00:00:00,,0.0
1996-06-01 00:00:00,,0.4
1996-06-02 00:00:00,,1.0
1996-06-02 09:00:00,12.55,
1996-06-03 00:00:00,,0.0
1996-06-03 09:00:00,13.75,
1996-06-04 00:00:00,,0.0
1996-06-04 09:00:00,15.85,
1996-06-05 00:00:00,,0.0
1996-06-05 09:00:00,16.85,
1996-06-06 00:00:00,,0.0
1996-06-06 09:00:00,20.5,
1996-06-07 00:00:00,,0.0
1996-06-07 09:00:00,23.5,
1996-06-08 00:00:00,,2.2
1996-06-08 09:00:00,24.0,
1996-06-09 00:00:00,,0.0
1996-06-09 09:00:00,17.15,
1996-06-10 00:00:00,,0.0
1996-06-10 09:00:00,17.6,
1996-06-11 00:00:00,,0.0
1996-06-11 09:00:00,18.8,
1996-06-12 00:00:00,,0.0
1996-06-12 09:00:00,18.7,
1996-06-13 00:00:00,,0.0
1996-06-13 09:00:00,16.2,
1996-06-14 00:00:00,,0.0
1996-06-14 09:00:00,16.55,
1996-06-15 00:00:00,,0.0
1996-06-15 09:00:00,16.05,
1996-06-16 00:00:00,,0.0
1996-06-16 09:00:00,16.65,
1996-06-17 00:00:00,,0.0
1996-06-17 09:00:00,18.65,
1996-06-18 00:00:00,,0.0
1996-06-18 09:00:00,20.65,
1996-06-19 00:00:00,,0.0
1996-06-19 09:00:00,17.25,
1996-06-20 00:00:00,,0.2
1996-06-20 09:00:00,16.25,
1996-06-21 00:00:00,,0.0
1996-06-21 09:00:00,13.25,
1996-06-22 00:00:00,,0.0
1996-06-22 09:00:00,13.8,
1996-06-23 00:00:00,,0.0
1996-06-23 09:00:00,12.8,
1996-06-24 00:00:00,,0.0
1996-06-24 09:00:00,15.75,
1996-06-25 00:00:00,,0.0
1996-06-25 09:00:00,16.8,
1996-06-26 00:00:00,,0.0
1996-06-26 09:00:00,19.6,
1996-06-27 00:00:00,,0.0
1996-06-27 09:00:00,20.65,
1996-06-28 00:00:00,,0.2
1996-06-28 09:00:00,18.8,
1996-06-29 00:00:00,,1.8
1996-06-29 09:00:00,15.4,
1996-06-30 00:00:00,,0.0
1996-06-30 09:00:00,14.55,
1996-07-01 00:00:00,,0.0
1996-07-01 09:00:00,17.25,
1996-07-02 00:00:00,,1.8
1996-07-02 00:00:00,,1.8
1996-07-02 09:00:00,14.35,
1996-07-03 00:00:00,,0.0
1996-07-03 00:00:00,,0.0
1996-07-03 09:00:00,16.15,
1996-07-04 00:00:00,,0.6
1996-07-04 00:00:00,,0.6
1996-07-04 09:00:00,14.65,
1996-07-05 00:00:00,,5.8
1996-07-05 00:00:00,,5.8
1996-07-05 09:00:00,15.4,
1996-07-06 00:00:00,,13.0
1996-07-06 00:00:00,,13.0
1996-07-06 09:00:00,15.85,
1996-07-07 00:00:00,,0.0
1996-07-07 00:00:00,,0.0
1996-07-07 09:00:00,15.3,
1996-07-08 00:00:00,,0.0
1996-07-08 00:00:00,,0.0
1996-07-08 09:00:00,15.5,
1996-07-09 00:00:00,,0.0
1996-07-09 00:00:00,,0.0
1996-07-09 09:00:00,16.1,
1996-07-10 00:00:00,,0.0
1996-07-10 00:00:00,,0.0
1996-07-10 09:00:00,16.35,
1996-07-11 00:00:00,,0.0
1996-07-11 00:00:00,,0.0
1996-07-11 09:00:00,20.5,
1996-07-12 00:00:00,,0.0
1996-07-12 00:00:00,,0.0
1996-07-12 09:00:00,20.4,
1996-07-13 00:00:00,,0.0
1996-07-13 00:00:00,,0.0
1996-07-13 09:00:00,19.9,
1996-07-14 00:00:00,,0.0
1996-07-14 00:00:00,,0.0
1996-07-14 09:00:00,21.1,
1996-07-15 00:00:00,,0.0
1996-07-15 00:00:00,,0.0
1996-07-15 09:00:00,18.55,
1996-07-16 00:00:00,,0.0
1996-07-16 00:00:00,,0.0
1996-07-16 09:00:00,18.75,
1996-07-17 00:00:00,,0.0
1996-07-17 00:00:00,,0.0
1996-07-17 09:00:00,16.5,
1996-07-18 00:00:00,,0.0
1996-07-18 00:00:00,,0.0
1996-07-18 09:00:00,17.1,
1996-07-19 00:00:00,,0.0
1996-07-19 00:00:00,,0.0
1996-07-19 09:00:00,20.55,
1996-07-20 00:00:00,,0.0
1996-07-20 00:00:00,,0.0
1996-07-20 09:00:00,19.05,
1996-07-21 00:00:00,,0.0
1996-07-21 00:00:00,,0.0
1996-07-21 09:00:00,20.8,
1996-07-22 00:00:00,,0.0
1996-07-22 00:00:00,,0.0
1996-07-22 09:00:00,21.7,
1996-07-23 00:00:00,,0.0
1996-07-23 00:00:00,,0.0
1996-07-23 09:00:00,25.9,
1996-07-24 00:00:00,,9.4
1996-07-24 00:00:00,,9.4
1996-07-24 09:00:00,21.25,
1996-07-25 00:00:00,,1.6
1996-07-25 00:00:00,,1.6
1996-07-25 09:00:00,16.85,
1996-07-26 00:00:00,,0.0
1996-07-26 00:00:00,,0.0
1996-07-26 09:00:00,20.05,
1996-07-27 00:00:00,,1.6
1996-07-27 00:00:00,,1.6
1996-07-27 09:00:00,21.85,
1996-07-28 00:00:00,,0.8
1996-07-28 00:00:00,,0.8
1996-07-28 09:00:00,20.05,
1996-07-29 00:00:00,,0.6
1996-07-29 00:00:00,,0.6
1996-07-29 09:00:00,20.4,
1996-07-30 00:00:00,,2.0
1996-07-30 00:00:00,,2.0
1996-07-30 09:00:00,20.200000000000003,
1996-07-31 00:00:00,,2.0
1996-07-31 00:00:00,,2.0
1996-07-31 09:00:00,19.6,
1996-08-01 00:00:00,,0.0
1996-08-01 00:00:00,,0.0
1996-08-01 09:00:00,18.8,
1996-08-02 00:00:00,,0.0
1996-08-02 00:00:00,,0.0
1996-08-02 09:00:00,17.049999999999997,
1996-08-03 00:00:00,,0.0
1996-08-03 00:00:00,,0.0
1996-08-03 09:00:00,17.0,
1996-08-04 00:00:00,,0.0
1996-08-04 00:00:00,,0.0
1996-08-04 09:00:00,18.15,
1996-08-05 00:00:00,,0.0
1996-08-05 00:00:00,,0.0
1996-08-05 09:00:00,19.9,
1996-08-06 00:00:00,,0.0
1996-08-06 00:00:00,,0.0
1996-08-06 09:00:00,22.05,
1996-08-07 00:00:00,,0.4
1996-08-07 00:00:00,,0.4
1996-08-07 09:00:00,17.8,
1996-08-08 00:00:00,,0.0
1996-08-08 00:00:00,,0.0
1996-08-08 09:00:00,17.5,
1996-08-09 00:00:00,,0.0
1996-08-09 00:00:00,,0.0
1996-08-09 09:00:00,18.85,
1996-08-10 00:00:00,,2.6
1996-08-10 00:00:00,,2.6
1996-08-10 09:00:00,18.5,
1996-08-11 00:00:00,,5.0
1996-08-11 00:00:00,,5.0
1996-08-11 09:00:00,18.8,
1996-08-12 00:00:00,,10.6
1996-08-12 00:00:00,,10.6
1996-08-12 09:00:00,17.45,
1996-08-13 00:00:00,,0.4
1996-08-13 00:00:00,,0.4
1996-08-13 09:00:00,18.65,
1996-08-14 00:00:00,,0.0
1996-08-14 00:00:00,,0.0
1996-08-14 09:00:00,19.1,
1996-08-15 00:00:00,,0.0
1996-08-15 00:00:00,,0.0
1996-08-15 09:00:00,17.6,
1996-08-16 00:00:00,,0.0
1996-08-16 00:00:00,,0.0
1996-08-16 09:00:00,17.549999999999997,
1996-08-17 00:00:00,,0.0
1996-08-17 00:00:00,,0.0
1996-08-17 09:00:00,20.15,
1996-08-18 00:00:00,,0.0
1996-08-18 00:00:00,,0.0
1996-08-18 09:00:00,21.15,
1996-08-19 00:00:00,,0.0
1996-08-19 00:00:00,,0.0
1996-08-19 09:00:00,23.55,
1996-08-20 00:00:00,,0.0
1996-08-20 00:00:00,,0.0
1996-08-20 09:00:00,24.1,
1996-08-21 00:00:00,,0.2
1996-08-21 00:00:00,,0.2
1996-08-21 09:00:00,19.6,
1996-08-22 00:00:00,,0.0
1996-08-22 00:00:00,,0.0
1996-08-22 09:00:00,18.9,
1996-08-23 00:00:00,,17.4
1996-08-23 00:00:00,,17.4
1996-08-23 09:00:00,18.75,
1996-08-24 00:00:00,,2.0
1996-08-24 00:00:00,,2.0
1996-08-24 09:00:00,17.85,
1996-08-25 00:00:00,,2.2
1996-08-25 00:00:00,,2.2
1996-08-25 09:00:00,17.35,
1996-08-26 00:00:00,,1.8
1996-08-26 00:00:00,,1.8
1996-08-26 09:00:00,15.5,
1996-08-27 00:00:00,,0.0
1996-08-27 00:00:00,,0.0
1996-08-27 09:00:00,16.049999999999997,
1996-08-28 00:00:00,,0.0
1996-08-28 00:00:00,,0.0
1996-08-28 09:00:00,16.95,
1996-08-29 00:00:00,,3.2
1996-08-29 00:00:00,,3.2
1996-08-29 09:00:00,17.1,
1996-08-30 00:00:00,,0.2
1996-08-30 00:00:00,,0.2
1996-08-30 09:00:00,14.5,
1996-08-31 00:00:00,,0.0
1996-08-31 00:00:00,,0.0
1996-08-31 09:00:00,14.2,
1996-09-01 00:00:00,,0.0
1996-09-01 00:00:00,,0.0
1996-09-01 09:00:00,14.05,
1996-09-02 00:00:00,,0.0
1996-09-02 00:00:00,,0.0
1996-09-02 09:00:00,17.8,
1996-09-03 00:00:00,,2.4
1996-09-03 00:00:00,,2.4
1996-09-03 09:00:00,18.2,
1996-09-04 00:00:00,,0.2
1996-09-04 00:00:00,,0.2
1996-09-04 09:00:00,18.25,
1996-09-05 00:00:00,,0.0
1996-09-05 00:00:00,,0.0
1996-09-05 09:00:00,17.05,
1996-09-06 00:00:00,,0.0
1996-09-06 00:00:00,,0.0
1996-09-06 09:00:00,17.3,
1996-09-07 00:00:00,,0.0
1996-09-07 00:00:00,,0.0
1996-09-07 09:00:00,17.15,
1996-09-08 00:00:00,,0.0
1996-09-08 00:00:00,,0.0
1996-09-08 09:00:00,17.25,
1996-09-09 00:00:00,,0.0
1996-09-09 00:00:00,,0.0
1996-09-09 09:00:00,16.75,
1996-09-10 00:00:00,,0.0
1996-09-10 00:00:00,,0.0
1996-09-10 09:00:00,15.6,
1996-09-11 00:00:00,,0.0
1996-09-11 00:00:00,,0.0
1996-09-11 09:00:00,13.2,
1996-09-12 00:00:00,,0.2
1996-09-12 00:00:00,,0.2
1996-09-12 09:00:00,16.25,
1996-09-13 00:00:00,,0.0
1996-09-13 00:00:00,,0.0
1996-09-13 09:00:00,13.2,
1996-09-14 00:00:00,,0.0
1996-09-14 00:00:00,,0.0
1996-09-14 09:00:00,13.4,
1996-09-15 00:00:00,,0.0
1996-09-15 00:00:00,,0.0
1996-09-15 09:00:00,13.75,
1996-09-16 00:00:00,,0.0
1996-09-16 00:00:00,,0.0
1996-09-16 09:00:00,15.85,
1996-09-17 00:00:00,,0.0
1996-09-17 00:00:00,,0.0
1996-09-17 09:00:00,16.7,
1996-09-18 00:00:00,,0.0
1996-09-18 00:00:00,,0.0
1996-09-18 09:00:00,15.4,
1996-09-19 00:00:00,,2.6
1996-09-19 00:00:00,,2.6
1996-09-19 09:00:00,13.25,
1996-09-20 00:00:00,,2.2
1996-09-20 00:00:00,,2.2
1996-09-20 09:00:00,12.75,
1996-09-21 00:00:00,,0.0
1996-09-21 00:00:00,,0.0
1996-09-21 09:00:00,13.5,
1996-09-22 00:00:00,,0.0
1996-09-22 00:00:00,,0.0
1996-09-22 09:00:00,13.8,
1996-09-23 00:00:00,,0.0
1996-09-23 00:00:00,,0.0
1996-09-23 09:00:00,13.35,
1996-09-24 00:00:00,,1.2
1996-09-24 00:00:00,,1.2
1996-09-24 09:00:00,10.5,
1996-09-25 00:00:00,,0.4
1996-09-25 00:00:00,,0.4
1996-09-25 09:00:00,14.7,
1996-09-26 00:00:00,,0.0
1996-09-26 00:00:00,,0.0
1996-09-26 09:00:00,14.6,
1996-09-27 00:00:00,,0.0
1996-09-27 00:00:00,,0.0
1996-09-27 09:00:00,14.9,
1996-09-28 00:00:00,,0.2
1996-09-28 00:00:00,,0.2
1996-09-28 09:00:00,15.45,
1996-09-29 00:00:00,,0.8
1996-09-29 00:00:00,,0.8
1996-09-29 09:00:00,17.1,
1996-09-30 00:00:00,,3.2
1996-09-30 00:00:00,,3.2
1996-09-30 09:00:00,15.6,
1996-10-01 00:00:00,,11.4
1996-10-01 00:00:00,,11.4
1996-10-01 09:00:00,12.2,
1996-10-02 00:00:00,,0.0
1996-10-02 00:00:00,,0.0
1996-10-02 09:00:00,11.65,
1996-10-03 00:00:00,,0.0
1996-10-03 00:00:00,,0.0
1996-10-03 09:00:00,13.45,
1996-10-04 00:00:00,,1.4
1996-10-04 00:00:00,,1.4
1996-10-04 09:00:00,12.9,
1996-10-05 00:00:00,,1.2
1996-10-05 00:00:00,,1.2
1996-10-05 09:00:00,10.7,
1996-10-06 00:00:00,,0.4
1996-10-06 00:00:00,,0.4
1996-10-06 09:00:00,10.7,
1996-10-07 00:00:00,,0.0
1996-10-07 00:00:00,,0.0
1996-10-07 09:00:00,11.25,
1996-10-08 00:00:00,,0.0
1996-10-08 00:00:00,,0.0
1996-10-08 09:00:00,14.9,
1996-10-09 00:00:00,,10.2
1996-10-09 00:00:00,,10.2
1996-10-09 09:00:00,13.2,
1996-10-10 00:00:00,,0.0
1996-10-10 00:00:00,,0.0
1996-10-10 09:00:00,12.95,
1996-10-11 00:00:00,,0.0
1996-10-11 00:00:00,,0.0
1996-10-11 09:00:00,10.75,
1996-10-12 00:00:00,,0.0
1996-10-12 00:00:00,,0.0
1996-10-12 09:00:00,13.35,
1996-10-13 00:00:00,,0.0
1996-10-13 00:00:00,,0.0
1996-10-13 09:00:00,13.55,
1996-10-14 00:00:00,,0.0
1996-10-14 00:00:00,,0.0
1996-10-14 09:00:00,16.0,
1996-10-15 00:00:00,,5.2
1996-10-15 00:00:00,,5.2
1996-10-15 09:00:00,15.35,
1996-10-16 00:00:00,,0.0
1996-10-16 00:00:00,,0.0
1996-10-16 09:00:00,11.75,
1996-10-17 00:00:00,,0.0
1996-10-17 00:00:00,,0.0
1996-10-17 09:00:00,10.9,
1996-10-18 00:00:00,,2.6
1996-10-18 00:00:00,,2.6
1996-10-18 09:00:00,12.1,
1996-10-19 00:00:00,,2.4
1996-10-19 00:00:00,,2.4
1996-10-19 09:00:00,12.1,
1996-10-20 00:00:00,,0.0
1996-10-20 00:00:00,,0.0
1996-10-20 09:00:00,14.3,
1996-10-21 00:00:00,,3.0
1996-10-21 00:00:00,,3.0
1996-10-21 09:00:00,14.25,
1996-10-22 00:00:00,,0.0
1996-10-22 00:00:00,,0.0
1996-10-22 09:00:00,13.0,
1996-10-23 00:00:00,,0.0
1996-10-23 00:00:00,,0.0
1996-10-23 09:00:00,13.75,
1996-10-24 00:00:00,,0.0
1996-10-24 00:00:00,,0.0
1996-10-24 09:00:00,15.25,
1996-10-25 00:00:00,,0.4
1996-10-25 00:00:00,,0.4
1996-10-25 09:00:00,16.2,
1996-10-26 00:00:00,,1.4
1996-10-26 00:00:00,,1.4
1996-10-26 09:00:00,13.1,
1996-10-27 00:00:00,,4.6
1996-10-27 00:00:00,,4.6
1996-10-27 09:00:00,13.05,
1996-10-28 00:00:00,,1.0
1996-10-28 00:00:00,,1.0
1996-10-28 09:00:00,14.85,
1996-10-29 00:00:00,,2.0
1996-10-29 00:00:00,,2.0
1996-10-29 09:00:00,13.35,
1996-10-30 00:00:00,,0.0
1996-10-30 00:00:00,,0.0
1996-10-30 09:00:00,8.65,
1996-10-31 00:00:00,,2.2
1996-10-31 00:00:00,,2.2
1996-10-31 09:00:00,9.75,
1996-11-01 00:00:00,,1.4
1996-11-01 00:00:00,,1.4
1996-11-01 09:00:00,12.0,
1996-11-02 00:00:00,,0.0
1996-11-02 00:00:00,,0.0
1996-11-02 09:00:00,13.65,
1996-11-03 00:00:00,,4.2
1996-11-03 00:00:00,,4.2
1996-11-03 09:00:00,16.0,
1996-11-04 00:00:00,,17.8
1996-11-04 00:00:00,,17.8
1996-11-04 09:00:00,15.05,
1996-11-05 00:00:00,,0.0
1996-11-05 00:00:00,,0.0
1996-11-05 09:00:00,12.55,
1996-11-06 00:00:00,,1.2
1996-11-06 00:00:00,,1.2
1996-11-06 09:00:00,12.4,
1996-11-07 00:00:00,,0.6
1996-11-07 00:00:00,,0.6
1996-11-07 09:00:00,11.65,
1996-11-08 00:00:00,,0.0
1996-11-08 00:00:00,,0.0
1996-11-08 09:00:00,6.65,
1996-11-09 00:00:00,,0.0
1996-11-09 00:00:00,,0.0
1996-11-09 09:00:00,7.85,
1996-11-10 00:00:00,,18.2
1996-11-10 00:00:00,,18.2
1996-11-10 09:00:00,7.85,
1996-11-11 00:00:00,,0.6
1996-11-11 00:00:00,,0.6
1996-11-11 09:00:00,3.95,
1996-11-12 00:00:00,,0.0
1996-11-12 00:00:00,,0.0
1996-11-12 09:00:00,5.75,
1996-11-13 00:00:00,,1.2
1996-11-13 00:00:00,,1.2
1996-11-13 09:00:00,6.25,
1996-11-14 00:00:00,,0.0
1996-11-14 00:00:00,,0.0
1996-11-14 09:00:00,4.15,
1996-11-15 00:00:00,,0.2
1996-11-15 00:00:00,,0.2
1996-11-15 09:00:00,5.4,
1996-11-16 00:00:00,,0.0
1996-11-16 00:00:00,,0.0
1996-11-16 09:00:00,5.0,
1996-11-17 00:00:00,,1.2
1996-11-17 00:00:00,,1.2
1996-11-17 09:00:00,5.3,
1996-11-18 00:00:00,,5.6
1996-11-18 00:00:00,,5.6
1996-11-18 09:00:00,6.2,
1996-11-19 00:00:00,,7.4
1996-11-19 00:00:00,,7.4
1996-11-19 09:00:00,2.8,
1996-11-20 00:00:00,,11.6
1996-11-20 00:00:00,,11.6
1996-11-20 09:00:00,4.25,
1996-11-21 00:00:00,,0.8
1996-11-21 00:00:00,,0.8
1996-11-21 09:00:00,3.45,
1996-11-22 00:00:00,,0.0
1996-11-22 00:00:00,,0.0
1996-11-22 09:00:00,2.35,
1996-11-23 00:00:00,,0.6
1996-11-23 00:00:00,,0.6
1996-11-23 09:00:00,4.65,
1996-11-24 00:00:00,,0.0
1996-11-24 00:00:00,,0.0
1996-11-24 09:00:00,2.85,
1996-11-25 00:00:00,,12.6
1996-11-25 00:00:00,,12.6
1996-11-25 09:00:00,6.050000000000001,
1996-11-26 00:00:00,,0.2
1996-11-26 00:00:00,,0.2
1996-11-26 09:00:00,7.0,
1996-11-27 00:00:00,,0.0
1996-11-27 00:00:00,,0.0
1996-11-27 09:00:00,4.55,
1996-11-28 00:00:00,,0.0
1996-11-28 00:00:00,,0.0
1996-11-28 09:00:00,3.45,
1996-11-29 00:00:00,,5.6
1996-11-29 00:00:00,,5.6
1996-11-29 09:00:00,5.6000000000000005,
1996-11-30 00:00:00,,1.0
1996-11-30 00:00:00,,1.0
1996-11-30 09:00:00,8.149999999999999,
1996-12-01 00:00:00,,0.8
1996-12-01 00:00:00,,0.8
1996-12-01 09:00:00,7.199999999999999,
1996-12-02 00:00:00,,0.2
1996-12-02 00:00:00,,0.2
1996-12-02 09:00:00,8.7,
1996-12-03 00:00:00,,6.8
1996-12-03 00:00:00,,6.8
1996-12-03 09:00:00,7.6,
1996-12-04 00:00:00,,0.2
1996-12-04 00:00:00,,0.2
1996-12-04 09:00:00,7.9,
1996-12-05 00:00:00,,0.0
1996-12-05 00:00:00,,0.0
1996-12-05 09:00:00,5.05,
1996-12-06 00:00:00,,0.2
1996-12-06 00:00:00,,0.2
1996-12-06 09:00:00,5.3,
1996-12-07 00:00:00,,0.0
1996-12-07 00:00:00,,0.0
1996-12-07 09:00:00,3.8,
1996-12-08 00:00:00,,0.0
1996-12-08 00:00:00,,0.0
1996-12-08 09:00:00,5.65,
1996-12-09 00:00:00,,0.0
1996-12-09 00:00:00,,0.0
1996-12-09 09:00:00,4.85,
1996-12-10 00:00:00,,0.0
1996-12-10 00:00:00,,0.0
1996-12-10 09:00:00,4.05,
1996-12-11 00:00:00,,0.0
1996-12-11 00:00:00,,0.0
1996-12-11 09:00:00,4.15,
1996-12-12 00:00:00,,0.0
1996-12-12 00:00:00,,0.0
1996-12-12 09:00:00,4.05,
1996-12-13 00:00:00,,0.0
1996-12-13 00:00:00,,0.0
1996-12-13 09:00:00,3.6,
1996-12-14 00:00:00,,0.6
1996-12-14 00:00:00,,0.6
1996-12-14 09:00:00,1.7999999999999998,
1996-12-15 00:00:00,,0.0
1996-12-15 00:00:00,,0.0
1996-12-15 09:00:00,2.95,
1996-12-16 00:00:00,,0.0
1996-12-16 00:00:00,,0.0
1996-12-16 09:00:00,7.7,
1996-12-17 00:00:00,,0.2
1996-12-17 00:00:00,,0.2
1996-12-17 09:00:00,6.6,
1996-12-18 00:00:00,,0.8
1996-12-18 00:00:00,,0.8
1996-12-18 09:00:00,7.55,
1996-12-19 00:00:00,,3.0
1996-12-19 00:00:00,,3.0
1996-12-19 09:00:00,9.8,
1996-12-20 00:00:00,,0.6
1996-12-20 00:00:00,,0.6
1996-12-20 09:00:00,7.65,
1996-12-21 00:00:00,,1.0
1996-12-21 00:00:00,,1.0
1996-12-21 09:00:00,5.7,
1996-12-22 00:00:00,,0.0
1996-12-22 00:00:00,,0.0
1996-12-22 09:00:00,3.55,
1996-12-23 00:00:00,,0.0
1996-12-23 00:00:00,,0.0
1996-12-23 09:00:00,4.0,
1996-12-24 00:00:00,,0.0
1996-12-24 00:00:00,,0.0
1996-12-24 09:00:00,2.35,
1996-12-25 00:00:00,,0.2
1996-12-25 00:00:00,,0.2
1996-12-25 09:00:00,1.5,
1996-12-26 00:00:00,,0.0
1996-12-26 00:00:00,,0.0
1996-12-26 09:00:00,2.1,
1996-12-27 00:00:00,,0.6
1996-12-27 00:00:00,,0.6
1996-12-27 09:00:00,0.5,
1996-12-28 00:00:00,,0.6
1996-12-28 00:00:00,,0.6
1996-12-28 09:00:00,1.85,
1996-12-29 00:00:00,,0.0
1996-12-29 00:00:00,,0.0
1996-12-29 09:00:00,0.0499999999999999,
1996-12-30 00:00:00,,0.8
1996-12-30 00:00:00,,0.8
1996-12-30 09:00:00,2.0,
1996-12-31 00:00:00,,0.0
1996-12-31 00:00:00,,0.0
1996-12-31 09:00:00,0.2999999999999998,
1997-01-01 00:00:00,,0.0
1997-01-01 00:00:00,,0.0
1997-01-01 09:00:00,-1.95,
1997-01-02 00:00:00,,0.0
1997-01-02 00:00:00,,0.0
1997-01-02 09:00:00,-2.6500000000000004,
1997-01-03 00:00:00,,0.0
1997-01-03 00:00:00,,0.0
1997-01-03 09:00:00,-1.45,
1997-01-04 00:00:00,,0.0
1997-01-04 00:00:00,,0.0
1997-01-04 09:00:00,-0.8999999999999999,
1997-01-05 00:00:00,,0.2
1997-01-05 00:00:00,,0.2
1997-01-05 09:00:00,0.55,
1997-01-06 00:00:00,,0.0
1997-01-06 00:00:00,,0.0
1997-01-06 09:00:00,1.35,
1997-01-07 00:00:00,,0.0
1997-01-07 00:00:00,,0.0
1997-01-07 09:00:00,0.7499999999999999,
1997-01-08 00:00:00,,0.0
1997-01-08 00:00:00,,0.0
1997-01-08 09:00:00,-1.4500000000000002,
1997-01-09 00:00:00,,0.0
1997-01-09 00:00:00,,0.0
1997-01-09 09:00:00,-0.9,
1997-01-10 00:00:00,,1.0
1997-01-10 00:00:00,,1.0
1997-01-10 09:00:00,0.55,
1997-01-11 00:00:00,,0.0
1997-01-11 00:00:00,,0.0
1997-01-11 09:00:00,0.2499999999999999,
1997-01-12 00:00:00,,0.4
1997-01-12 00:00:00,,0.4
1997-01-12 09:00:00,4.15,
1997-01-13 00:00:00,,0.0
1997-01-13 00:00:00,,0.0
1997-01-13 09:00:00,6.449999999999999,
1997-01-14 00:00:00,,0.0
1997-01-14 00:00:00,,0.0
1997-01-14 09:00:00,4.8,
1997-01-15 00:00:00,,0.0
1997-01-15 00:00:00,,0.0
1997-01-15 09:00:00,3.3,
1997-01-16 00:00:00,,0.2
1997-01-16 00:00:00,,0.2
1997-01-16 09:00:00,1.0499999999999998,
1997-01-17 00:00:00,,0.0
1997-01-17 00:00:00,,0.0
1997-01-17 09:00:00,4.949999999999999,
1997-01-18 00:00:00,,0.8
1997-01-18 00:00:00,,0.8
1997-01-18 09:00:00,6.75,
1997-01-19 00:00:00,,2.8
1997-01-19 00:00:00,,2.8
1997-01-19 09:00:00,6.2,
1997-01-20 00:00:00,,0.0
1997-01-20 00:00:00,,0.0
1997-01-20 09:00:00,4.9,
1997-01-21 00:00:00,,0.0
1997-01-21 00:00:00,,0.0
1997-01-21 09:00:00,5.45,
1997-01-22 00:00:00,,5.0
1997-01-22 00:00:00,,5.0
1997-01-22 09:00:00,3.9,
1997-01-23 00:00:00,,3.6
1997-01-23 00:00:00,,3.6
1997-01-23 09:00:00,6.65,
1997-01-24 00:00:00,,0.0
1997-01-24 00:00:00,,0.0
1997-01-24 09:00:00,5.6000000000000005,
1997-01-25 00:00:00,,0.0
1997-01-25 00:00:00,,0.0
1997-01-25 09:00:00,7.1,
1997-01-26 00:00:00,,0.0
1997-01-26 00:00:00,,0.0
1997-01-26 09:00:00,5.15,
1997-01-27 00:00:00,,0.0
1997-01-27 00:00:00,,0.0
1997-01-27 09:00:00,4.5,
1997-01-28 00:00:00,,0.0
1997-01-28 00:00:00,,0.0
1997-01-28 09:00:00,5.1,
1997-01-29 00:00:00,,0.2
1997-01-29 00:00:00,,0.2
1997-01-29 09:00:00,5.7,
1997-01-30 00:00:00,,0.0
1997-01-30 00:00:00,,0.0
1997-01-30 09:00:00,4.8,
1997-01-31 00:00:00,,0.0
1997-01-31 00:00:00,,0.0
1997-01-31 09:00:00,4.699999999999999,
1997-02-01 00:00:00,,0.0
1997-02-01 00:00:00,,0.0
1997-02-01 09:00:00,5.050000000000001,
1997-02-02 00:00:00,,0.0
1997-02-02 09:00:00,5.0,
1997-02-03 00:00:00,,0.0
1997-02-03 09:00:00,3.3,
1997-02-04 00:00:00,,0.0
1997-02-04 09:00:00,4.8500000000000005,
1997-02-05 00:00:00,,6.6
1997-02-05 09:00:00,6.75,
1997-02-06 00:00:00,,0.0
1997-02-06 09:00:00,7.300000000000001,
1997-02-07 00:00:00,,0.0
1997-02-07 09:00:00,9.0,
1997-02-08 00:00:00,,2.0
1997-02-08 09:00:00,5.699999999999999,
1997-02-09 00:00:00,,0.0
1997-02-09 09:00:00,6.15,
1997-02-10 00:00:00,,0.2
1997-02-10 09:00:00,10.0,
1997-02-11 00:00:00,,3.8
1997-02-11 09:00:00,7.55,
1997-02-12 00:00:00,,5.0
1997-02-12 09:00:00,9.6,
1997-02-13 00:00:00,,4.0
1997-02-13 09:00:00,8.1,
1997-02-14 00:00:00,,0.2
1997-02-14 09:00:00,5.0,
1997-02-15 00:00:00,,0.0
1997-02-15 09:00:00,4.7,
1997-02-16 00:00:00,,0.0
1997-02-16 09:00:00,7.1,
1997-02-17 00:00:00,,2.0
1997-02-17 09:00:00,6.75,
1997-02-18 00:00:00,,6.2
1997-02-18 09:00:00,8.65,
1997-02-19 00:00:00,,4.4
1997-02-19 09:00:00,6.1,
1997-02-20 00:00:00,,0.8
1997-02-20 09:00:00,8.75,
1997-02-21 00:00:00,,1.8
1997-02-21 09:00:00,10.0,
1997-02-22 00:00:00,,1.4
1997-02-22 09:00:00,11.1,
1997-02-23 00:00:00,,0.2
1997-02-23 09:00:00,10.2,
1997-02-24 00:00:00,,1.2
1997-02-24 09:00:00,9.6,
1997-02-25 00:00:00,,2.2
1997-02-25 09:00:00,10.05,
1997-02-26 00:00:00,,1.2
1997-02-26 09:00:00,9.75,
1997-02-27 00:00:00,,1.0
1997-02-27 09:00:00,7.8,
1997-02-28 00:00:00,,1.8
1997-02-28 09:00:00,8.65,
1997-03-01 00:00:00,,2.0
1997-03-01 09:00:00,8.8,
1997-03-02 00:00:00,,0.2
1997-03-02 09:00:00,9.85,
1997-03-03 00:00:00,,0.0
1997-03-03 09:00:00,9.05,
1997-03-04 00:00:00,,1.2
1997-03-04 09:00:00,8.0,
1997-03-05 00:00:00,,1.4
1997-03-05 09:00:00,9.1,
1997-03-06 00:00:00,,0.6
1997-03-06 09:00:00,8.7,
1997-03-07 00:00:00,,0.0
1997-03-07 09:00:00,9.0,
1997-03-08 00:00:00,,0.0
1997-03-08 09:00:00,10.1,
1997-03-09 00:00:00,,0.2
1997-03-09 09:00:00,9.85,
1997-03-10 00:00:00,,0.0
1997-03-10 09:00:00,8.7,
1997-03-11 00:00:00,,0.0
1997-03-11 09:00:00,9.7,
1997-03-12 00:00:00,,0.0
1997-03-12 09:00:00,9.8,
1997-03-13 00:00:00,,0.0
1997-03-13 09:00:00,12.3,
1997-03-14 00:00:00,,0.0
1997-03-14 09:00:00,11.05,
1997-03-15 00:00:00,,0.0
1997-03-15 09:00:00,11.95,
1997-03-16 00:00:00,,0.0
1997-03-16 09:00:00,13.3,
1997-03-17 00:00:00,,0.0
1997-03-17 09:00:00,11.15,
1997-03-18 00:00:00,,0.0
1997-03-18 09:00:00,12.55,
1997-03-19 00:00:00,,0.2
1997-03-19 09:00:00,11.0,
1997-03-20 00:00:00,,0.2
1997-03-20 09:00:00,8.1,
1997-03-21 00:00:00,,0.0
1997-03-21 09:00:00,10.25,
1997-03-22 00:00:00,,0.0
1997-03-22 09:00:00,7.550000000000001,
1997-03-23 00:00:00,,0.0
1997-03-23 09:00:00,9.55,
1997-03-24 00:00:00,,0.0
1997-03-24 09:00:00,9.0,
1997-03-25 00:00:00,,0.2
1997-03-25 09:00:00,7.6,
1997-03-26 00:00:00,,0.0
1997-03-26 09:00:00,11.75,
1997-03-27 00:00:00,,0.0
1997-03-27 09:00:00,9.95,
1997-03-28 00:00:00,,0.2
1997-03-28 09:00:00,11.55,
1997-03-29 00:00:00,,0.0
1997-03-29 09:00:00,8.2,
1997-03-30 00:00:00,,0.0
1997-03-30 09:00:00,8.35,
1997-03-31 00:00:00,,0.0
1997-03-31 09:00:00,9.05,
1997-04-01 00:00:00,,0.0
1997-04-01 09:00:00,10.25,
1997-04-02 00:00:00,,0.0
1997-04-02 09:00:00,11.35,
1997-04-03 00:00:00,,0.0
1997-04-03 09:00:00,12.75,
1997-04-04 00:00:00,,0.0
1997-04-04 09:00:00,9.6,
1997-04-05 00:00:00,,0.0
1997-04-05 09:00:00,10.65,
1997-04-06 00:00:00,,0.0
1997-04-06 09:00:00,12.9,
1997-04-07 00:00:00,,0.0
1997-04-07 09:00:00,9.0,
1997-04-08 00:00:00,,0.0
1997-04-08 09:00:00,9.15,
1997-04-09 00:00:00,,0.0
1997-04-09 09:00:00,11.15,
1997-04-10 00:00:00,,0.0
1997-04-10 09:00:00,12.55,
1997-04-11 00:00:00,,0.0
1997-04-11 09:00:00,14.1,
1997-04-12 00:00:00,,0.0
1997-04-12 09:00:00,9.4,
1997-04-13 00:00:00,,0.0
1997-04-13 09:00:00,10.3,
1997-04-14 00:00:00,,0.0
1997-04-14 09:00:00,12.05,
1997-04-15 00:00:00,,0.0
1997-04-15 09:00:00,10.65,
1997-04-16 00:00:00,,0.0
1997-04-16 09:00:00,8.450000000000001,
1997-04-17 00:00:00,,0.0
1997-04-17 09:00:00,11.0,
1997-04-18 00:00:00,,0.0
1997-04-18 09:00:00,8.7,
1997-04-19 00:00:00,,0.2
1997-04-19 09:00:00,9.4,
1997-04-20 00:00:00,,0.0
1997-04-20 09:00:00,6.2,
1997-04-21 00:00:00,,0.0
1997-04-21 09:00:00,4.5,
1997-04-22 00:00:00,,0.0
1997-04-22 09:00:00,9.75,
1997-04-23 00:00:00,,0.0
1997-04-23 09:00:00,9.1,
1997-04-24 00:00:00,,0.0
1997-04-24 09:00:00,10.2,
1997-04-25 00:00:00,,0.0
1997-04-25 09:00:00,12.2,
1997-04-26 00:00:00,,8.8
1997-04-26 09:00:00,10.3,
1997-04-27 00:00:00,,3.0
1997-04-27 09:00:00,11.45,
1997-04-28 00:00:00,,0.2
1997-04-28 09:00:00,14.6,
1997-04-29 00:00:00,,0.0
1997-04-29 09:00:00,14.9,
1997-04-30 00:00:00,,0.0
1997-04-30 09:00:00,12.2,
1997-05-01 00:00:00,,0.0
1997-05-01 09:00:00,14.1,
1997-05-02 00:00:00,,0.0
1997-05-02 09:00:00,16.15,
1997-05-03 00:00:00,,0.0
1997-05-03 09:00:00,18.5,
1997-05-04 00:00:00,,0.4
1997-05-04 09:00:00,19.0,
1997-05-05 00:00:00,,0.8
1997-05-05 09:00:00,15.55,
1997-05-06 00:00:00,,9.4
1997-05-06 09:00:00,10.9,
1997-05-07 00:00:00,,0.0
1997-05-07 09:00:00,5.4,
1997-05-08 00:00:00,,4.0
1997-05-08 09:00:00,9.25,
1997-05-09 00:00:00,,2.8
1997-05-09 09:00:00,9.4,
1997-05-10 00:00:00,,4.0
1997-05-10 09:00:00,11.25,
1997-05-11 00:00:00,,1.8
1997-05-11 09:00:00,11.75,
1997-05-12 00:00:00,,0.0
1997-05-12 09:00:00,11.95,
1997-05-13 00:00:00,,0.4
1997-05-13 09:00:00,11.95,
1997-05-14 00:00:00,,0.0
1997-05-14 09:00:00,12.4,
1997-05-15 00:00:00,,0.0
1997-05-15 09:00:00,13.9,
1997-05-16 00:00:00,,0.0
1997-05-16 09:00:00,13.8,
1997-05-17 00:00:00,,4.0
1997-05-17 09:00:00,18.0,
1997-05-18 00:00:00,,0.0
1997-05-18 09:00:00,20.2,
1997-05-19 00:00:00,,0.0
1997-05-19 09:00:00,15.7,
1997-05-20 00:00:00,,0.6
1997-05-20 09:00:00,14.75,
1997-05-21 00:00:00,,3.8
1997-05-21 09:00:00,13.6,
1997-05-22 00:00:00,,0.0
1997-05-22 09:00:00,11.25,
1997-05-23 00:00:00,,0.0
1997-05-23 09:00:00,11.45,
1997-05-24 00:00:00,,0.0
1997-05-24 09:00:00,10.95,
1997-05-25 00:00:00,,0.0
1997-05-25 09:00:00,11.05,
1997-05-26 00:00:00,,0.0
1997-05-26 09:00:00,13.05,
1997-05-27 00:00:00,,0.0
1997-05-27 09:00:00,17.0,
1997-05-28 00:00:00,,0.0
1997-05-28 09:00:00,13.95,
1997-05-29 00:00:00,,0.0
1997-05-29 09:00:00,13.05,
1997-05-30 00:00:00,,0.0
1997-05-30 09:00:00,16.45,
1997-05-31 00:00:00,,0.0
1997-05-31 09:00:00,17.0,
1997-06-01 00:00:00,,0.0
1997-06-01 09:00:00,16.55,
1997-06-02 00:00:00,,0.2
1997-06-02 00:00:00,,0.2
1997-06-02 09:00:00,16.5,
1997-06-03 00:00:00,,0.0
1997-06-03 00:00:00,,0.0
1997-06-03 09:00:00,15.65,
1997-06-04 00:00:00,,0.0
1997-06-04 00:00:00,,0.0
1997-06-04 09:00:00,16.6,
1997-06-05 00:00:00,,0.0
1997-06-05 00:00:00,,0.0
1997-06-05 09:00:00,16.75,
1997-06-06 00:00:00,,0.4
1997-06-06 00:00:00,,0.4
1997-06-06 09:00:00,20.15,
1997-06-07 00:00:00,,14.0
1997-06-07 00:00:00,,14.0
1997-06-07 09:00:00,21.0,
1997-06-08 00:00:00,,0.0
1997-06-08 00:00:00,,0.0
1997-06-08 09:00:00,19.35,
1997-06-09 00:00:00,,0.2
1997-06-09 00:00:00,,0.2
1997-06-09 09:00:00,16.25,
1997-06-10 00:00:00,,0.0
1997-06-10 00:00:00,,0.0
1997-06-10 09:00:00,19.0,
1997-06-11 00:00:00,,4.6
1997-06-11 00:00:00,,4.6
1997-06-11 09:00:00,20.65,
1997-06-12 00:00:00,,1.4
1997-06-12 00:00:00,,1.4
1997-06-12 09:00:00,19.6,
1997-06-13 00:00:00,,0.8
1997-06-13 00:00:00,,0.8
1997-06-13 09:00:00,17.25,
1997-06-14 00:00:00,,0.0
1997-06-14 00:00:00,,0.0
1997-06-14 09:00:00,17.5,
1997-06-15 00:00:00,,10.2
1997-06-15 00:00:00,,10.2
1997-06-15 09:00:00,14.75,
1997-06-16 00:00:00,,0.0
1997-06-16 00:00:00,,0.0
1997-06-16 09:00:00,15.15,
1997-06-17 00:00:00,,6.8
1997-06-17 00:00:00,,6.8
1997-06-17 09:00:00,15.6,
1997-06-18 00:00:00,,0.0
1997-06-18 00:00:00,,0.0
1997-06-18 09:00:00,15.95,
1997-06-19 00:00:00,,4.0
1997-06-19 00:00:00,,4.0
1997-06-19 09:00:00,16.299999999999997,
1997-06-20 00:00:00,,2.2
1997-06-20 00:00:00,,2.2
1997-06-20 09:00:00,12.85,
1997-06-21 00:00:00,,6.6
1997-06-21 00:00:00,,6.6
1997-06-21 09:00:00,13.85,
1997-06-22 00:00:00,,12.8
1997-06-22 00:00:00,,12.8
1997-06-22 09:00:00,14.3,
1997-06-23 00:00:00,,10.8
1997-06-23 00:00:00,,10.8
1997-06-23 09:00:00,14.6,
1997-06-24 00:00:00,,1.6
1997-06-24 00:00:00,,1.6
1997-06-24 09:00:00,14.85,
1997-06-25 00:00:00,,2.0
1997-06-25 00:00:00,,2.0
1997-06-25 09:00:00,15.2,
1997-06-26 00:00:00,,4.4
1997-06-26 00:00:00,,4.4
1997-06-26 09:00:00,13.95,
1997-06-27 00:00:00,,21.2
1997-06-27 00:00:00,,21.2
1997-06-27 09:00:00,14.15,
1997-06-28 00:00:00,,9.2
1997-06-28 00:00:00,,9.2
1997-06-28 09:00:00,12.35,
1997-06-29 00:00:00,,0.0
1997-06-29 00:00:00,,0.0
1997-06-29 09:00:00,13.95,
1997-06-30 00:00:00,,0.0
1997-06-30 00:00:00,,0.0
1997-06-30 09:00:00,15.4,
1997-07-01 00:00:00,,0.8
1997-07-01 00:00:00,,0.8
1997-07-01 09:00:00,13.75,
1997-07-02 00:00:00,,0.0
1997-07-02 09:00:00,14.3,
1997-07-03 00:00:00,,0.2
1997-07-03 09:00:00,14.4,
1997-07-04 00:00:00,,1.0
1997-07-04 09:00:00,14.55,
1997-07-05 00:00:00,,0.0
1997-07-05 09:00:00,15.55,
1997-07-06 00:00:00,,0.0
1997-07-06 09:00:00,17.6,
1997-07-07 00:00:00,,0.0
1997-07-07 09:00:00,20.25,
1997-07-08 00:00:00,,0.0
1997-07-08 09:00:00,20.45,
1997-07-09 00:00:00,,3.6
1997-07-09 09:00:00,21.1,
1997-07-10 00:00:00,,0.0
1997-07-10 09:00:00,20.1,
1997-07-11 00:00:00,,0.0
1997-07-11 09:00:00,17.95,
1997-07-12 00:00:00,,0.0
1997-07-12 09:00:00,19.3,
1997-07-13 00:00:00,,0.0
1997-07-13 09:00:00,19.9,
1997-07-14 00:00:00,,0.0
1997-07-14 09:00:00,19.45,
1997-07-15 00:00:00,,0.0
1997-07-15 09:00:00,19.65,
1997-07-16 00:00:00,,0.0
1997-07-16 09:00:00,20.5,
1997-07-17 00:00:00,,0.8
1997-07-17 09:00:00,18.2,
1997-07-18 00:00:00,,1.8
1997-07-18 09:00:00,16.3,
1997-07-19 00:00:00,,0.0
1997-07-19 09:00:00,16.95,
1997-07-20 00:00:00,,0.0
1997-07-20 09:00:00,18.85,
1997-07-21 00:00:00,,0.0
1997-07-21 09:00:00,19.450000000000003,
1997-07-22 00:00:00,,0.0
1997-07-22 09:00:00,19.65,
1997-07-23 00:00:00,,0.0
1997-07-23 09:00:00,21.15,
1997-07-24 00:00:00,,0.0
1997-07-24 09:00:00,22.55,
1997-07-25 00:00:00,,2.6
1997-07-25 09:00:00,20.5,
1997-07-26 00:00:00,,0.0
1997-07-26 09:00:00,18.85,
1997-07-27 00:00:00,,6.6
1997-07-27 09:00:00,18.55,
1997-07-28 00:00:00,,0.0
1997-07-28 09:00:00,18.85,
1997-07-29 00:00:00,,0.0
1997-07-29 09:00:00,19.85,
1997-07-30 00:00:00,,1.0
1997-07-30 09:00:00,21.15,
1997-07-31 00:00:00,,0.2
1997-07-31 09:00:00,19.35,
1997-08-01 00:00:00,,11.0
1997-08-01 09:00:00,16.6,
1997-08-02 00:00:00,,0.0
1997-08-02 00:00:00,,0.0
1997-08-02 09:00:00,19.25,
1997-08-03 00:00:00,,0.0
1997-08-03 00:00:00,,0.0
1997-08-03 09:00:00,19.05,
1997-08-04 00:00:00,,0.0
1997-08-04 00:00:00,,1.0
1997-08-04 09:00:00,19.1,
1997-08-05 00:00:00,,0.0
1997-08-05 00:00:00,,1.0
1997-08-05 09:00:00,19.4,
1997-08-06 00:00:00,,0.0
1997-08-06 00:00:00,,0.0
1997-08-06 09:00:00,19.65,
1997-08-07 00:00:00,,16.0
1997-08-07 00:00:00,,16.0
1997-08-07 09:00:00,20.65,
1997-08-08 00:00:00,,0.0
1997-08-08 00:00:00,,0.0
1997-08-08 09:00:00,21.75,
1997-08-09 00:00:00,,0.0
1997-08-09 00:00:00,,0.0
1997-08-09 09:00:00,25.05,
1997-08-10 00:00:00,,0.0
1997-08-10 00:00:00,,0.0
1997-08-10 09:00:00,24.55,
1997-08-11 00:00:00,,0.0
1997-08-11 00:00:00,,0.0
1997-08-11 09:00:00,24.95,
1997-08-12 00:00:00,,0.0
1997-08-12 00:00:00,,0.0
1997-08-12 09:00:00,25.5,
1997-08-13 00:00:00,,9.8
1997-08-13 00:00:00,,9.8
1997-08-13 09:00:00,25.05,
1997-08-14 00:00:00,,0.0
1997-08-14 00:00:00,,0.0
1997-08-14 09:00:00,22.55,
1997-08-15 00:00:00,,0.0
1997-08-15 00:00:00,,0.0
1997-08-15 09:00:00,21.55,
1997-08-16 00:00:00,,0.0
1997-08-16 00:00:00,,0.0
1997-08-16 09:00:00,21.9,
1997-08-17 00:00:00,,0.0
1997-08-17 00:00:00,,0.0
1997-08-17 09:00:00,23.95,
1997-08-18 00:00:00,,3.6
1997-08-18 00:00:00,,3.6
1997-08-18 09:00:00,23.95,
1997-08-19 00:00:00,,0.0
1997-08-19 00:00:00,,0.0
1997-08-19 09:00:00,22.85,
1997-08-20 00:00:00,,0.0
1997-08-20 00:00:00,,0.0
1997-08-20 09:00:00,23.8,
1997-08-21 00:00:00,,0.0
1997-08-21 00:00:00,,0.0
1997-08-21 09:00:00,23.85,
1997-08-22 00:00:00,,0.0
1997-08-22 00:00:00,,0.0
1997-08-22 09:00:00,24.35,
1997-08-23 00:00:00,,0.0
1997-08-23 00:00:00,,0.0
1997-08-23 09:00:00,23.55,
1997-08-24 00:00:00,,0.0
1997-08-24 00:00:00,,0.0
1997-08-24 09:00:00,23.3,
1997-08-25 00:00:00,,6.2
1997-08-25 00:00:00,,6.2
1997-08-25 09:00:00,22.4,
1997-08-26 00:00:00,,5.2
1997-08-26 00:00:00,,5.2
1997-08-26 09:00:00,18.1,
1997-08-27 00:00:00,,0.2
1997-08-27 00:00:00,,0.2
1997-08-27 09:00:00,18.2,
1997-08-28 00:00:00,,8.6
1997-08-28 00:00:00,,8.6
1997-08-28 09:00:00,16.15,
1997-08-29 00:00:00,,5.0
1997-08-29 00:00:00,,5.0
1997-08-29 09:00:00,16.950000000000003,
1997-08-30 00:00:00,,5.6
1997-08-30 00:00:00,,5.4
1997-08-30 09:00:00,17.2,
1997-08-31 00:00:00,,0.0
1997-08-31 00:00:00,,0.0
1997-08-31 09:00:00,17.5,
1997-09-01 00:00:00,,0.0
1997-09-01 00:00:00,,0.0
1997-09-01 09:00:00,18.65,
1997-09-02 00:00:00,,0.0
1997-09-02 09:00:00,16.6,
1997-09-03 00:00:00,,0.0
1997-09-03 09:00:00,18.7,
1997-09-04 00:00:00,,2.2
1997-09-04 09:00:00,17.5,
1997-09-05 00:00:00,,0.0
1997-09-05 09:00:00,17.45,
1997-09-06 00:00:00,,1.6
1997-09-06 09:00:00,15.2,
1997-09-07 00:00:00,,0.0
1997-09-07 09:00:00,17.5,
1997-09-08 00:00:00,,0.0
1997-09-08 09:00:00,16.3,
1997-09-09 00:00:00,,0.0
1997-09-09 09:00:00,17.75,
1997-09-10 00:00:00,,0.0
1997-09-10 09:00:00,16.200000000000003,
1997-09-11 00:00:00,,0.0
1997-09-11 09:00:00,17.05,
1997-09-12 00:00:00,,1.2
1997-09-12 09:00:00,16.75,
1997-09-13 00:00:00,,3.2
1997-09-13 09:00:00,13.25,
1997-09-14 00:00:00,,0.0
1997-09-14 09:00:00,12.4,
1997-09-15 00:00:00,,0.0
1997-09-15 09:00:00,14.3,
1997-09-16 00:00:00,,0.0
1997-09-16 09:00:00,16.35,
1997-09-17 00:00:00,,0.0
1997-09-17 09:00:00,16.1,
1997-09-18 00:00:00,,0.0
1997-09-18 09:00:00,17.2,
1997-09-19 00:00:00,,0.0
1997-09-19 09:00:00,20.35,
1997-09-20 00:00:00,,0.0
1997-09-20 09:00:00,16.4,
1997-09-21 00:00:00,,0.0
1997-09-21 09:00:00,13.9,
1997-09-22 00:00:00,,0.0
1997-09-22 09:00:00,14.0,
1997-09-23 00:00:00,,0.0
1997-09-23 09:00:00,16.05,
1997-09-24 00:00:00,,0.0
1997-09-24 09:00:00,16.35,
1997-09-25 00:00:00,,0.0
1997-09-25 09:00:00,17.45,
1997-09-26 00:00:00,,0.0
1997-09-26 09:00:00,16.950000000000003,
1997-09-27 00:00:00,,0.0
1997-09-27 09:00:00,17.9,
1997-09-28 00:00:00,,0.0
1997-09-28 09:00:00,16.25,
1997-09-29 00:00:00,,0.0
1997-09-29 09:00:00,16.75,
1997-09-30 00:00:00,,0.0
1997-09-30 09:00:00,19.75,
1997-10-01 00:00:00,,0.0
1997-10-01 09:00:00,18.85,
1997-10-02 00:00:00,,0.0
1997-10-02 00:00:00,,0.0
1997-10-02 09:00:00,19.4,
1997-10-03 00:00:00,,0.0
1997-10-03 09:00:00,16.25,
1997-10-04 00:00:00,,0.0
1997-10-04 00:00:00,,0.0
1997-10-04 09:00:00,15.05,
1997-10-05 00:00:00,,0.0
1997-10-05 00:00:00,,0.0
1997-10-05 09:00:00,15.6,
1997-10-06 00:00:00,,0.0
1997-10-06 00:00:00,,0.0
1997-10-06 09:00:00,14.3,
1997-10-07 00:00:00,,3.6
1997-10-07 09:00:00,17.15,
1997-10-08 00:00:00,,5.4
1997-10-08 00:00:00,,5.4
1997-10-08 09:00:00,14.6,
1997-10-09 00:00:00,,3.8
1997-10-09 00:00:00,,3.8
1997-10-09 09:00:00,16.4,
1997-10-10 00:00:00,,2.0
1997-10-10 09:00:00,15.6,
1997-10-11 00:00:00,,1.0
1997-10-11 00:00:00,,1.0
1997-10-11 09:00:00,13.85,
1997-10-12 00:00:00,,1.0
1997-10-12 00:00:00,,1.0
1997-10-12 09:00:00,10.75,
1997-10-13 00:00:00,,0.8
1997-10-13 00:00:00,,0.8
1997-10-13 09:00:00,9.6,
1997-10-14 00:00:00,,0.6
1997-10-14 09:00:00,8.0,
1997-10-15 00:00:00,,0.8
1997-10-15 00:00:00,,0.8
1997-10-15 09:00:00,9.75,
1997-10-16 00:00:00,,1.4
1997-10-16 00:00:00,,1.4
1997-10-16 09:00:00,12.0,
1997-10-17 00:00:00,,1.6
1997-10-17 09:00:00,14.9,
1997-10-18 00:00:00,,2.6
1997-10-18 00:00:00,,2.6
1997-10-18 09:00:00,15.0,
1997-10-19 00:00:00,,7.8
1997-10-19 00:00:00,,7.8
1997-10-19 09:00:00,16.85,
1997-10-20 00:00:00,,6.4
1997-10-20 00:00:00,,6.4
1997-10-20 09:00:00,18.0,
1997-10-21 00:00:00,,4.8
1997-10-21 09:00:00,11.45,
1997-10-22 00:00:00,,0.0
1997-10-22 00:00:00,,0.0
1997-10-22 09:00:00,8.75,
1997-10-23 00:00:00,,0.0
1997-10-23 00:00:00,,0.0
1997-10-23 09:00:00,10.55,
1997-10-24 00:00:00,,0.0
1997-10-24 00:00:00,,0.0
1997-10-24 09:00:00,10.55,
1997-10-25 00:00:00,,0.0
1997-10-25 00:00:00,,0.0
1997-10-25 09:00:00,6.4,
1997-10-26 00:00:00,,0.0
1997-10-26 00:00:00,,0.0
1997-10-26 09:00:00,6.8,
1997-10-27 00:00:00,,0.2
1997-10-27 00:00:00,,0.2
1997-10-27 09:00:00,9.1,
1997-10-28 00:00:00,,0.0
1997-10-28 00:00:00,,0.0
1997-10-28 09:00:00,8.35,
1997-10-29 00:00:00,,0.0
1997-10-29 00:00:00,,0.0
1997-10-29 09:00:00,5.05,
1997-10-30 00:00:00,,0.0
1997-10-30 00:00:00,,0.0
1997-10-30 09:00:00,4.95,
1997-10-31 00:00:00,,0.0
1997-10-31 09:00:00,5.95,
1997-11-01 00:00:00,,0.0
1997-11-01 00:00:00,,0.0
1997-11-01 09:00:00,6.75,
1997-11-02 00:00:00,,0.0
1997-11-02 00:00:00,,0.2
1997-11-02 09:00:00,6.45,
1997-11-03 00:00:00,,0.2
1997-11-03 00:00:00,,0.2
1997-11-03 09:00:00,7.25,
1997-11-04 00:00:00,,0.0
1997-11-04 00:00:00,,0.0
1997-11-04 09:00:00,8.9,
1997-11-05 00:00:00,,1.8
1997-11-05 00:00:00,,1.8
1997-11-05 09:00:00,10.8,
1997-11-06 00:00:00,,7.6
1997-11-06 00:00:00,,7.8
1997-11-06 09:00:00,13.15,
1997-11-07 00:00:00,,0.6
1997-11-07 00:00:00,,0.6
1997-11-07 09:00:00,11.8,
1997-11-08 00:00:00,,1.2
1997-11-08 00:00:00,,1.2
1997-11-08 09:00:00,11.55,
1997-11-09 00:00:00,,3.0
1997-11-09 00:00:00,,3.0
1997-11-09 09:00:00,10.4,
1997-11-10 00:00:00,,1.0
1997-11-10 00:00:00,,1.0
1997-11-10 09:00:00,8.3,
1997-11-11 00:00:00,,0.2
1997-11-11 00:00:00,,0.2
1997-11-11 09:00:00,8.2,
1997-11-12 00:00:00,,0.2
1997-11-12 00:00:00,,0.2
1997-11-12 09:00:00,6.95,
1997-11-13 00:00:00,,0.0
1997-11-13 00:00:00,,0.0
1997-11-13 09:00:00,5.45,
1997-11-14 00:00:00,,0.4
1997-11-14 00:00:00,,0.2
1997-11-14 09:00:00,5.8,
1997-11-15 00:00:00,,0.6
1997-11-15 00:00:00,,0.8
1997-11-15 09:00:00,8.85,
1997-11-16 00:00:00,,2.4
1997-11-16 00:00:00,,2.4
1997-11-16 09:00:00,14.2,
1997-11-17 00:00:00,,0.6
1997-11-17 00:00:00,,0.6
1997-11-17 09:00:00,14.65,
1997-11-18 00:00:00,,0.0
1997-11-18 00:00:00,,0.0
1997-11-18 09:00:00,12.7,
1997-11-19 00:00:00,,7.6
1997-11-19 00:00:00,,7.6
1997-11-19 09:00:00,11.85,
1997-11-20 00:00:00,,9.2
1997-11-20 00:00:00,,9.2
1997-11-20 09:00:00,11.7,
1997-11-21 00:00:00,,1.6
1997-11-21 00:00:00,,1.6
1997-11-21 09:00:00,8.55,
1997-11-22 00:00:00,,3.8
1997-11-22 00:00:00,,3.8
1997-11-22 09:00:00,8.5,
1997-11-23 00:00:00,,0.6
1997-11-23 00:00:00,,0.6
1997-11-23 09:00:00,9.15,
1997-11-24 00:00:00,,0.2
1997-11-24 00:00:00,,0.2
1997-11-24 09:00:00,10.0,
1997-11-25 00:00:00,,0.2
1997-11-25 00:00:00,,0.2
1997-11-25 09:00:00,7.4,
1997-11-26 00:00:00,,0.0
1997-11-26 00:00:00,,0.0
1997-11-26 09:00:00,8.45,
1997-11-27 00:00:00,,2.0
1997-11-27 00:00:00,,2.0
1997-11-27 09:00:00,10.45,
1997-11-28 00:00:00,,9.8
1997-11-28 00:00:00,,9.8
1997-11-28 09:00:00,9.9,
1997-11-29 00:00:00,,0.4
1997-11-29 00:00:00,,0.4
1997-11-29 09:00:00,11.05,
1997-11-30 00:00:00,,2.6
1997-11-30 00:00:00,,2.6
1997-11-30 09:00:00,10.15,
1997-12-01 00:00:00,,0.0
1997-12-01 09:00:00,5.15,
1997-12-02 09:00:00,3.7,
1997-12-03 09:00:00,2.3,
1997-12-04 09:00:00,3.6,
1997-12-05 09:00:00,2.95,
1997-12-06 09:00:00,4.300000000000001,
1997-12-07 09:00:00,9.2,
1997-12-08 09:00:00,9.85,
1997-12-09 09:00:00,10.85,
1997-12-10 09:00:00,11.5,
1997-12-11 09:00:00,13.25,
1997-12-12 09:00:00,10.3,
1997-12-13 09:00:00,5.05,
1997-12-14 09:00:00,5.1,
1997-12-15 09:00:00,6.15,
1997-12-16 09:00:00,4.7,
1997-12-17 09:00:00,1.4,
1997-12-18 09:00:00,4.15,
1997-12-19 09:00:00,8.85,
1997-12-20 09:00:00,8.4,
1997-12-21 09:00:00,7.85,
1997-12-22 09:00:00,5.85,
1997-12-23 09:00:00,7.35,
1997-12-24 09:00:00,11.05,
1997-12-25 09:00:00,11.35,
1997-12-26 09:00:00,10.3,
1997-12-27 09:00:00,6.550000000000001,
1997-12-28 09:00:00,4.65,
1997-12-29 09:00:00,4.55,
1997-12-30 09:00:00,6.75,
1997-12-31 09:00:00,9.6,
1998-01-01 00:00:00,,54.7
1998-01-01 00:00:00,,60.0
1998-01-01 09:00:00,6.25,
1998-01-02 00:00:00,,6.9
1998-01-02 00:00:00,,6.2
1998-01-02 09:00:00,7.25,
1998-01-03 00:00:00,,6.0
1998-01-03 00:00:00,,6.6
1998-01-03 09:00:00,9.55,
1998-01-04 00:00:00,,5.8
1998-01-04 00:00:00,,6.5
1998-01-04 09:00:00,8.05,
1998-01-05 00:00:00,,11.8
1998-01-05 00:00:00,,9.8
1998-01-05 09:00:00,6.35,
1998-01-06 00:00:00,,10.6
1998-01-06 00:00:00,,9.1
1998-01-06 09:00:00,4.25,
1998-01-07 00:00:00,,3.6
1998-01-07 00:00:00,,3.2
1998-01-07 09:00:00,6.75,
1998-01-08 00:00:00,,3.0
1998-01-08 00:00:00,,2.4
1998-01-08 09:00:00,8.4,
1998-01-09 00:00:00,,0.8
1998-01-09 00:00:00,,0.7
1998-01-09 09:00:00,11.7,
1998-01-10 00:00:00,,0.0
1998-01-10 00:00:00,,0.0
1998-01-10 09:00:00,11.2,
1998-01-11 00:00:00,,0.0
1998-01-11 00:00:00,,0.2
1998-01-11 09:00:00,8.8,
1998-01-12 00:00:00,,0.0
1998-01-12 00:00:00,,0.0
1998-01-12 09:00:00,8.75,
1998-01-13 00:00:00,,0.0
1998-01-13 00:00:00,,0.0
1998-01-13 09:00:00,10.35,
1998-01-14 00:00:00,,7.2
1998-01-14 00:00:00,,8.4
1998-01-14 09:00:00,10.15,
1998-01-15 00:00:00,,0.8
1998-01-15 00:00:00,,1.2
1998-01-15 09:00:00,8.149999999999999,
1998-01-16 00:00:00,,1.0
1998-01-16 00:00:00,,1.2
1998-01-16 09:00:00,9.45,
1998-01-17 00:00:00,,0.0
1998-01-17 00:00:00,,0.0
1998-01-17 09:00:00,6.55,
1998-01-18 00:00:00,,4.2
1998-01-18 00:00:00,,4.2
1998-01-18 09:00:00,8.0,
1998-01-19 00:00:00,,9.7
1998-01-19 00:00:00,,10.0
1998-01-19 09:00:00,7.85,
1998-01-20 00:00:00,,0.0
1998-01-20 00:00:00,,0.0
1998-01-20 09:00:00,4.0,
1998-01-21 00:00:00,,0.0
1998-01-21 00:00:00,,0.0
1998-01-21 09:00:00,2.35,
1998-01-22 00:00:00,,0.0
1998-01-22 00:00:00,,0.0
1998-01-22 09:00:00,4.7,
1998-01-23 00:00:00,,0.0
1998-01-23 00:00:00,,0.0
1998-01-23 09:00:00,2.9,
1998-01-24 00:00:00,,0.0
1998-01-24 00:00:00,,0.0
1998-01-24 09:00:00,3.6,
1998-01-25 00:00:00,,0.0
1998-01-25 00:00:00,,0.0
1998-01-25 09:00:00,5.0,
1998-01-26 00:00:00,,0.0
1998-01-26 00:00:00,,0.0
1998-01-26 09:00:00,3.75,
1998-01-27 00:00:00,,0.0
1998-01-27 00:00:00,,0.0
1998-01-27 09:00:00,3.8,
1998-01-28 00:00:00,,0.3
1998-01-28 00:00:00,,0.4
1998-01-28 09:00:00,3.45,
1998-01-29 00:00:00,,0.2
1998-01-29 00:00:00,,0.2
1998-01-29 09:00:00,3.25,
1998-01-30 00:00:00,,0.0
1998-01-30 00:00:00,,0.0
1998-01-30 09:00:00,5.300000000000001,
1998-01-31 00:00:00,,0.0
1998-01-31 00:00:00,,0.0
1998-01-31 09:00:00,6.0,
1998-02-01 00:00:00,,0.2
1998-02-01 00:00:00,,0.0
1998-02-01 09:00:00,2.9,
1998-02-02 00:00:00,,0.0
1998-02-02 00:00:00,,0.0
1998-02-02 09:00:00,0.1499999999999999,
1998-02-03 00:00:00,,0.0
1998-02-03 00:00:00,,0.0
1998-02-03 09:00:00,2.9000000000000004,
1998-02-04 00:00:00,,0.0
1998-02-04 00:00:00,,0.0
1998-02-04 09:00:00,2.9000000000000004,
1998-02-05 00:00:00,,0.0
1998-02-05 00:00:00,,0.2
1998-02-05 09:00:00,5.300000000000001,
1998-02-06 00:00:00,,0.0
1998-02-06 00:00:00,,0.0
1998-02-06 09:00:00,7.800000000000001,
1998-02-07 00:00:00,,3.0
1998-02-07 00:00:00,,3.2
1998-02-07 09:00:00,6.9,
1998-02-08 00:00:00,,0.0
1998-02-08 00:00:00,,0.0
1998-02-08 09:00:00,5.0,
1998-02-09 00:00:00,,0.0
1998-02-09 00:00:00,,0.0
1998-02-09 09:00:00,7.649999999999999,
1998-02-10 00:00:00,,0.0
1998-02-10 00:00:00,,0.0
1998-02-10 09:00:00,8.9,
1998-02-11 00:00:00,,0.0
1998-02-11 00:00:00,,0.0
1998-02-11 09:00:00,10.25,
1998-02-12 00:00:00,,0.0
1998-02-12 00:00:00,,0.0
1998-02-12 09:00:00,11.65,
1998-02-13 00:00:00,,0.0
1998-02-13 00:00:00,,0.0
1998-02-13 09:00:00,11.95,
1998-02-14 00:00:00,,0.0
1998-02-14 00:00:00,,0.0
1998-02-14 09:00:00,11.65,
1998-02-15 00:00:00,,0.2
1998-02-15 00:00:00,,0.0
1998-02-15 09:00:00,11.2,
1998-02-16 00:00:00,,0.0
1998-02-16 00:00:00,,0.0
1998-02-16 09:00:00,12.85,
1998-02-17 00:00:00,,0.4
1998-02-17 00:00:00,,0.0
1998-02-17 09:00:00,8.149999999999999,
1998-02-18 00:00:00,,0.0
1998-02-18 00:00:00,,0.0
1998-02-18 09:00:00,8.8,
1998-02-19 00:00:00,,0.0
1998-02-19 00:00:00,,0.0
1998-02-19 09:00:00,9.1,
1998-02-20 00:00:00,,0.0
1998-02-20 00:00:00,,0.0
1998-02-20 09:00:00,10.75,
1998-02-21 00:00:00,,0.0
1998-02-21 00:00:00,,0.0
1998-02-21 09:00:00,12.05,
1998-02-22 00:00:00,,0.5
1998-02-22 00:00:00,,0.6
1998-02-22 09:00:00,7.75,
1998-02-23 00:00:00,,0.0
1998-02-23 00:00:00,,0.0
1998-02-23 09:00:00,6.95,
1998-02-24 00:00:00,,0.0
1998-02-24 00:00:00,,0.0
1998-02-24 09:00:00,8.4,
1998-02-25 00:00:00,,0.0
1998-02-25 00:00:00,,0.0
1998-02-25 09:00:00,8.649999999999999,
1998-02-26 00:00:00,,0.0
1998-02-26 00:00:00,,0.0
1998-02-26 09:00:00,9.4,
1998-02-27 00:00:00,,0.0
1998-02-27 00:00:00,,0.0
1998-02-27 09:00:00,8.4,
1998-02-28 00:00:00,,0.8
1998-02-28 00:00:00,,0.8
1998-02-28 09:00:00,7.0,
1998-03-01 00:00:00,,0.0
1998-03-01 00:00:00,,0.0
1998-03-01 09:00:00,5.0,
1998-03-02 00:00:00,,0.0
1998-03-02 00:00:00,,0.0
1998-03-02 09:00:00,8.399999999999999,
1998-03-03 00:00:00,,6.8
1998-03-03 00:00:00,,4.3
1998-03-03 09:00:00,10.5,
1998-03-04 00:00:00,,4.6
1998-03-04 00:00:00,,3.5
1998-03-04 09:00:00,11.75,
1998-03-05 00:00:00,,0.0
1998-03-05 00:00:00,,0.0
1998-03-05 09:00:00,8.0,
1998-03-06 00:00:00,,12.6
1998-03-06 00:00:00,,10.6
1998-03-06 09:00:00,9.4,
1998-03-07 00:00:00,,7.6
1998-03-07 00:00:00,,6.7
1998-03-07 09:00:00,11.45,
1998-03-08 00:00:00,,2.6
1998-03-08 00:00:00,,2.1
1998-03-08 09:00:00,10.55,
1998-03-09 00:00:00,,0.0
1998-03-09 00:00:00,,0.4
1998-03-09 09:00:00,6.05,
1998-03-10 00:00:00,,0.0
1998-03-10 00:00:00,,0.0
1998-03-10 09:00:00,5.85,
1998-03-11 00:00:00,,5.0
1998-03-11 00:00:00,,6.6
1998-03-11 09:00:00,7.25,
1998-03-12 00:00:00,,0.6
1998-03-12 00:00:00,,2.8
1998-03-12 09:00:00,6.05,
1998-03-13 00:00:00,,3.2
1998-03-13 00:00:00,,0.8
1998-03-13 09:00:00,6.8,
1998-03-14 00:00:00,,0.0
1998-03-14 00:00:00,,0.0
1998-03-14 09:00:00,7.15,
1998-03-15 00:00:00,,0.0
1998-03-15 00:00:00,,0.0
1998-03-15 09:00:00,10.05,
1998-03-16 00:00:00,,0.0
1998-03-16 00:00:00,,0.0
1998-03-16 09:00:00,9.65,
1998-03-17 00:00:00,,0.0
1998-03-17 00:00:00,,0.0
1998-03-17 09:00:00,9.85,
1998-03-18 00:00:00,,0.0
1998-03-18 00:00:00,,0.0
1998-03-18 09:00:00,9.65,
1998-03-19 00:00:00,,0.0
1998-03-19 00:00:00,,0.0
1998-03-19 09:00:00,10.4,
1998-03-20 00:00:00,,0.0
1998-03-20 00:00:00,,0.0
1998-03-20 09:00:00,8.4,
1998-03-21 00:00:00,,0.0
1998-03-21 00:00:00,,0.0
1998-03-21 09:00:00,11.55,
1998-03-22 00:00:00,,0.0
1998-03-22 00:00:00,,0.0
1998-03-22 09:00:00,8.9,
1998-03-23 00:00:00,,0.0
1998-03-23 00:00:00,,0.0
1998-03-23 09:00:00,9.0,
1998-03-24 00:00:00,,0.2
1998-03-24 00:00:00,,0.0
1998-03-24 09:00:00,6.4,
1998-03-25 00:00:00,,2.4
1998-03-25 00:00:00,,2.4
1998-03-25 09:00:00,7.25,
1998-03-26 00:00:00,,3.6
1998-03-26 00:00:00,,3.3
1998-03-26 09:00:00,8.3,
1998-03-27 00:00:00,,1.8
1998-03-27 00:00:00,,2.0
1998-03-27 09:00:00,11.6,
1998-03-28 00:00:00,,0.0
1998-03-28 00:00:00,,0.2
1998-03-28 09:00:00,12.1,
1998-03-29 00:00:00,,0.4
1998-03-29 00:00:00,,0.2
1998-03-29 09:00:00,14.25,
1998-03-30 00:00:00,,0.6
1998-03-30 00:00:00,,1.1
1998-03-30 09:00:00,15.2,
1998-03-31 00:00:00,,0.0
1998-03-31 00:00:00,,0.0
1998-03-31 09:00:00,11.65,
1998-04-01 00:00:00,,0.6
1998-04-01 00:00:00,,0.0
1998-04-01 09:00:00,11.65,
1998-04-02 00:00:00,,3.8
1998-04-02 00:00:00,,3.2
1998-04-02 09:00:00,10.0,
1998-04-03 00:00:00,,4.0
1998-04-03 00:00:00,,2.8
1998-04-03 09:00:00,11.5,
1998-04-04 00:00:00,,6.0
1998-04-04 00:00:00,,6.7
1998-04-04 09:00:00,11.2,
1998-04-05 00:00:00,,1.0
1998-04-05 00:00:00,,0.6
1998-04-05 09:00:00,11.05,
1998-04-06 00:00:00,,5.8
1998-04-06 00:00:00,,8.8
1998-04-06 09:00:00,11.1,
1998-04-07 00:00:00,,1.6
1998-04-07 00:00:00,,2.6
1998-04-07 09:00:00,9.1,
1998-04-08 00:00:00,,1.6
1998-04-08 00:00:00,,1.6
1998-04-08 09:00:00,9.55,
1998-04-09 00:00:00,,11.8
1998-04-09 00:00:00,,10.9
1998-04-09 09:00:00,9.8,
1998-04-10 00:00:00,,9.4
1998-04-10 00:00:00,,8.7
1998-04-10 09:00:00,7.75,
1998-04-11 00:00:00,,1.4
1998-04-11 00:00:00,,3.4
1998-04-11 09:00:00,7.449999999999999,
1998-04-12 00:00:00,,2.2
1998-04-12 00:00:00,,1.6
1998-04-12 09:00:00,4.75,
1998-04-13 00:00:00,,0.0
1998-04-13 00:00:00,,0.0
1998-04-13 09:00:00,5.05,
1998-04-14 00:00:00,,0.2
1998-04-14 00:00:00,,0.4
1998-04-14 09:00:00,5.3,
1998-04-15 00:00:00,,8.1
1998-04-15 00:00:00,,6.4
1998-04-15 09:00:00,5.199999999999999,
1998-04-16 00:00:00,,10.8
1998-04-16 00:00:00,,11.0
1998-04-16 09:00:00,3.5500000000000003,
1998-04-17 00:00:00,,9.2
1998-04-17 00:00:00,,7.9
1998-04-17 09:00:00,6.5,
1998-04-18 00:00:00,,0.0
1998-04-18 00:00:00,,0.0
1998-04-18 09:00:00,6.6,
1998-04-19 00:00:00,,1.5
1998-04-19 00:00:00,,1.4
1998-04-19 09:00:00,8.05,
1998-04-20 00:00:00,,9.0
1998-04-20 00:00:00,,7.9
1998-04-20 09:00:00,10.35,
1998-04-21 00:00:00,,0.3
1998-04-21 00:00:00,,1.2
1998-04-21 09:00:00,10.5,
1998-04-22 00:00:00,,2.0
1998-04-22 00:00:00,,1.3
1998-04-22 09:00:00,12.3,
1998-04-23 00:00:00,,1.4
1998-04-23 00:00:00,,0.7
1998-04-23 09:00:00,16.95,
1998-04-24 00:00:00,,0.6
1998-04-24 00:00:00,,0.8
1998-04-24 09:00:00,12.05,
1998-04-25 00:00:00,,3.2
1998-04-25 00:00:00,,2.2
1998-04-25 09:00:00,12.95,
1998-04-26 00:00:00,,2.3
1998-04-26 00:00:00,,2.0
1998-04-26 09:00:00,12.15,
1998-04-27 00:00:00,,2.6
1998-04-27 00:00:00,,3.9
1998-04-27 09:00:00,10.75,
1998-04-28 00:00:00,,0.6
1998-04-28 00:00:00,,2.0
1998-04-28 09:00:00,11.0,
1998-04-29 00:00:00,,3.8
1998-04-29 00:00:00,,3.8
1998-04-29 09:00:00,11.05,
1998-04-30 00:00:00,,0.0
1998-04-30 00:00:00,,0.0
1998-04-30 09:00:00,13.0,
1998-05-01 00:00:00,,0.0
1998-05-01 00:00:00,,0.0
1998-05-01 09:00:00,10.4,
1998-05-02 00:00:00,,0.0
1998-05-02 00:00:00,,0.1
1998-05-02 09:00:00,9.15,
1998-05-03 00:00:00,,0.0
1998-05-03 00:00:00,,0.0
1998-05-03 09:00:00,11.8,
1998-05-04 00:00:00,,0.0
1998-05-04 00:00:00,,0.0
1998-05-04 09:00:00,8.2,
1998-05-05 00:00:00,,0.0
1998-05-05 00:00:00,,0.0
1998-05-05 09:00:00,12.9,
1998-05-06 00:00:00,,0.0
1998-05-06 00:00:00,,0.0
1998-05-06 09:00:00,12.4,
1998-05-07 00:00:00,,0.0
1998-05-07 00:00:00,,0.0
1998-05-07 09:00:00,14.65,
1998-05-08 00:00:00,,0.0
1998-05-08 00:00:00,,0.0
1998-05-08 09:00:00,12.15,
1998-05-09 00:00:00,,0.0
1998-05-09 00:00:00,,0.0
1998-05-09 09:00:00,19.2,
1998-05-10 00:00:00,,0.0
1998-05-10 00:00:00,,0.0
1998-05-10 09:00:00,18.700000000000003,
1998-05-11 00:00:00,,0.0
1998-05-11 00:00:00,,0.0
1998-05-11 09:00:00,16.95,
1998-05-12 00:00:00,,0.0
1998-05-12 00:00:00,,0.0
1998-05-12 09:00:00,16.65,
1998-05-13 00:00:00,,0.0
1998-05-13 00:00:00,,0.0
1998-05-13 09:00:00,16.75,
1998-05-14 00:00:00,,0.0
1998-05-14 00:00:00,,0.2
1998-05-14 09:00:00,20.0,
1998-05-15 00:00:00,,0.0
1998-05-15 00:00:00,,0.0
1998-05-15 09:00:00,18.5,
1998-05-16 00:00:00,,0.0
1998-05-16 00:00:00,,0.0
1998-05-16 09:00:00,18.5,
1998-05-17 00:00:00,,0.0
1998-05-17 00:00:00,,0.0
1998-05-17 09:00:00,17.15,
1998-05-18 00:00:00,,0.0
1998-05-18 00:00:00,,0.0
1998-05-18 09:00:00,15.45,
1998-05-19 00:00:00,,0.0
1998-05-19 00:00:00,,0.0
1998-05-19 09:00:00,17.0,
1998-05-20 00:00:00,,0.0
1998-05-20 00:00:00,,0.0
1998-05-20 09:00:00,17.65,
1998-05-21 00:00:00,,2.0
1998-05-21 00:00:00,,2.0
1998-05-21 09:00:00,19.45,
1998-05-22 00:00:00,,0.0
1998-05-22 00:00:00,,0.0
1998-05-22 09:00:00,13.2,
1998-05-23 00:00:00,,0.0
1998-05-23 00:00:00,,0.0
1998-05-23 09:00:00,14.4,
1998-05-24 00:00:00,,0.0
1998-05-24 00:00:00,,0.0
1998-05-24 09:00:00,14.95,
1998-05-25 00:00:00,,0.0
1998-05-25 00:00:00,,0.0
1998-05-25 09:00:00,14.1,
1998-05-26 00:00:00,,12.4
1998-05-26 00:00:00,,5.1
1998-05-26 09:00:00,15.1,
1998-05-27 00:00:00,,24.6
1998-05-27 00:00:00,,25.9
1998-05-27 09:00:00,12.1,
1998-05-28 00:00:00,,0.4
1998-05-28 00:00:00,,0.6
1998-05-28 09:00:00,10.5,
1998-05-29 00:00:00,,1.4
1998-05-29 00:00:00,,4.4
1998-05-29 09:00:00,14.25,
1998-05-30 00:00:00,,0.0
1998-05-30 00:00:00,,0.0
1998-05-30 09:00:00,13.85,
1998-05-31 00:00:00,,2.6
1998-05-31 00:00:00,,1.3
1998-05-31 09:00:00,17.0,
1998-06-01 00:00:00,,0.0
1998-06-01 00:00:00,,0.0
1998-06-01 09:00:00,14.85,
1998-06-02 00:00:00,,6.4
1998-06-02 00:00:00,,6.4
1998-06-02 09:00:00,17.25,
1998-06-03 00:00:00,,0.4
1998-06-03 00:00:00,,1.3
1998-06-03 09:00:00,15.55,
1998-06-04 00:00:00,,3.2
1998-06-04 00:00:00,,3.0
1998-06-04 09:00:00,14.9,
1998-06-05 00:00:00,,0.0
1998-06-05 00:00:00,,0.0
1998-06-05 09:00:00,13.65,
1998-06-06 00:00:00,,0.0
1998-06-06 00:00:00,,0.0
1998-06-06 09:00:00,15.6,
1998-06-07 00:00:00,,0.0
1998-06-07 00:00:00,,0.0
1998-06-07 09:00:00,17.65,
1998-06-08 00:00:00,,1.8
1998-06-08 00:00:00,,2.9
1998-06-08 09:00:00,16.3,
1998-06-09 00:00:00,,3.9
1998-06-09 00:00:00,,3.0
1998-06-09 09:00:00,15.75,
1998-06-10 00:00:00,,4.8
1998-06-10 00:00:00,,5.7
1998-06-10 09:00:00,15.6,
1998-06-11 00:00:00,,12.8
1998-06-11 00:00:00,,16.6
1998-06-11 09:00:00,14.0,
1998-06-12 00:00:00,,0.9
1998-06-12 00:00:00,,0.4
1998-06-12 09:00:00,10.05,
1998-06-13 00:00:00,,0.8
1998-06-13 00:00:00,,0.3
1998-06-13 09:00:00,14.4,
1998-06-14 00:00:00,,8.8
1998-06-14 00:00:00,,6.4
1998-06-14 09:00:00,13.65,
1998-06-15 00:00:00,,0.4
1998-06-15 00:00:00,,1.5
1998-06-15 09:00:00,15.15,
1998-06-16 00:00:00,,7.0
1998-06-16 00:00:00,,9.1
1998-06-16 09:00:00,14.4,
1998-06-17 00:00:00,,0.0
1998-06-17 00:00:00,,0.0
1998-06-17 09:00:00,14.2,
1998-06-18 00:00:00,,6.2
1998-06-18 00:00:00,,6.4
1998-06-18 09:00:00,15.5,
1998-06-19 00:00:00,,0.2
1998-06-19 00:00:00,,0.2
1998-06-19 09:00:00,16.65,
1998-06-20 00:00:00,,0.2
1998-06-20 00:00:00,,0.0
1998-06-20 09:00:00,20.9,
1998-06-21 00:00:00,,0.0
1998-06-21 00:00:00,,0.0
1998-06-21 09:00:00,23.05,
1998-06-22 00:00:00,,0.0
1998-06-22 00:00:00,,0.0
1998-06-22 09:00:00,19.45,
1998-06-23 00:00:00,,1.5
1998-06-23 00:00:00,,1.6
1998-06-23 09:00:00,17.5,
1998-06-24 00:00:00,,0.0
1998-06-24 00:00:00,,0.1
1998-06-24 09:00:00,17.9,
1998-06-25 00:00:00,,6.1
1998-06-25 00:00:00,,9.4
1998-06-25 09:00:00,18.4,
1998-06-26 00:00:00,,1.8
1998-06-26 00:00:00,,0.6
1998-06-26 09:00:00,16.35,
1998-06-27 00:00:00,,10.2
1998-06-27 00:00:00,,4.3
1998-06-27 09:00:00,15.2,
1998-06-28 00:00:00,,14.6
1998-06-28 00:00:00,,6.8
1998-06-28 09:00:00,15.8,
1998-06-29 00:00:00,,1.0
1998-06-29 00:00:00,,0.2
1998-06-29 09:00:00,16.4,
1998-06-30 00:00:00,,12.9
1998-06-30 00:00:00,,11.0
1998-06-30 09:00:00,16.15,
