date,tmean,precip
1986-01-01 00:00:00,2.1,0.0
1986-01-01 09:00:00,2.1,4.8
1986-01-02 00:00:00,2.875,9.6
1986-01-02 09:00:00,3.65,17.4
1986-01-03 00:00:00,4.6,25.2
1986-01-03 09:00:00,5.55,12.6
1986-01-04 00:00:00,3.2499999999999996,0.0
1986-01-04 09:00:00,0.9499999999999996,2.85
1986-01-05 00:00:00,1.6749999999999998,5.7
1986-01-05 09:00:00,2.4000000000000004,2.9
1986-01-06 00:00:00,2.35,0.1
1986-01-06 09:00:00,2.3,0.15000000000000002
1986-01-07 00:00:00,1.775,0.2
1986-01-07 09:00:00,1.25,6.7
1986-01-08 00:00:00,1.625,13.2
1986-01-08 09:00:00,2.0,8.75
1986-01-09 00:00:00,2.275,4.3
1986-01-09 09:00:00,2.55,3.0999999999999996
1986-01-10 00:00:00,4.324999999999999,1.9
1986-01-10 09:00:00,6.1,1.6
1986-01-11 00:00:00,7.499999999999999,1.3
1986-01-11 09:00:00,8.899999999999999,1.2000000000000002
1986-01-12 00:00:00,7.6,1.1
1986-01-12 09:00:00,6.3,0.55
1986-01-13 00:00:00,6.8,0.0
1986-01-13 09:00:00,7.3,0.0
1986-01-14 00:00:00,8.3,0.0
1986-01-14 09:00:00,9.3,0.2
1986-01-15 00:00:00,8.3,0.4
1986-01-15 09:00:00,7.3,0.4
1986-01-16 00:00:00,5.975,0.4
1986-01-16 09:00:00,4.65,0.2
1986-01-17 00:00:00,3.1500000000000004,0.0
1986-01-17 09:00:00,1.65,0.6
1986-01-18 00:00:00,4.525,1.2
1986-01-18 09:00:00,7.4,1.15
1986-01-19 00:00:00,9.075,1.1
1986-01-19 09:00:00,10.75,0.7000000000000001
1986-01-20 00:00:00,9.225,0.3
1986-01-20 09:00:00,7.699999999999999,2.3
1986-01-21 00:00:00,7.25,4.3
1986-01-21 09:00:00,6.8,3.5
1986-01-22 00:00:00,6.574999999999999,2.7
1986-01-22 09:00:00,6.35,3.65
1986-01-23 00:00:00,7.074999999999999,4.6
1986-01-23 09:00:00,7.8,2.8
1986-01-24 00:00:00,6.475,1.0
1986-01-24 09:00:00,5.15,0.5
1986-01-25 00:00:00,3.95,0.0
1986-01-25 09:00:00,2.75,0.0
1986-01-26 00:00:00,1.475,0.0
1986-01-26 09:00:00,0.2000000000000001,0.0
1986-01-27 00:00:00,0.35,0.0
1986-01-27 09:00:00,0.4999999999999998,6.25
1986-01-28 00:00:00,1.2249999999999999,12.5
1986-01-28 09:00:00,1.95,8.95
1986-01-29 00:00:00,2.75,5.4
1986-01-29 09:00:00,3.5500000000000003,6.2
1986-01-30 00:00:00,3.5,7.0
1986-01-30 09:00:00,3.45,3.55
1986-01-31 00:00:00,3.9250000000000003,0.1
1986-01-31 09:00:00,4.4,0.9999999999999999
1986-02-01 00:00:00,3.625,1.9
1986-02-01 09:00:00,2.85,2.5
1986-02-02 00:00:00,3.175,3.1
1986-02-02 09:00:00,3.5,3.9000000000000004
1986-02-03 00:00:00,3.15,4.7
1986-02-03 09:00:00,2.8,2.4
1986-02-04 00:00:00,2.675,0.1
1986-02-04 09:00:00,2.55,0.05
1986-02-05 00:00:00,2.175,0.0
1986-02-05 09:00:00,1.8,3.3
1986-02-06 00:00:00,1.65,6.6
1986-02-06 09:00:00,1.5,3.3499999999999996
1986-02-07 00:00:00,0.5,0.1
1986-02-07 09:00:00,-0.5,0.05
1986-02-08 00:00:00,-0.625,0.0
1986-02-08 09:00:00,-0.75,0.0
1986-02-09 00:00:00,-0.825,0.0
1986-02-09 09:00:00,-0.9,0.0
1986-02-10 00:00:00,-2.1,0.0
1986-02-10 09:00:00,-3.3000000000000003,0.0
1986-02-11 00:00:00,-2.2750000000000004,0.0
1986-02-11 09:00:00,-1.25,0.0
1986-02-12 00:00:00,-0.32499999999999996,0.0
1986-02-12 09:00:00,0.6,0.0
1986-02-13 00:00:00,0.3,0.0
1986-02-13 09:00:00,0.0,0.0
1986-02-14 00:00:00,0.625,0.0
1986-02-14 09:00:00,1.25,0.0
1986-02-15 00:00:00,0.475,0.0
1986-02-15 09:00:00,-0.3,0.0
1986-02-16 00:00:00,0.6500000000000001,0.0
1986-02-16 09:00:00,1.6,0.0
1986-02-17 00:00:00,1.3250000000000002,0.0
1986-02-17 09:00:00,1.05,0.0
1986-02-18 00:00:00,0.6749999999999999,0.0
1986-02-18 09:00:00,0.2999999999999999,0.0
1986-02-19 00:00:00,0.2749999999999999,0.0
1986-02-19 09:00:00,0.25,0.0
1986-02-20 00:00:00,-0.025000000000000022,0.0
1986-02-20 09:00:00,-0.3,0.0
1986-02-21 00:00:00,-1.075,0.0
1986-02-21 09:00:00,-1.85,0.0
1986-02-22 00:00:00,-2.675,0.0
1986-02-22 09:00:00,-3.5,0.0
1986-02-23 00:00:00,-2.125,0.0
1986-02-23 09:00:00,-0.75,0.25
1986-02-24 00:00:00,-0.925,0.5
1986-02-24 09:00:00,-1.1,0.25
1986-02-25 00:00:00,-0.17500000000000004,0.0
1986-02-25 09:00:00,0.75,0.0
1986-02-26 00:00:00,-0.55,0.0
1986-02-26 09:00:00,-1.85,0.0
1986-02-27 00:00:00,-1.6,0.0
1986-02-27 09:00:00,-1.35,0.0
1986-02-28 00:00:00,-0.40000000000000013,0.0
1986-02-28 09:00:00,0.5499999999999999,1.75
1986-03-01 00:00:00,0.5249999999999999,3.5
1986-03-01 09:00:00,0.4999999999999999,3.3
1986-03-02 00:00:00,-0.1250000000000001,3.1
1986-03-02 09:00:00,-0.75,1.55
1986-03-03 00:00:00,0.02499999999999991,0.0
1986-03-03 09:00:00,0.7999999999999998,0.65
1986-03-04 00:00:00,1.45,1.3
1986-03-04 09:00:00,2.1,3.8500000000000005
1986-03-05 00:00:00,4.275,6.4
1986-03-05 09:00:00,6.449999999999999,3.2
1986-03-06 00:00:00,6.824999999999999,0.0
1986-03-06 09:00:00,7.199999999999999,0.0
1986-03-07 00:00:00,6.3999999999999995,0.0
1986-03-07 09:00:00,5.6,0.0
1986-03-08 00:00:00,5.225,0.0
1986-03-08 09:00:00,4.85,0.0
1986-03-09 00:00:00,5.35,0.0
1986-03-09 09:00:00,5.8500000000000005,0.55
1986-03-10 00:00:00,5.9750000000000005,1.1
1986-03-10 09:00:00,6.1000000000000005,0.55
1986-03-11 00:00:00,6.625,0.0
1986-03-11 09:00:00,7.15,0.0
1986-03-12 00:00:00,5.75,0.0
1986-03-12 09:00:00,4.35,0.0
1986-03-13 00:00:00,3.75,0.0
1986-03-13 09:00:00,3.1500000000000004,0.0
1986-03-14 00:00:00,3.2,0.0
1986-03-14 09:00:00,3.25,0.0
1986-03-15 00:00:00,5.625,0.0
1986-03-15 09:00:00,8.0,0.0
1986-03-16 00:00:00,8.125,0.0
1986-03-16 09:00:00,8.25,0.25
1986-03-17 00:00:00,8.8,0.5
1986-03-17 09:00:00,9.35,0.25
1986-03-18 00:00:00,9.175,0.0
1986-03-18 09:00:00,9.0,3.35
1986-03-19 00:00:00,9.45,6.7
1986-03-19 09:00:00,9.9,3.7
1986-03-20 00:00:00,8.35,0.7
1986-03-20 09:00:00,6.8,0.44999999999999996
1986-03-21 00:00:00,7.05,0.2
1986-03-21 09:00:00,7.3,0.95
1986-03-22 00:00:00,7.199999999999999,1.7
1986-03-22 09:00:00,7.1,2.25
1986-03-23 00:00:00,8.05,2.8
1986-03-23 09:00:00,9.0,4.949999999999999
1986-03-24 00:00:00,8.55,7.1
1986-03-24 09:00:00,8.100000000000001,3.55
1986-03-25 00:00:00,7.250000000000001,0.0
1986-03-25 09:00:00,6.4,1.25
1986-03-26 00:00:00,5.9750000000000005,2.5
1986-03-26 09:00:00,5.550000000000001,2.3
1986-03-27 00:00:00,7.300000000000001,2.1
1986-03-27 09:00:00,9.05,3.05
1986-03-28 00:00:00,9.25,4.0
1986-03-28 09:00:00,9.45,2.7
1986-03-29 00:00:00,9.1,1.4
1986-03-29 09:00:00,8.75,3.3
1986-03-30 00:00:00,7.775,5.2
1986-03-30 09:00:00,6.8,3.0500000000000003
1986-03-31 00:00:00,6.225,0.9
1986-03-31 09:00:00,5.65,0.6
1986-04-01 00:00:00,6.2,0.3
1986-04-01 09:00:00,6.75,0.2
1986-04-02 00:00:00,6.375,0.1
1986-04-02 09:00:00,6.0,2.5500000000000003
1986-04-03 00:00:00,6.4,5.0
1986-04-03 09:00:00,6.8,3.15
1986-04-04 00:00:00,6.300000000000001,1.3
1986-04-04 09:00:00,5.800000000000001,0.7000000000000001
1986-04-05 00:00:00,5.775,0.1
1986-04-05 09:00:00,5.75,1.1500000000000001
1986-04-06 00:00:00,5.525,2.2
1986-04-06 09:00:00,5.3,2.2
1986-04-07 00:00:00,4.675,2.2
1986-04-07 09:00:00,4.05,3.85
1986-04-08 00:00:00,3.9749999999999996,5.5
1986-04-08 09:00:00,3.9,2.8
1986-04-09 00:00:00,4.45,0.1
1986-04-09 09:00:00,5.0,0.1
1986-04-10 00:00:00,6.2,0.1
1986-04-10 09:00:00,7.4,0.05
1986-04-11 00:00:00,5.35,0.0
1986-04-11 09:00:00,3.3,0.7
1986-04-12 00:00:00,3.85,1.4
1986-04-12 09:00:00,4.4,1.7
1986-04-13 00:00:00,4.375,2.0
1986-04-13 09:00:00,4.3500000000000005,3.35
1986-04-14 00:00:00,5.925000000000001,4.7
1986-04-14 09:00:00,7.5,3.6
1986-04-15 00:00:00,8.075,2.5
1986-04-15 09:00:00,8.65,1.95
1986-04-16 00:00:00,8.7,1.4
1986-04-16 09:00:00,8.75,3.3499999999999996
1986-04-17 00:00:00,7.75,5.3
1986-04-17 09:00:00,6.75,5.449999999999999
1986-04-18 00:00:00,7.45,5.6
1986-04-18 09:00:00,8.15,2.8499999999999996
1986-04-19 00:00:00,7.325,0.1
1986-04-19 09:00:00,6.5,4.7
1986-04-20 00:00:00,7.375,9.3
1986-04-20 09:00:00,8.25,4.8500000000000005
1986-04-21 00:00:00,8.95,0.4
1986-04-21 09:00:00,9.65,2.35
1986-04-22 00:00:00,8.5,4.3
1986-04-22 09:00:00,7.35,2.8499999999999996
1986-04-23 00:00:00,8.125,1.4
1986-04-23 09:00:00,8.9,2.65
1986-04-24 00:00:00,9.175,3.9
1986-04-24 09:00:00,9.45,1.95
1986-04-25 00:00:00,9.825,0.0
1986-04-25 09:00:00,10.2,0.0
1986-04-26 00:00:00,10.625,0.0
1986-04-26 09:00:00,11.05,0.3
1986-04-27 00:00:00,12.15,0.6
1986-04-27 09:00:00,13.25,0.4
1986-04-28 00:00:00,11.75,0.2
1986-04-28 09:00:00,10.25,0.1
1986-04-29 00:00:00,10.55,0.0
1986-04-29 09:00:00,10.85,0.0
1986-04-30 00:00:00,10.274999999999999,0.0
1986-04-30 09:00:00,9.7,0.0
1986-05-01 00:00:00,10.575,0.0
1986-05-01 09:00:00,11.45,0.0
1986-05-02 00:00:00,12.95,0.0
1986-05-02 09:00:00,14.45,0.0
1986-05-03 00:00:00,15.35,0.0
1986-05-03 09:00:00,16.25,0.0
1986-05-04 00:00:00,14.075,0.0
1986-05-04 09:00:00,11.9,0.0
1986-05-05 00:00:00,12.525,0.0
1986-05-05 09:00:00,13.15,1.15
1986-05-06 00:00:00,12.075,2.3
1986-05-06 09:00:00,11.0,2.4
1986-05-07 00:00:00,11.725,2.5
1986-05-07 09:00:00,12.45,1.5
1986-05-08 00:00:00,11.524999999999999,0.5
1986-05-08 09:00:00,10.6,2.35
1986-05-09 00:00:00,10.85,4.2
1986-05-09 09:00:00,11.1,3.6
1986-05-10 00:00:00,12.399999999999999,3.0
1986-05-10 09:00:00,13.7,1.55
1986-05-11 00:00:00,13.825,0.1
1986-05-11 09:00:00,13.95,0.30000000000000004
1986-05-12 00:00:00,13.725,0.5
1986-05-12 09:00:00,13.5,0.85
1986-05-13 00:00:00,12.675,1.2
1986-05-13 09:00:00,11.85,0.65
1986-05-14 00:00:00,11.95,0.1
1986-05-14 09:00:00,12.05,2.1500000000000004
1986-05-15 00:00:00,11.425,4.2
1986-05-15 09:00:00,10.8,2.1
1986-05-16 00:00:00,10.3,0.0
1986-05-16 09:00:00,9.8,0.1
1986-05-17 00:00:00,11.3,0.2
1986-05-17 09:00:00,12.8,2.3000000000000003
1986-05-18 00:00:00,13.15,4.4
1986-05-18 09:00:00,13.5,2.2
1986-05-19 00:00:00,12.925,0.0
1986-05-19 09:00:00,12.35,1.7
1986-05-20 00:00:00,14.725000000000001,3.4
1986-05-20 09:00:00,17.1,5.6
1986-05-21 00:00:00,15.950000000000001,7.8
1986-05-21 09:00:00,14.8,4.199999999999999
1986-05-22 00:00:00,12.65,0.6
1986-05-22 09:00:00,10.5,2.15
1986-05-23 00:00:00,11.825,3.7
1986-05-23 09:00:00,13.15,1.85
1986-05-24 00:00:00,12.7,0.0
1986-05-24 09:00:00,12.25,0.0
1986-05-25 00:00:00,12.925,0.0
1986-05-25 09:00:00,13.6,0.0
1986-05-26 00:00:00,13.55,0.0
1986-05-26 09:00:00,13.5,0.0
1986-05-27 00:00:00,13.85,0.0
1986-05-27 09:00:00,14.2,0.0
1986-05-28 00:00:00,13.3,0.0
1986-05-28 09:00:00,12.4,4.95
1986-05-29 00:00:00,11.725000000000001,9.9
1986-05-29 09:00:00,11.05,5.25
1986-05-30 00:00:00,11.275,0.6
1986-05-30 09:00:00,11.5,1.0
1986-05-31 00:00:00,12.125,1.4
1986-05-31 09:00:00,12.75,3.4499999999999997
1986-06-01 00:00:00,12.375,5.5
1986-06-01 09:00:00,12.0,2.75
1986-06-02 00:00:00,13.875,0.0
1986-06-02 09:00:00,15.75,0.0
1986-06-03 00:00:00,15.975,0.0
1986-06-03 09:00:00,16.2,1.25
1986-06-04 00:00:00,14.0,2.5
1986-06-04 09:00:00,11.8,1.4
1986-06-05 00:00:00,11.65,0.3
1986-06-05 09:00:00,11.5,0.2
1986-06-06 00:00:00,11.5,0.1
1986-06-06 09:00:00,11.5,0.15000000000000002
1986-06-07 00:00:00,11.55,0.2
1986-06-07 09:00:00,11.6,0.1
1986-06-08 00:00:00,12.925,0.0
1986-06-08 09:00:00,14.25,0.0
1986-06-09 00:00:00,14.0,0.0
1986-06-09 09:00:00,13.75,0.15
1986-06-10 00:00:00,14.4,0.3
1986-06-10 09:00:00,15.05,4.3
1986-06-11 00:00:00,14.275,8.3
1986-06-11 09:00:00,13.5,4.75
1986-06-12 00:00:00,12.725,1.2
1986-06-12 09:00:00,11.95,0.6
1986-06-13 00:00:00,13.5,0.0
1986-06-13 09:00:00,15.05,0.0
1986-06-14 00:00:00,16.65,0.0
1986-06-14 09:00:00,18.25,0.0
1986-06-15 00:00:00,18.175,0.0
1986-06-15 09:00:00,18.1,0.0
1986-06-16 00:00:00,19.5,0.0
1986-06-16 09:00:00,20.9,0.0
1986-06-17 00:00:00,21.825,0.0
1986-06-17 09:00:00,22.75,0.0
1986-06-18 00:00:00,19.775,0.0
1986-06-18 09:00:00,16.8,0.0
1986-06-19 00:00:00,16.725,0.0
1986-06-19 09:00:00,16.65,0.0
1986-06-20 00:00:00,17.225,0.0
1986-06-20 09:00:00,17.8,0.0
1986-06-21 00:00:00,16.4,0.0
1986-06-21 09:00:00,15.0,0.0
1986-06-22 00:00:00,16.025,0.0
1986-06-22 09:00:00,17.05,0.2
1986-06-23 00:00:00,15.775,0.4
1986-06-23 09:00:00,14.5,0.6000000000000001
1986-06-24 00:00:00,15.225,0.8
1986-06-24 09:00:00,15.95,0.4
1986-06-25 00:00:00,16.775,0.0
1986-06-25 09:00:00,17.6,0.0
1986-06-26 00:00:00,18.925,0.0
1986-06-26 09:00:00,20.25,0.0
1986-06-27 00:00:00,20.9,0.0
1986-06-27 09:00:00,21.55,0.0
1986-06-28 00:00:00,22.5,0.0
1986-06-28 09:00:00,23.45,0.0
1986-06-29 00:00:00,23.1,0.0
1986-06-29 09:00:00,22.75,0.0
1986-06-30 00:00:00,22.075,0.0
1986-06-30 09:00:00,21.4,0.0
1986-07-01 00:00:00,21.4,0.0
1986-07-01 09:00:00,21.4,0.0
1986-07-02 00:00:00,20.85,0.0
1986-07-02 09:00:00,20.3,0.0
1986-07-03 00:00:00,21.5,0.0
1986-07-03 09:00:00,22.700000000000003,0.0
1986-07-04 00:00:00,21.1,0.0
1986-07-04 09:00:00,19.5,6.2
1986-07-05 00:00:00,19.925,12.4
1986-07-05 09:00:00,20.35,12.5
1986-07-06 00:00:00,18.55,12.6
1986-07-06 09:00:00,16.75,6.3
1986-07-07 00:00:00,17.05,0.0
1986-07-07 09:00:00,17.35,2.3
1986-07-08 00:00:00,16.875,4.6
1986-07-08 09:00:00,16.4,2.5
1986-07-09 00:00:00,16.15,0.4
1986-07-09 09:00:00,15.9,0.2
1986-07-10 00:00:00,16.725,0.0
1986-07-10 09:00:00,17.55,2.35
1986-07-11 00:00:00,17.675,4.7
1986-07-11 09:00:00,17.8,12.25
1986-07-12 00:00:00,17.175,19.8
1986-07-12 09:00:00,16.55,11.25
1986-07-13 00:00:00,16.525,2.7
1986-07-13 09:00:00,16.5,1.4000000000000001
1986-07-14 00:00:00,17.4,0.1
1986-07-14 09:00:00,18.3,0.05
1986-07-15 00:00:00,20.025,0.0
1986-07-15 09:00:00,21.75,0.0
1986-07-16 00:00:00,22.775,0.0
1986-07-16 09:00:00,23.8,0.0
1986-07-17 00:00:00,22.825000000000003,0.0
1986-07-17 09:00:00,21.85,0.0
1986-07-18 00:00:00,19.7,0.0
1986-07-18 09:00:00,17.549999999999997,0.0
1986-07-19 00:00:00,16.674999999999997,0.0
1986-07-19 09:00:00,15.8,0.1
1986-07-20 00:00:00,16.1,0.2
1986-07-20 09:00:00,16.4,0.1
1986-07-21 00:00:00,17.424999999999997,0.0
1986-07-21 09:00:00,18.45,5.2
1986-07-22 00:00:00,18.275,10.4
1986-07-22 09:00:00,18.1,5.2
1986-07-23 00:00:00,17.375,0.0
1986-07-23 09:00:00,16.65,0.0
1986-07-24 00:00:00,15.0,0.0
1986-07-24 09:00:00,13.35,0.1
1986-07-25 00:00:00,16.025,0.2
1986-07-25 09:00:00,18.7,0.1
1986-07-26 00:00:00,18.825,0.0
1986-07-26 09:00:00,18.95,0.0
1986-07-27 00:00:00,18.299999999999997,0.0
1986-07-27 09:00:00,17.65,0.0
1986-07-28 00:00:00,18.875,0.0
1986-07-28 09:00:00,20.1,3.5
1986-07-29 00:00:00,19.375,7.0
1986-07-29 09:00:00,18.65,3.5
1986-07-30 00:00:00,17.575,0.0
1986-07-30 09:00:00,16.5,0.0
1986-07-31 00:00:00,17.05,0.0
1986-07-31 09:00:00,17.6,0.6
1986-08-01 00:00:00,16.55,1.2
1986-08-01 09:00:00,15.5,0.6
1986-08-02 00:00:00,16.925,0.0
1986-08-02 09:00:00,18.35,0.2
1986-08-03 00:00:00,17.625,0.4
1986-08-03 09:00:00,16.9,12.65
1986-08-04 00:00:00,15.1,24.9
1986-08-04 09:00:00,13.3,12.45
1986-08-05 00:00:00,14.100000000000001,0.0
1986-08-05 09:00:00,14.9,0.0
1986-08-06 00:00:00,16.175,0.0
1986-08-06 09:00:00,17.45,0.0
1986-08-07 00:00:00,18.275,0.0
1986-08-07 09:00:00,19.1,0.1
1986-08-08 00:00:00,17.725,0.2
1986-08-08 09:00:00,16.35,0.1
1986-08-09 00:00:00,16.375,0.0
1986-08-09 09:00:00,16.4,0.0
1986-08-10 00:00:00,17.1,0.0
1986-08-10 09:00:00,17.8,6.1
1986-08-11 00:00:00,19.075000000000003,12.2
1986-08-11 09:00:00,20.35,6.1
1986-08-12 00:00:00,18.825000000000003,0.0
1986-08-12 09:00:00,17.3,0.0
1986-08-13 00:00:00,17.125,0.0
1986-08-13 09:00:00,16.95,0.0
1986-08-14 00:00:00,17.85,0.0
1986-08-14 09:00:00,18.75,0.25
1986-08-15 00:00:00,17.95,0.5
1986-08-15 09:00:00,17.15,0.25
1986-08-16 00:00:00,16.7,0.0
1986-08-16 09:00:00,16.25,0.0
1986-08-17 00:00:00,16.7,0.0
1986-08-17 09:00:00,17.15,0.3
1986-08-18 00:00:00,17.15,0.6
1986-08-18 09:00:00,17.15,2.5999999999999996
1986-08-19 00:00:00,16.35,4.6
1986-08-19 09:00:00,15.55,2.3
1986-08-20 00:00:00,14.850000000000001,0.0
1986-08-20 09:00:00,14.15,0.0
1986-08-21 00:00:00,14.675,0.0
1986-08-21 09:00:00,15.2,1.55
1986-08-22 00:00:00,15.75,3.1
1986-08-22 09:00:00,16.3,3.7
1986-08-23 00:00:00,16.0,4.3
1986-08-23 09:00:00,15.7,2.8499999999999996
1986-08-24 00:00:00,15.425,1.4
1986-08-24 09:00:00,15.15,0.7
1986-08-25 00:00:00,15.325,0.0
1986-08-25 09:00:00,15.5,13.7
1986-08-26 00:00:00,15.25,27.4
1986-08-26 09:00:00,15.0,14.35
1986-08-27 00:00:00,14.275,1.3
1986-08-27 09:00:00,13.55,0.9
1986-08-28 00:00:00,13.8,0.5
1986-08-28 09:00:00,14.05,0.3
1986-08-29 00:00:00,13.075,0.1
1986-08-29 09:00:00,12.1,0.2
1986-08-30 00:00:00,12.925,0.3
1986-08-30 09:00:00,13.75,0.2
1986-08-31 00:00:00,13.1,0.1
1986-08-31 09:00:00,12.45,0.05
1986-09-01 00:00:00,13.575,0.0
1986-09-01 09:00:00,14.7,0.0
1986-09-02 00:00:00,14.524999999999999,0.0
1986-09-02 09:00:00,14.35,0.7
1986-09-03 00:00:00,15.475000000000001,1.4
1986-09-03 09:00:00,16.6,0.7999999999999999
1986-09-04 00:00:00,14.15,0.2
1986-09-04 09:00:00,11.7,0.1
1986-09-05 00:00:00,12.524999999999999,0.0
1986-09-05 09:00:00,13.35,0.0
1986-09-06 00:00:00,14.024999999999999,0.0
1986-09-06 09:00:00,14.7,0.0
1986-09-07 00:00:00,13.5,0.0
1986-09-07 09:00:00,12.3,0.0
1986-09-08 00:00:00,13.100000000000001,0.0
1986-09-08 09:00:00,13.9,0.0
1986-09-09 00:00:00,12.850000000000001,0.0
1986-09-09 09:00:00,11.8,0.0
1986-09-10 00:00:00,11.600000000000001,0.0
1986-09-10 09:00:00,11.4,0.0
1986-09-11 00:00:00,11.825,0.0
1986-09-11 09:00:00,12.25,0.0
1986-09-12 00:00:00,12.375,0.0
1986-09-12 09:00:00,12.5,0.0
1986-09-13 00:00:00,12.625,0.0
1986-09-13 09:00:00,12.75,8.5
1986-09-14 00:00:00,12.725,17.0
1986-09-14 09:00:00,12.7,8.55
1986-09-15 00:00:00,12.7,0.1
1986-09-15 09:00:00,12.7,2.7
1986-09-16 00:00:00,11.2,5.3
1986-09-16 09:00:00,9.7,2.65
1986-09-17 00:00:00,10.55,0.0
1986-09-17 09:00:00,11.4,0.0
1986-09-18 00:00:00,10.775,0.0
1986-09-18 09:00:00,10.15,0.0
1986-09-19 00:00:00,10.65,0.0
1986-09-19 09:00:00,11.15,0.0
1986-09-20 00:00:00,10.75,0.0
1986-09-20 09:00:00,10.35,0.0
1986-09-21 00:00:00,11.8,0.0
1986-09-21 09:00:00,13.25,0.0
1986-09-22 00:00:00,13.325,0.0
1986-09-22 09:00:00,13.4,0.0
1986-09-23 00:00:00,14.25,0.0
1986-09-23 09:00:00,15.1,0.0
1986-09-24 00:00:00,15.25,0.0
1986-09-24 09:00:00,15.4,0.0
1986-09-25 00:00:00,14.075,0.0
1986-09-25 09:00:00,12.75,0.0
1986-09-26 00:00:00,11.975,0.0
1986-09-26 09:00:00,11.2,0.0
1986-09-27 00:00:00,12.2,0.0
1986-09-27 09:00:00,13.2,0.0
1986-09-28 00:00:00,14.1,0.0
1986-09-28 09:00:00,15.0,0.0
1986-09-29 00:00:00,15.625,0.0
1986-09-29 09:00:00,16.25,0.0
1986-09-30 00:00:00,15.875,0.0
1986-09-30 09:00:00,15.5,0.0
1986-10-01 00:00:00,14.875,0.0
1986-10-01 09:00:00,14.25,0.0
1986-10-02 00:00:00,14.575,0.0
1986-10-02 09:00:00,14.9,0.0
1986-10-03 00:00:00,15.0,0.0
1986-10-03 09:00:00,15.1,0.0
1986-10-04 00:00:00,15.1,0.0
1986-10-04 09:00:00,15.1,0.0
1986-10-05 00:00:00,14.95,0.0
1986-10-05 09:00:00,14.8,0.0
1986-10-06 00:00:00,14.600000000000001,0.0
1986-10-06 09:00:00,14.4,0.0
1986-10-07 00:00:00,15.425,0.0
1986-10-07 09:00:00,16.45,0.0
1986-10-08 00:00:00,17.075,0.0
1986-10-08 09:00:00,17.7,0.0
1986-10-09 00:00:00,16.8,0.0
1986-10-09 09:00:00,15.9,0.0
1986-10-10 00:00:00,15.875,0.0
1986-10-10 09:00:00,15.85,0.1
1986-10-11 00:00:00,15.35,0.2
1986-10-11 09:00:00,14.85,0.1
1986-10-12 00:00:00,14.1,0.0
1986-10-12 09:00:00,13.35,0.0
1986-10-13 00:00:00,13.774999999999999,0.0
1986-10-13 09:00:00,14.2,0.0
1986-10-14 00:00:00,14.075,0.0
1986-10-14 09:00:00,13.95,8.65
1986-10-15 00:00:00,14.975,17.3
1986-10-15 09:00:00,16.0,8.700000000000001
1986-10-16 00:00:00,13.425,0.1
1986-10-16 09:00:00,10.85,0.05
1986-10-17 00:00:00,10.825,0.0
1986-10-17 09:00:00,10.8,0.85
1986-10-18 00:00:00,11.875,1.7
1986-10-18 09:00:00,12.95,1.7
1986-10-19 00:00:00,11.825,1.7
1986-10-19 09:00:00,10.7,5.3999999999999995
1986-10-20 00:00:00,11.125,9.1
1986-10-20 09:00:00,11.55,5.25
1986-10-21 00:00:00,11.625,1.4
1986-10-21 09:00:00,11.7,10.500000000000002
1986-10-22 00:00:00,12.325,19.6
1986-10-22 09:00:00,12.95,10.3
1986-10-23 00:00:00,11.2,1.0
1986-10-23 09:00:00,9.45,0.5
1986-10-24 00:00:00,8.45,0.0
1986-10-24 09:00:00,7.45,1.6
1986-10-25 00:00:00,9.05,3.2
1986-10-25 09:00:00,10.65,1.6
1986-10-26 00:00:00,9.875,0.0
1986-10-26 09:00:00,9.1,0.2
1986-10-27 00:00:00,9.524999999999999,0.4
1986-10-27 09:00:00,9.95,2.55
1986-10-28 00:00:00,11.899999999999999,4.7
1986-10-28 09:00:00,13.85,3.95
1986-10-29 00:00:00,12.274999999999999,3.2
1986-10-29 09:00:00,10.7,1.6
1986-10-30 00:00:00,10.625,0.0
1986-10-30 09:00:00,10.55,0.4
1986-10-31 00:00:00,10.425,0.8
1986-10-31 09:00:00,10.3,2.3499999999999996
1986-11-01 00:00:00,10.775,3.9
1986-11-01 09:00:00,11.25,3.7
1986-11-02 00:00:00,9.9,3.5
1986-11-02 09:00:00,8.55,1.75
1986-11-03 00:00:00,7.6000000000000005,0.0
1986-11-03 09:00:00,6.65,1.85
1986-11-04 00:00:00,7.075,3.7
1986-11-04 09:00:00,7.5,1.85
1986-11-05 00:00:00,7.875,0.0
1986-11-05 09:00:00,8.25,0.15
1986-11-06 00:00:00,8.175,0.3
1986-11-06 09:00:00,8.100000000000001,0.15
1986-11-07 00:00:00,8.475000000000001,0.0
1986-11-07 09:00:00,8.85,3.5
1986-11-08 00:00:00,9.675,7.0
1986-11-08 09:00:00,10.5,3.5
1986-11-09 00:00:00,9.225,0.0
1986-11-09 09:00:00,7.95,0.05
1986-11-10 00:00:00,10.05,0.1
1986-11-10 09:00:00,12.15,2.3000000000000003
1986-11-11 00:00:00,13.125,4.5
1986-11-11 09:00:00,14.1,2.9
1986-11-12 00:00:00,11.95,1.3
1986-11-12 09:00:00,9.8,0.8
1986-11-13 00:00:00,10.45,0.3
1986-11-13 09:00:00,11.1,1.9500000000000002
1986-11-14 00:00:00,11.5,3.6
1986-11-14 09:00:00,11.9,8.950000000000001
1986-11-15 00:00:00,11.525,14.3
1986-11-15 09:00:00,11.15,7.15
1986-11-16 00:00:00,10.525,0.0
1986-11-16 09:00:00,9.9,1.75
1986-11-17 00:00:00,9.325,3.5
1986-11-17 09:00:00,8.75,5.25
1986-11-18 00:00:00,8.75,7.0
1986-11-18 09:00:00,8.75,6.8
1986-11-19 00:00:00,10.425,6.6
1986-11-19 09:00:00,12.1,6.449999999999999
1986-11-20 00:00:00,10.6,6.3
1986-11-20 09:00:00,9.1,7.0
1986-11-21 00:00:00,8.024999999999999,7.7
1986-11-21 09:00:00,6.949999999999999,4.25
1986-11-22 00:00:00,7.375,0.8
1986-11-22 09:00:00,7.800000000000001,1.9000000000000001
1986-11-23 00:00:00,7.525,3.0
1986-11-23 09:00:00,7.25,1.75
1986-11-24 00:00:00,7.4,0.5
1986-11-24 09:00:00,7.550000000000001,0.85
1986-11-25 00:00:00,10.100000000000001,1.2
1986-11-25 09:00:00,12.65,1.9
1986-11-26 00:00:00,11.5,2.6
1986-11-26 09:00:00,10.35,1.7000000000000002
1986-11-27 00:00:00,8.7,0.8
1986-11-27 09:00:00,7.05,0.4
1986-11-28 00:00:00,7.225,0.0
1986-11-28 09:00:00,7.4,0.0
1986-11-29 00:00:00,7.325,0.0
1986-11-29 09:00:00,7.25,0.0
1986-11-30 00:00:00,5.75,0.0
1986-11-30 09:00:00,4.25,0.0
1986-12-01 00:00:00,5.775,0.0
1986-12-01 09:00:00,7.3,0.15
1986-12-02 00:00:00,9.075,0.3
1986-12-02 09:00:00,10.85,0.15
1986-12-03 00:00:00,11.125,0.0
1986-12-03 09:00:00,11.4,0.0
1986-12-04 00:00:00,11.925,0.0
1986-12-04 09:00:00,12.45,0.0
1986-12-05 00:00:00,12.725,0.0
1986-12-05 09:00:00,13.0,4.4
1986-12-06 00:00:00,10.625,8.8
1986-12-06 09:00:00,8.25,4.4
1986-12-07 00:00:00,7.0,0.0
1986-12-07 09:00:00,5.75,0.2
1986-12-08 00:00:00,7.725,0.4
1986-12-08 09:00:00,9.7,0.7
1986-12-09 00:00:00,9.875,1.0
1986-12-09 09:00:00,10.05,1.05
1986-12-10 00:00:00,7.75,1.1
1986-12-10 09:00:00,5.45,0.55
1986-12-11 00:00:00,5.625,0.0
1986-12-11 09:00:00,5.8,1.4
1986-12-12 00:00:00,5.475,2.8
1986-12-12 09:00:00,5.15,2.8
1986-12-13 00:00:00,5.85,2.8
1986-12-13 09:00:00,6.55,1.4
1986-12-14 00:00:00,6.35,0.0
1986-12-14 09:00:00,6.15,0.05
1986-12-15 00:00:00,5.275,0.1
1986-12-15 09:00:00,4.4,4.25
1986-12-16 00:00:00,5.425000000000001,8.4
1986-12-16 09:00:00,6.45,4.2
1986-12-17 00:00:00,5.675000000000001,0.0
1986-12-17 09:00:00,4.9,2.5
1986-12-18 00:00:00,6.45,5.0
1986-12-18 09:00:00,8.0,3.7
1986-12-19 00:00:00,7.575,2.4
1986-12-19 09:00:00,7.15,1.2
1986-12-20 00:00:00,5.8500000000000005,0.0
1986-12-20 09:00:00,4.550000000000001,0.0
1986-12-21 00:00:00,4.25,0.0
1986-12-21 09:00:00,3.95,0.6
1986-12-22 00:00:00,3.475,1.2
1986-12-22 09:00:00,3.0,0.6
1986-12-23 00:00:00,3.05,0.0
1986-12-23 09:00:00,3.1,0.0
1986-12-24 00:00:00,3.1500000000000004,0.0
1986-12-24 09:00:00,3.2,2.6
1986-12-25 00:00:00,4.074999999999999,5.2
1986-12-25 09:00:00,4.949999999999999,5.4
1986-12-26 00:00:00,5.475,5.6
1986-12-26 09:00:00,6.0,3.05
1986-12-27 00:00:00,4.85,0.5
1986-12-27 09:00:00,3.7,0.25
1986-12-28 00:00:00,4.25,0.0
1986-12-28 09:00:00,4.8,0.0
1986-12-29 00:00:00,6.9,0.0
1986-12-29 09:00:00,9.0,1.55
1986-12-30 00:00:00,9.775,3.1
1986-12-30 09:00:00,10.55,3.55
1986-12-31 00:00:00,10.05,4.0
1986-12-31 09:00:00,9.55,7.55
1987-01-01 00:00:00,9.275,11.1
1987-01-01 09:00:00,9.0,6.5
1987-01-02 00:00:00,8.45,1.9
1987-01-02 09:00:00,7.9,0.95
1987-01-03 00:00:00,6.45,0.0
1987-01-03 09:00:00,5.0,0.0
1987-01-04 00:00:00,4.15,0.0
1987-01-04 09:00:00,3.3000000000000003,2.85
1987-01-05 00:00:00,5.574999999999999,5.7
1987-01-05 09:00:00,7.85,2.85
1987-01-06 00:00:00,6.95,0.0
1987-01-06 09:00:00,6.050000000000001,0.0
1987-01-07 00:00:00,4.45,0.0
1987-01-07 09:00:00,2.85,0.0
1987-01-08 00:00:00,1.975,0.0
1987-01-08 09:00:00,1.1,0.0
1987-01-09 00:00:00,0.5000000000000001,0.0
1987-01-09 09:00:00,-0.0999999999999999,0.0
1987-01-10 00:00:00,0.9750000000000003,0.0
1987-01-10 09:00:00,2.0500000000000003,0.0
1987-01-11 00:00:00,0.07500000000000018,0.0
1987-01-11 09:00:00,-1.9,0.5
1987-01-12 00:00:00,-3.975,1.0
1987-01-12 09:00:00,-6.05,0.65
1987-01-13 00:00:00,-6.775,0.3
1987-01-13 09:00:00,-7.5,2.25
1987-01-14 00:00:00,-6.075,4.2
1987-01-14 09:00:00,-4.65,2.3
1987-01-15 00:00:00,-3.725,0.4
1987-01-15 09:00:00,-2.8,0.4
1987-01-16 00:00:00,-1.5999999999999999,0.4
1987-01-16 09:00:00,-0.4,0.2
1987-01-17 00:00:00,-0.17500000000000007,0.0
1987-01-17 09:00:00,0.0499999999999999,0.0
1987-01-18 00:00:00,-0.9,0.0
1987-01-18 09:00:00,-1.85,0.0
1987-01-19 00:00:00,-1.925,0.0
1987-01-19 09:00:00,-2.0,0.0
1987-01-20 00:00:00,-1.375,0.0
1987-01-20 09:00:00,-0.7500000000000001,0.0
1987-01-21 00:00:00,0.8999999999999998,0.0
1987-01-21 09:00:00,2.55,0.3
1987-01-22 00:00:00,3.875,0.6
1987-01-22 09:00:00,5.2,0.8500000000000001
1987-01-23 00:00:00,5.9,1.1
1987-01-23 09:00:00,6.6,0.55
1987-01-24 00:00:00,6.45,0.0
1987-01-24 09:00:00,6.300000000000001,0.0
1987-01-25 00:00:00,5.775,0.0
1987-01-25 09:00:00,5.25,0.0
1987-01-26 00:00:00,4.85,0.0
1987-01-26 09:00:00,4.45,0.0
1987-01-27 00:00:00,4.6,0.0
1987-01-27 09:00:00,4.75,0.0
1987-01-28 00:00:00,3.825,0.0
1987-01-28 09:00:00,2.9000000000000004,0.0
1987-01-29 00:00:00,2.75,0.0
1987-01-29 09:00:00,2.6,0.0
1987-01-30 00:00:00,2.0,0.0
1987-01-30 09:00:00,1.4,0.0
1987-01-31 00:00:00,0.2250000000000001,0.0
1987-01-31 09:00:00,-0.95,0.0
1987-02-01 00:00:00,-0.25,0.0
1987-02-01 09:00:00,0.4499999999999999,0.0
1987-02-02 00:00:00,1.5250000000000001,0.0
1987-02-02 09:00:00,2.6,0.0
1987-02-03 00:00:00,3.7,0.0
1987-02-03 09:00:00,4.8,0.0
1987-02-04 00:00:00,6.15,0.0
1987-02-04 09:00:00,7.5,0.0
1987-02-05 00:00:00,7.925,0.0
1987-02-05 09:00:00,8.35,0.0
1987-02-06 00:00:00,8.899999999999999,0.0
1987-02-06 09:00:00,9.45,0.35
1987-02-07 00:00:00,8.75,0.7
1987-02-07 09:00:00,8.05,0.35
1987-02-08 00:00:00,8.05,0.0
1987-02-08 09:00:00,8.05,0.7
1987-02-09 00:00:00,9.425,1.4
1987-02-09 09:00:00,10.8,0.85
1987-02-10 00:00:00,9.4,0.3
1987-02-10 09:00:00,8.0,0.15
1987-02-11 00:00:00,7.325,0.0
1987-02-11 09:00:00,6.65,0.5
1987-02-12 00:00:00,6.65,1.0
1987-02-12 09:00:00,6.65,0.55
1987-02-13 00:00:00,4.7,0.1
1987-02-13 09:00:00,2.75,6.1499999999999995
1987-02-14 00:00:00,3.8,12.2
1987-02-14 09:00:00,4.85,6.35
1987-02-15 00:00:00,3.775,0.5
1987-02-15 09:00:00,2.7,0.25
1987-02-16 00:00:00,2.725,0.0
1987-02-16 09:00:00,2.75,0.0
1987-02-17 00:00:00,2.275,0.0
1987-02-17 09:00:00,1.8,0.0
1987-02-18 00:00:00,1.8250000000000002,0.0
1987-02-18 09:00:00,1.85,0.05
1987-02-19 00:00:00,1.85,0.1
1987-02-19 09:00:00,1.85,0.25
1987-02-20 00:00:00,1.525,0.4
1987-02-20 09:00:00,1.2,0.2
1987-02-21 00:00:00,1.4,0.0
1987-02-21 09:00:00,1.6,0.1
1987-02-22 00:00:00,2.725,0.2
1987-02-22 09:00:00,3.85,0.15000000000000002
1987-02-23 00:00:00,4.15,0.1
1987-02-23 09:00:00,4.45,0.05
1987-02-24 00:00:00,4.325,0.0
1987-02-24 09:00:00,4.2,0.0
1987-02-25 00:00:00,2.925,0.0
1987-02-25 09:00:00,1.65,0.0
1987-02-26 00:00:00,2.15,0.0
1987-02-26 09:00:00,2.65,2.1
1987-02-27 00:00:00,4.699999999999999,4.2
1987-02-27 09:00:00,6.75,6.949999999999999
1987-02-28 00:00:00,8.775,9.7
1987-02-28 09:00:00,10.8,6.1499999999999995
1987-03-01 00:00:00,11.225000000000001,2.6
1987-03-01 09:00:00,11.65,3.8499999999999996
1987-03-02 00:00:00,10.925,5.1
1987-03-02 09:00:00,10.2,2.5999999999999996
1987-03-03 00:00:00,8.175,0.1
1987-03-03 09:00:00,6.15,0.1
1987-03-04 00:00:00,3.35,0.1
1987-03-04 09:00:00,0.5499999999999998,0.25
1987-03-05 00:00:00,1.275,0.4
1987-03-05 09:00:00,2.0,1.7000000000000002
1987-03-06 00:00:00,3.5999999999999996,3.0
1987-03-06 09:00:00,5.199999999999999,2.95
1987-03-07 00:00:00,4.0249999999999995,2.9
1987-03-07 09:00:00,2.85,4.25
1987-03-08 00:00:00,2.6500000000000004,5.6
1987-03-08 09:00:00,2.45,2.8
1987-03-09 00:00:00,2.675,0.0
1987-03-09 09:00:00,2.9,0.0
1987-03-10 00:00:00,2.65,0.0
1987-03-10 09:00:00,2.4,0.0
1987-03-11 00:00:00,2.875,0.0
1987-03-11 09:00:00,3.35,0.0
1987-03-12 00:00:00,2.9000000000000004,0.0
1987-03-12 09:00:00,2.45,0.0
1987-03-13 00:00:00,2.6,0.0
1987-03-13 09:00:00,2.75,0.0
1987-03-14 00:00:00,2.925,0.0
1987-03-14 09:00:00,3.1,0.0
1987-03-15 00:00:00,3.5250000000000004,0.0
1987-03-15 09:00:00,3.95,0.0
1987-03-16 00:00:00,4.7,0.0
1987-03-16 09:00:00,5.45,0.0
1987-03-17 00:00:00,5.824999999999999,0.0
1987-03-17 09:00:00,6.199999999999999,0.55
1987-03-18 00:00:00,7.074999999999999,1.1
1987-03-18 09:00:00,7.95,1.1
1987-03-19 00:00:00,6.2,1.1
1987-03-19 09:00:00,4.45,0.55
1987-03-20 00:00:00,4.425000000000001,0.0
1987-03-20 09:00:00,4.4,0.0
1987-03-21 00:00:00,4.4,0.0
1987-03-21 09:00:00,4.4,0.0
1987-03-22 00:00:00,4.175000000000001,0.0
1987-03-22 09:00:00,3.95,2.65
1987-03-23 00:00:00,5.824999999999999,5.3
1987-03-23 09:00:00,7.699999999999999,5.75
1987-03-24 00:00:00,8.825,6.2
1987-03-24 09:00:00,9.95,4.6
1987-03-25 00:00:00,10.575,3.0
1987-03-25 09:00:00,11.2,1.95
1987-03-26 00:00:00,9.35,0.9
1987-03-26 09:00:00,7.5,2.45
1987-03-27 00:00:00,8.55,4.0
1987-03-27 09:00:00,9.6,2.45
1987-03-28 00:00:00,8.899999999999999,0.9
1987-03-28 09:00:00,8.2,1.4
1987-03-29 00:00:00,6.9,1.9
1987-03-29 09:00:00,5.6000000000000005,1.25
1987-03-30 00:00:00,5.475,0.6
1987-03-30 09:00:00,5.35,0.3
1987-03-31 00:00:00,6.8999999999999995,0.0
1987-03-31 09:00:00,8.45,1.25
1987-04-01 00:00:00,8.875,2.5
1987-04-01 09:00:00,9.3,5.95
1987-04-02 00:00:00,8.075,9.4
1987-04-02 09:00:00,6.85,4.7
1987-04-03 00:00:00,7.249999999999999,0.0
1987-04-03 09:00:00,7.649999999999999,2.0
1987-04-04 00:00:00,8.174999999999999,4.0
1987-04-04 09:00:00,8.7,5.0
1987-04-05 00:00:00,7.6,6.0
1987-04-05 09:00:00,6.5,3.1
1987-04-06 00:00:00,8.95,0.2
1987-04-06 09:00:00,11.4,6.000000000000001
1987-04-07 00:00:00,11.275,11.8
1987-04-07 09:00:00,11.15,6.7
1987-04-08 00:00:00,10.850000000000001,1.6
1987-04-08 09:00:00,10.55,1.25
1987-04-09 00:00:00,10.625,0.9
1987-04-09 09:00:00,10.7,0.8
1987-04-10 00:00:00,10.05,0.7
1987-04-10 09:00:00,9.4,1.5499999999999998
1987-04-11 00:00:00,9.125,2.4
1987-04-11 09:00:00,8.85,1.2
1987-04-12 00:00:00,8.475000000000001,0.0
1987-04-12 09:00:00,8.100000000000001,0.0
1987-04-13 00:00:00,7.8500000000000005,0.0
1987-04-13 09:00:00,7.6,0.0
1987-04-14 00:00:00,8.55,0.0
1987-04-14 09:00:00,9.5,0.0
1987-04-15 00:00:00,10.025,0.0
1987-04-15 09:00:00,10.55,0.0
1987-04-16 00:00:00,10.925,0.0
1987-04-16 09:00:00,11.3,0.0
1987-04-17 00:00:00,12.45,0.0
1987-04-17 09:00:00,13.6,0.0
1987-04-18 00:00:00,14.625,0.0
1987-04-18 09:00:00,15.65,0.0
1987-04-19 00:00:00,15.4,0.0
1987-04-19 09:00:00,15.15,0.05
1987-04-20 00:00:00,14.025,0.1
1987-04-20 09:00:00,12.9,0.05
1987-04-21 00:00:00,11.225000000000001,0.0
1987-04-21 09:00:00,9.55,0.0
1987-04-22 00:00:00,11.575,0.0
1987-04-22 09:00:00,13.6,0.0
1987-04-23 00:00:00,12.95,0.0
1987-04-23 09:00:00,12.3,0.0
1987-04-24 00:00:00,13.8,0.0
1987-04-24 09:00:00,15.3,0.0
1987-04-25 00:00:00,15.875,0.0
1987-04-25 09:00:00,16.45,0.0
1987-04-26 00:00:00,15.825,0.0
1987-04-26 09:00:00,15.2,0.65
1987-04-27 00:00:00,15.799999999999999,1.3
1987-04-27 09:00:00,16.4,0.65
1987-04-28 00:00:00,15.299999999999999,0.0
1987-04-28 09:00:00,14.2,0.0
1987-04-29 00:00:00,15.6,0.0
1987-04-29 09:00:00,17.0,0.1
1987-04-30 00:00:00,17.35,0.2
1987-04-30 09:00:00,17.700000000000003,0.1
1987-05-01 00:00:00,16.05,0.0
1987-05-01 09:00:00,14.4,0.35
1987-05-02 00:00:00,12.825,0.7
1987-05-02 09:00:00,11.25,0.9
1987-05-03 00:00:00,10.65,1.1
1987-05-03 09:00:00,10.05,0.75
1987-05-04 00:00:00,8.675,0.4
1987-05-04 09:00:00,7.3,0.2
1987-05-05 00:00:00,8.25,0.0
1987-05-05 09:00:00,9.2,0.0
1987-05-06 00:00:00,9.899999999999999,0.0
1987-05-06 09:00:00,10.6,0.0
1987-05-07 00:00:00,11.35,0.0
1987-05-07 09:00:00,12.1,0.0
1987-05-08 00:00:00,11.6,0.0
1987-05-08 09:00:00,11.1,0.0
1987-05-09 00:00:00,12.274999999999999,0.0
1987-05-09 09:00:00,13.45,0.0
1987-05-10 00:00:00,14.625,0.0
1987-05-10 09:00:00,15.8,0.0
1987-05-11 00:00:00,13.475000000000001,0.0
1987-05-11 09:00:00,11.15,1.15
1987-05-12 00:00:00,11.95,2.3
1987-05-12 09:00:00,12.75,2.0
1987-05-13 00:00:00,11.2,1.7
1987-05-13 09:00:00,9.65,7.750000000000001
1987-05-14 00:00:00,10.05,13.8
1987-05-14 09:00:00,10.45,8.55
1987-05-15 00:00:00,10.475,3.3
1987-05-15 09:00:00,10.5,2.5999999999999996
1987-05-16 00:00:00,9.55,1.9
1987-05-16 09:00:00,8.6,0.95
1987-05-17 00:00:00,10.175,0.0
1987-05-17 09:00:00,11.75,2.35
1987-05-18 00:00:00,11.55,4.7
1987-05-18 09:00:00,11.35,2.8
1987-05-19 00:00:00,10.725,0.9
1987-05-19 09:00:00,10.1,0.45
1987-05-20 00:00:00,10.774999999999999,0.0
1987-05-20 09:00:00,11.45,0.05
1987-05-21 00:00:00,11.3,0.1
1987-05-21 09:00:00,11.15,0.30000000000000004
1987-05-22 00:00:00,10.875,0.5
1987-05-22 09:00:00,10.6,1.75
1987-05-23 00:00:00,10.675,3.0
1987-05-23 09:00:00,10.75,3.5
1987-05-24 00:00:00,10.325,4.0
1987-05-24 09:00:00,9.9,2.0
1987-05-25 00:00:00,11.375,0.0
1987-05-25 09:00:00,12.85,0.0
1987-05-26 00:00:00,13.149999999999999,0.0
1987-05-26 09:00:00,13.45,0.0
1987-05-27 00:00:00,14.625,0.0
1987-05-27 09:00:00,15.8,0.0
1987-05-28 00:00:00,15.100000000000001,0.0
1987-05-28 09:00:00,14.4,0.05
1987-05-29 00:00:00,14.65,0.1
1987-05-29 09:00:00,14.9,0.05
1987-05-30 00:00:00,15.75,0.0
1987-05-30 09:00:00,16.6,4.1
1987-05-31 00:00:00,16.5,8.2
1987-05-31 09:00:00,16.4,4.1
1987-06-01 00:00:00,16.25,0.0
1987-06-01 09:00:00,16.1,0.05
1987-06-02 00:00:00,16.425,0.1
1987-06-02 09:00:00,16.75,1.25
1987-06-03 00:00:00,15.15,2.4
1987-06-03 09:00:00,13.55,2.5999999999999996
1987-06-04 00:00:00,14.725000000000001,2.8
1987-06-04 09:00:00,15.9,10.399999999999999
1987-06-05 00:00:00,15.100000000000001,18.0
1987-06-05 09:00:00,14.3,11.65
1987-06-06 00:00:00,14.100000000000001,5.3
1987-06-06 09:00:00,13.9,2.6999999999999997
1987-06-07 00:00:00,14.15,0.1
1987-06-07 09:00:00,14.4,1.85
1987-06-08 00:00:00,13.850000000000001,3.6
1987-06-08 09:00:00,13.3,4.25
1987-06-09 00:00:00,12.475000000000001,4.9
1987-06-09 09:00:00,11.65,2.8000000000000003
1987-06-10 00:00:00,10.850000000000001,0.7
1987-06-10 09:00:00,10.05,3.75
1987-06-11 00:00:00,12.05,6.8
1987-06-11 09:00:00,14.05,6.35
1987-06-12 00:00:00,13.175,5.9
1987-06-12 09:00:00,12.3,3.5
1987-06-13 00:00:00,12.975000000000001,1.1
1987-06-13 09:00:00,13.65,6.65
1987-06-14 00:00:00,13.475000000000001,12.2
1987-06-14 09:00:00,13.3,7.6
1987-06-15 00:00:00,12.175,3.0
1987-06-15 09:00:00,11.05,1.55
1987-06-16 00:00:00,11.875,0.1
1987-06-16 09:00:00,12.7,3.5500000000000003
1987-06-17 00:00:00,12.975,7.0
1987-06-17 09:00:00,13.25,6.3
1987-06-18 00:00:00,12.825,5.6
1987-06-18 09:00:00,12.4,6.8999999999999995
1987-06-19 00:00:00,13.775,8.2
1987-06-19 09:00:00,15.15,10.85
1987-06-20 00:00:00,14.15,13.5
1987-06-20 09:00:00,13.15,7.7
1987-06-21 00:00:00,14.2,1.9
1987-06-21 09:00:00,15.25,1.15
1987-06-22 00:00:00,15.35,0.4
1987-06-22 09:00:00,15.45,1.85
1987-06-23 00:00:00,14.7,3.3
1987-06-23 09:00:00,13.95,1.8499999999999999
1987-06-24 00:00:00,14.95,0.4
1987-06-24 09:00:00,15.95,1.2000000000000002
1987-06-25 00:00:00,15.7,2.0
1987-06-25 09:00:00,15.45,2.0
1987-06-26 00:00:00,15.3,2.0
1987-06-26 09:00:00,15.15,1.05
1987-06-27 00:00:00,16.3,0.1
1987-06-27 09:00:00,17.45,0.05
1987-06-28 00:00:00,18.825,0.0
1987-06-28 09:00:00,20.2,0.0
1987-06-29 00:00:00,21.0,0.0
1987-06-29 09:00:00,21.8,0.0
1987-06-30 00:00:00,22.5,0.0
1987-06-30 09:00:00,23.200000000000003,0.0
1987-07-01 00:00:00,21.150000000000002,0.0
1987-07-01 09:00:00,19.1,0.0
1987-07-02 00:00:00,18.35,0.0
1987-07-02 09:00:00,17.6,0.0
1987-07-03 00:00:00,17.7,0.0
1987-07-03 09:00:00,17.799999999999997,0.0
1987-07-04 00:00:00,17.599999999999998,0.0
1987-07-04 09:00:00,17.4,0.0
1987-07-05 00:00:00,18.575,0.0
1987-07-05 09:00:00,19.75,0.0
1987-07-06 00:00:00,20.45,0.0
1987-07-06 09:00:00,21.15,0.05
1987-07-07 00:00:00,22.175,0.1
1987-07-07 09:00:00,23.200000000000003,0.05
1987-07-08 00:00:00,21.400000000000002,0.0
1987-07-08 09:00:00,19.6,0.0
1987-07-09 00:00:00,19.05,0.0
1987-07-09 09:00:00,18.5,0.0
1987-07-10 00:00:00,18.925,0.0
1987-07-10 09:00:00,19.35,0.0
1987-07-11 00:00:00,20.150000000000002,0.0
1987-07-11 09:00:00,20.950000000000003,0.0
1987-07-12 00:00:00,20.25,0.0
1987-07-12 09:00:00,19.55,0.0
1987-07-13 00:00:00,19.1,0.0
1987-07-13 09:00:00,18.65,0.0
1987-07-14 00:00:00,19.575,0.0
1987-07-14 09:00:00,20.5,0.95
1987-07-15 00:00:00,20.55,1.9
1987-07-15 09:00:00,20.6,6.65
1987-07-16 00:00:00,19.0,11.4
1987-07-16 09:00:00,17.4,7.75
1987-07-17 00:00:00,16.799999999999997,4.1
1987-07-17 09:00:00,16.2,4.449999999999999
1987-07-18 00:00:00,15.8,4.8
1987-07-18 09:00:00,15.4,8.899999999999999
1987-07-19 00:00:00,15.125,13.0
1987-07-19 09:00:00,14.85,21.25
1987-07-20 00:00:00,15.425,29.5
1987-07-20 09:00:00,16.0,16.55
1987-07-21 00:00:00,16.45,3.6
1987-07-21 09:00:00,16.9,4.8
1987-07-22 00:00:00,16.0,6.0
1987-07-22 09:00:00,15.1,3.05
1987-07-23 00:00:00,15.475,0.1
1987-07-23 09:00:00,15.85,0.05
1987-07-24 00:00:00,15.7,0.0
1987-07-24 09:00:00,15.55,0.2
1987-07-25 00:00:00,15.7,0.4
1987-07-25 09:00:00,15.85,0.2
1987-07-26 00:00:00,14.8,0.0
1987-07-26 09:00:00,13.75,2.35
1987-07-27 00:00:00,15.4,4.7
1987-07-27 09:00:00,17.05,2.65
1987-07-28 00:00:00,16.8,0.6
1987-07-28 09:00:00,16.55,0.6
1987-07-29 00:00:00,17.75,0.6
1987-07-29 09:00:00,18.950000000000003,6.1
1987-07-30 00:00:00,18.55,11.6
1987-07-30 09:00:00,18.15,6.7
1987-07-31 00:00:00,17.575,1.8
1987-07-31 09:00:00,17.0,0.9
1987-08-01 00:00:00,18.5,0.0
1987-08-01 09:00:00,20.0,3.45
1987-08-02 00:00:00,18.775,6.9
1987-08-02 09:00:00,17.55,3.6
1987-08-03 00:00:00,17.5,0.3
1987-08-03 09:00:00,17.45,0.8499999999999999
1987-08-04 00:00:00,16.924999999999997,1.4
1987-08-04 09:00:00,16.4,1.6
1987-08-05 00:00:00,15.35,1.8
1987-08-05 09:00:00,14.3,0.9
1987-08-06 00:00:00,14.350000000000001,0.0
1987-08-06 09:00:00,14.4,0.0
1987-08-07 00:00:00,14.825,0.0
1987-08-07 09:00:00,15.25,0.0
1987-08-08 00:00:00,15.475,0.0
1987-08-08 09:00:00,15.7,0.0
1987-08-09 00:00:00,15.649999999999999,0.0
1987-08-09 09:00:00,15.6,0.0
1987-08-10 00:00:00,15.149999999999999,0.0
1987-08-10 09:00:00,14.7,0.0
1987-08-11 00:00:00,14.899999999999999,0.0
1987-08-11 09:00:00,15.1,0.55
1987-08-12 00:00:00,15.575,1.1
1987-08-12 09:00:00,16.049999999999997,0.55
1987-08-13 00:00:00,17.4,0.0
1987-08-13 09:00:00,18.75,0.25
1987-08-14 00:00:00,18.5,0.5
1987-08-14 09:00:00,18.25,0.25
1987-08-15 00:00:00,18.475,0.0
1987-08-15 09:00:00,18.7,0.0
1987-08-16 00:00:00,19.25,0.0
1987-08-16 09:00:00,19.8,0.0
1987-08-17 00:00:00,21.075000000000003,0.0
1987-08-17 09:00:00,22.35,0.6
1987-08-18 00:00:00,21.325000000000003,1.2
1987-08-18 09:00:00,20.3,0.6
1987-08-19 00:00:00,19.700000000000003,0.0
1987-08-19 09:00:00,19.1,0.0
1987-08-20 00:00:00,19.9,0.0
1987-08-20 09:00:00,20.7,0.0
1987-08-21 00:00:00,22.225,0.0
1987-08-21 09:00:00,23.75,6.2
1987-08-22 00:00:00,23.8,12.4
1987-08-22 09:00:00,23.85,8.6
1987-08-23 00:00:00,21.675,4.8
1987-08-23 09:00:00,19.5,2.4
1987-08-24 00:00:00,18.8,0.0
1987-08-24 09:00:00,18.1,2.7
1987-08-25 00:00:00,16.950000000000003,5.4
1987-08-25 09:00:00,15.8,12.149999999999999
1987-08-26 00:00:00,14.625,18.9
1987-08-26 09:00:00,13.45,11.35
1987-08-27 00:00:00,14.274999999999999,3.8
1987-08-27 09:00:00,15.1,1.9
1987-08-28 00:00:00,14.2,0.0
1987-08-28 09:00:00,13.3,0.0
1987-08-29 00:00:00,16.700000000000003,0.0
1987-08-29 09:00:00,20.1,0.0
1987-08-30 00:00:00,18.8,0.0
1987-08-30 09:00:00,17.5,0.0
1987-08-31 00:00:00,17.675,0.0
1987-08-31 09:00:00,17.85,0.0
1987-09-01 00:00:00,16.9,0.0
1987-09-01 09:00:00,15.95,0.8
1987-09-02 00:00:00,18.5,1.6
1987-09-02 09:00:00,21.05,0.8
1987-09-03 00:00:00,19.950000000000003,0.0
1987-09-03 09:00:00,18.85,0.1
1987-09-04 00:00:00,17.75,0.2
1987-09-04 09:00:00,16.65,0.8500000000000001
1987-09-05 00:00:00,16.75,1.5
1987-09-05 09:00:00,16.85,5.8
1987-09-06 00:00:00,16.025,10.1
1987-09-06 09:00:00,15.2,5.6499999999999995
1987-09-07 00:00:00,15.799999999999999,1.2
1987-09-07 09:00:00,16.4,0.7
1987-09-08 00:00:00,15.424999999999999,0.2
1987-09-08 09:00:00,14.45,0.1
1987-09-09 00:00:00,15.0,0.0
1987-09-09 09:00:00,15.55,0.6
1987-09-10 00:00:00,16.4,1.2
1987-09-10 09:00:00,17.25,0.6
1987-09-11 00:00:00,16.6,0.0
1987-09-11 09:00:00,15.95,0.9
1987-09-12 00:00:00,17.275,1.8
1987-09-12 09:00:00,18.6,4.8
1987-09-13 00:00:00,17.65,7.8
1987-09-13 09:00:00,16.7,3.9499999999999997
1987-09-14 00:00:00,15.5,0.1
1987-09-14 09:00:00,14.3,0.05
1987-09-15 00:00:00,14.775,0.0
1987-09-15 09:00:00,15.25,0.0
1987-09-16 00:00:00,15.899999999999999,0.0
1987-09-16 09:00:00,16.549999999999997,0.05
1987-09-17 00:00:00,17.099999999999998,0.1
1987-09-17 09:00:00,17.65,0.7499999999999999
1987-09-18 00:00:00,19.174999999999997,1.4
1987-09-18 09:00:00,20.7,1.0
1987-09-19 00:00:00,19.25,0.6
1987-09-19 09:00:00,17.799999999999997,2.4
1987-09-20 00:00:00,17.0,4.2
1987-09-20 09:00:00,16.200000000000003,2.1
1987-09-21 00:00:00,18.35,0.0
1987-09-21 09:00:00,20.5,0.35
1987-09-22 00:00:00,19.625,0.7
1987-09-22 09:00:00,18.75,0.35
1987-09-23 00:00:00,16.925,0.0
1987-09-23 09:00:00,15.1,4.1
1987-09-24 00:00:00,15.175,8.2
1987-09-24 09:00:00,15.25,4.199999999999999
1987-09-25 00:00:00,13.6,0.2
1987-09-25 09:00:00,11.95,0.1
1987-09-26 00:00:00,11.85,0.0
1987-09-26 09:00:00,11.75,0.0
1987-09-27 00:00:00,11.625,0.0
1987-09-27 09:00:00,11.5,0.0
1987-09-28 00:00:00,11.925,0.0
1987-09-28 09:00:00,12.35,0.0
1987-09-29 00:00:00,11.425,0.0
1987-09-29 09:00:00,10.5,0.0
1987-09-30 00:00:00,11.8,0.0
1987-09-30 09:00:00,13.1,0.0
1987-10-01 00:00:00,12.625,0.0
1987-10-01 09:00:00,12.15,0.0
1987-10-02 00:00:00,12.75,0.0
1987-10-02 09:00:00,13.35,0.1
1987-10-03 00:00:00,14.3,0.2
1987-10-03 09:00:00,15.25,3.6
1987-10-04 00:00:00,15.3,7.0
1987-10-04 09:00:00,15.35,3.65
1987-10-05 00:00:00,16.125,0.3
1987-10-05 09:00:00,16.9,0.35
1987-10-06 00:00:00,16.799999999999997,0.4
1987-10-06 09:00:00,16.7,3.1999999999999997
1987-10-07 00:00:00,14.425,6.0
1987-10-07 09:00:00,12.15,10.65
1987-10-08 00:00:00,12.475000000000001,15.3
1987-10-08 09:00:00,12.8,8.2
1987-10-09 00:00:00,11.75,1.1
1987-10-09 09:00:00,10.7,20.8
1987-10-10 00:00:00,12.2,40.5
1987-10-10 09:00:00,13.7,26.75
1987-10-11 00:00:00,11.375,13.0
1987-10-11 09:00:00,9.05,6.6
1987-10-12 00:00:00,9.675,0.2
1987-10-12 09:00:00,10.3,0.95
1987-10-13 00:00:00,10.975000000000001,1.7
1987-10-13 09:00:00,11.65,1.3
1987-10-14 00:00:00,11.100000000000001,0.9
1987-10-14 09:00:00,10.55,5.4
1987-10-15 00:00:00,10.9,9.9
1987-10-15 09:00:00,11.25,16.1
1987-10-16 00:00:00,12.475,22.3
1987-10-16 09:00:00,13.7,14.65
1987-10-17 00:00:00,12.725,7.0
1987-10-17 09:00:00,11.75,3.5
1987-10-18 00:00:00,12.475,0.0
1987-10-18 09:00:00,13.2,0.0
1987-10-19 00:00:00,13.95,0.0
1987-10-19 09:00:00,14.7,0.35
1987-10-20 00:00:00,14.899999999999999,0.7
1987-10-20 09:00:00,15.1,16.400000000000002
1987-10-21 00:00:00,14.075,32.1
1987-10-21 09:00:00,13.05,16.5
1987-10-22 00:00:00,12.275,0.9
1987-10-22 09:00:00,11.5,0.45
1987-10-23 00:00:00,10.775,0.0
1987-10-23 09:00:00,10.05,0.0
1987-10-24 00:00:00,9.325000000000001,0.0
1987-10-24 09:00:00,8.600000000000001,0.0
1987-10-25 00:00:00,8.075000000000001,0.0
1987-10-25 09:00:00,7.55,0.25
1987-10-26 00:00:00,8.775,0.5
1987-10-26 09:00:00,10.0,0.35
1987-10-27 00:00:00,10.475,0.2
1987-10-27 09:00:00,10.95,0.1
1987-10-28 00:00:00,11.524999999999999,0.0
1987-10-28 09:00:00,12.1,0.0
1987-10-29 00:00:00,10.325,0.0
1987-10-29 09:00:00,8.55,0.0
1987-10-30 00:00:00,8.925,0.0
1987-10-30 09:00:00,9.3,0.05
1987-10-31 00:00:00,10.4,0.1
1987-10-31 09:00:00,11.5,0.9999999999999999
1987-11-01 00:00:00,11.85,1.9
1987-11-01 09:00:00,12.2,0.95
1987-11-02 00:00:00,10.85,0.0
1987-11-02 09:00:00,9.5,0.0
1987-11-03 00:00:00,9.025,0.0
1987-11-03 09:00:00,8.55,0.0
1987-11-04 00:00:00,9.2,0.0
1987-11-04 09:00:00,9.85,0.0
1987-11-05 00:00:00,10.399999999999999,0.0
1987-11-05 09:00:00,10.95,0.0
1987-11-06 00:00:00,9.9,0.0
1987-11-06 09:00:00,8.850000000000001,0.0
1987-11-07 00:00:00,8.05,0.0
1987-11-07 09:00:00,7.25,0.0
1987-11-08 00:00:00,6.775,0.0
1987-11-08 09:00:00,6.300000000000001,3.25
1987-11-09 00:00:00,6.7,6.5
1987-11-09 09:00:00,7.1,3.9
1987-11-10 00:00:00,7.6000000000000005,1.3
1987-11-10 09:00:00,8.100000000000001,1.85
1987-11-11 00:00:00,7.825000000000001,2.4
1987-11-11 09:00:00,7.55,11.000000000000002
1987-11-12 00:00:00,8.45,19.6
1987-11-12 09:00:00,9.35,9.8
1987-11-13 00:00:00,8.4,0.0
1987-11-13 09:00:00,7.45,0.7
1987-11-14 00:00:00,6.4,1.4
1987-11-14 09:00:00,5.35,1.9
1987-11-15 00:00:00,6.35,2.4
1987-11-15 09:00:00,7.35,1.3499999999999999
1987-11-16 00:00:00,8.95,0.3
1987-11-16 09:00:00,10.55,0.2
1987-11-17 00:00:00,10.55,0.1
1987-11-17 09:00:00,10.55,0.05
1987-11-18 00:00:00,10.2,0.0
1987-11-18 09:00:00,9.85,0.85
1987-11-19 00:00:00,10.325,1.7
1987-11-19 09:00:00,10.8,5.95
1987-11-20 00:00:00,9.95,10.2
1987-11-20 09:00:00,9.1,5.1
1987-11-21 00:00:00,8.275,0.0
1987-11-21 09:00:00,7.45,0.35
1987-11-22 00:00:00,7.85,0.7
1987-11-22 09:00:00,8.25,2.75
1987-11-23 00:00:00,7.25,4.8
1987-11-23 09:00:00,6.25,2.75
1987-11-24 00:00:00,5.825,0.7
1987-11-24 09:00:00,5.4,0.35
1987-11-25 00:00:00,6.65,0.0
1987-11-25 09:00:00,7.9,0.0
1987-11-26 00:00:00,7.35,0.0
1987-11-26 09:00:00,6.8,0.0
1987-11-27 00:00:00,5.975,0.0
1987-11-27 09:00:00,5.15,0.0
1987-11-28 00:00:00,4.7,0.0
1987-11-28 09:00:00,4.25,0.0
1987-11-29 00:00:00,3.5,0.0
1987-11-29 09:00:00,2.75,0.0
1987-11-30 00:00:00,2.75,0.0
1987-11-30 09:00:00,2.75,0.0
1987-12-01 00:00:00,4.3,0.0
1987-12-01 09:00:00,5.85,0.3
1987-12-02 00:00:00,6.1,0.6
1987-12-02 09:00:00,6.35,0.3
1987-12-03 00:00:00,5.475,0.0
1987-12-03 09:00:00,4.6,0.0
1987-12-04 00:00:00,4.199999999999999,0.0
1987-12-04 09:00:00,3.8,0.0
1987-12-05 00:00:00,4.8,0.0
1987-12-05 09:00:00,5.8,0.1
1987-12-06 00:00:00,6.375,0.2
1987-12-06 09:00:00,6.95,0.15000000000000002
1987-12-07 00:00:00,6.25,0.1
1987-12-07 09:00:00,5.55,0.1
1987-12-08 00:00:00,4.35,0.1
1987-12-08 09:00:00,3.1500000000000004,0.05
1987-12-09 00:00:00,3.0,0.0
1987-12-09 09:00:00,2.85,0.0
1987-12-10 00:00:00,2.75,0.0
1987-12-10 09:00:00,2.65,0.0
1987-12-11 00:00:00,2.3,0.0
1987-12-11 09:00:00,1.95,0.0
1987-12-12 00:00:00,2.7,0.0
1987-12-12 09:00:00,3.45,0.0
1987-12-13 00:00:00,3.85,0.0
1987-12-13 09:00:00,4.25,0.0
1987-12-14 00:00:00,4.225,0.0
1987-12-14 09:00:00,4.2,0.1
1987-12-15 00:00:00,3.225,0.2
1987-12-15 09:00:00,2.25,3.6
1987-12-16 00:00:00,4.275,7.0
1987-12-16 09:00:00,6.3,3.95
1987-12-17 00:00:00,9.05,0.9
1987-12-17 09:00:00,11.8,0.65
1987-12-18 00:00:00,12.375,0.4
1987-12-18 09:00:00,12.95,0.2
1987-12-19 00:00:00,11.625,0.0
1987-12-19 09:00:00,10.3,0.0
1987-12-20 00:00:00,9.925,0.0
1987-12-20 09:00:00,9.55,0.0
1987-12-21 00:00:00,9.975000000000001,0.0
1987-12-21 09:00:00,10.4,0.0
1987-12-22 00:00:00,9.75,0.0
1987-12-22 09:00:00,9.1,0.0
1987-12-23 00:00:00,8.05,0.0
1987-12-23 09:00:00,7.0,0.0
1987-12-24 00:00:00,5.925,0.0
1987-12-24 09:00:00,4.85,0.15
1987-12-25 00:00:00,6.55,0.3
1987-12-25 09:00:00,8.25,0.15
1987-12-26 00:00:00,7.75,0.0
1987-12-26 09:00:00,7.25,0.0
1987-12-27 00:00:00,8.925,0.0
1987-12-27 09:00:00,10.6,0.0
1987-12-28 00:00:00,11.35,0.0
1987-12-28 09:00:00,12.1,0.0
1987-12-29 00:00:00,12.3,0.0
1987-12-29 09:00:00,12.5,0.4
1987-12-30 00:00:00,11.875,0.8
1987-12-30 09:00:00,11.25,2.0
1987-12-31 00:00:00,10.975,3.2
1987-12-31 09:00:00,10.7,1.6
1988-01-01 00:00:00,9.8,0.0
1988-01-01 09:00:00,8.9,0.95
1988-01-02 00:00:00,10.0,1.9
1988-01-02 09:00:00,11.1,3.0
1988-01-03 00:00:00,10.475,4.1
1988-01-03 09:00:00,9.85,3.4499999999999997
1988-01-04 00:00:00,8.975,2.8
1988-01-04 09:00:00,8.1,5.15
1988-01-05 00:00:00,8.35,7.5
1988-01-05 09:00:00,8.6,6.9
1988-01-06 00:00:00,8.575,6.3
1988-01-06 09:00:00,8.55,3.4
1988-01-07 00:00:00,7.425000000000001,0.5
1988-01-07 09:00:00,6.3,0.25
1988-01-08 00:00:00,4.775,0.0
1988-01-08 09:00:00,3.25,0.5
1988-01-09 00:00:00,6.15,1.0
1988-01-09 09:00:00,9.05,1.3
1988-01-10 00:00:00,9.5,1.6
1988-01-10 09:00:00,9.95,0.9
1988-01-11 00:00:00,7.8999999999999995,0.2
1988-01-11 09:00:00,5.85,0.2
1988-01-12 00:00:00,5.925,0.2
1988-01-12 09:00:00,6.0,1.1500000000000001
1988-01-13 00:00:00,6.5,2.1
1988-01-13 09:00:00,7.0,4.550000000000001
1988-01-14 00:00:00,6.975,7.0
1988-01-14 09:00:00,6.95,4.1
1988-01-15 00:00:00,6.800000000000001,1.2
1988-01-15 09:00:00,6.65,0.6
1988-01-16 00:00:00,4.975,0.0
1988-01-16 09:00:00,3.3,0.0
1988-01-17 00:00:00,2.675,0.0
1988-01-17 09:00:00,2.05,0.0
1988-01-18 00:00:00,2.575,0.0
1988-01-18 09:00:00,3.1,0.0
1988-01-19 00:00:00,5.225,0.0
1988-01-19 09:00:00,7.35,0.6
1988-01-20 00:00:00,7.75,1.2
1988-01-20 09:00:00,8.15,1.75
1988-01-21 00:00:00,6.325,2.3
1988-01-21 09:00:00,4.5,6.55
1988-01-22 00:00:00,4.175,10.8
1988-01-22 09:00:00,3.85,5.5
1988-01-23 00:00:00,2.975,0.2
1988-01-23 09:00:00,2.1,3.1
1988-01-24 00:00:00,4.449999999999999,6.0
1988-01-24 09:00:00,6.8,9.85
1988-01-25 00:00:00,7.475,13.7
1988-01-25 09:00:00,8.15,9.149999999999999
1988-01-26 00:00:00,7.575,4.6
1988-01-26 09:00:00,7.0,2.3
1988-01-27 00:00:00,6.725,0.0
1988-01-27 09:00:00,6.45,6.35
1988-01-28 00:00:00,6.0,12.7
1988-01-28 09:00:00,5.55,12.8
1988-01-29 00:00:00,6.449999999999999,12.9
1988-01-29 09:00:00,7.35,13.2
1988-01-30 00:00:00,6.449999999999999,13.5
1988-01-30 09:00:00,5.55,6.75
1988-01-31 00:00:00,5.300000000000001,0.0
1988-01-31 09:00:00,5.050000000000001,3.5
1988-02-01 00:00:00,5.575,7.0
1988-02-01 09:00:00,6.1,4.0
1988-02-02 00:00:00,7.125,1.0
1988-02-02 09:00:00,8.15,1.4
1988-02-03 00:00:00,6.925000000000001,1.8
1988-02-03 09:00:00,5.7,1.9500000000000002
1988-02-04 00:00:00,6.25,2.1
1988-02-04 09:00:00,6.8,2.95
1988-02-05 00:00:00,6.199999999999999,3.8
1988-02-05 09:00:00,5.6,1.9
1988-02-06 00:00:00,5.95,0.0
1988-02-06 09:00:00,6.300000000000001,0.0
1988-02-07 00:00:00,5.275,0.0
1988-02-07 09:00:00,4.25,1.55
1988-02-08 00:00:00,4.625,3.1
1988-02-08 09:00:00,5.0,3.35
1988-02-09 00:00:00,5.85,3.6
1988-02-09 09:00:00,6.7,2.5
1988-02-10 00:00:00,6.1,1.4
1988-02-10 09:00:00,5.5,1.35
1988-02-11 00:00:00,5.325,1.3
1988-02-11 09:00:00,5.15,0.65
1988-02-12 00:00:00,4.7,0.0
1988-02-12 09:00:00,4.25,0.05
1988-02-13 00:00:00,4.275,0.1
1988-02-13 09:00:00,4.3,0.6
1988-02-14 00:00:00,6.199999999999999,1.1
1988-02-14 09:00:00,8.1,0.55
1988-02-15 00:00:00,8.025,0.0
1988-02-15 09:00:00,7.95,0.0
1988-02-16 00:00:00,8.775,0.0
1988-02-16 09:00:00,9.6,0.0
1988-02-17 00:00:00,7.5,0.0
1988-02-17 09:00:00,5.4,0.0
1988-02-18 00:00:00,5.975,0.0
1988-02-18 09:00:00,6.55,0.0
1988-02-19 00:00:00,7.449999999999999,0.0
1988-02-19 09:00:00,8.35,0.0
1988-02-20 00:00:00,8.6,0.0
1988-02-20 09:00:00,8.85,0.0
1988-02-21 00:00:00,8.675,0.0
1988-02-21 09:00:00,8.5,0.0
1988-02-22 00:00:00,8.2,0.0
1988-02-22 09:00:00,7.9,0.0
1988-02-23 00:00:00,7.2,0.0
1988-02-23 09:00:00,6.5,0.0
1988-02-24 00:00:00,5.55,0.0
1988-02-24 09:00:00,4.6,0.95
1988-02-25 00:00:00,4.0,1.9
1988-02-25 09:00:00,3.4,1.25
1988-02-26 00:00:00,2.95,0.6
1988-02-26 09:00:00,2.5,0.3
1988-02-27 00:00:00,2.875,0.0
1988-02-27 09:00:00,3.25,0.0
1988-02-28 00:00:00,4.5,0.0
1988-02-28 09:00:00,5.75,0.45
1988-02-29 00:00:00,5.525,0.9
1988-02-29 09:00:00,5.3,0.45
1988-03-01 00:00:00,4.1,0.0
1988-03-01 09:00:00,2.9000000000000004,0.0
1988-03-02 00:00:00,2.75,0.0
1988-03-02 09:00:00,2.6,0.45
1988-03-03 00:00:00,3.5,0.9
1988-03-03 09:00:00,4.4,3.8499999999999996
1988-03-04 00:00:00,4.625,6.8
1988-03-04 09:00:00,4.85,3.4
1988-03-05 00:00:00,3.4499999999999997,0.0
1988-03-05 09:00:00,2.05,0.0
1988-03-06 00:00:00,3.525,0.0
1988-03-06 09:00:00,5.0,0.05
1988-03-07 00:00:00,6.3,0.1
1988-03-07 09:00:00,7.6,0.05
1988-03-08 00:00:00,7.449999999999999,0.0
1988-03-08 09:00:00,7.3,0.0
1988-03-09 00:00:00,7.574999999999999,0.0
1988-03-09 09:00:00,7.85,0.85
1988-03-10 00:00:00,8.475,1.7
1988-03-10 09:00:00,9.1,0.85
1988-03-11 00:00:00,8.075,0.0
1988-03-11 09:00:00,7.05,0.0
1988-03-12 00:00:00,8.35,0.0
1988-03-12 09:00:00,9.65,0.0
1988-03-13 00:00:00,9.15,0.0
1988-03-13 09:00:00,8.65,2.45
1988-03-14 00:00:00,8.275,4.9
1988-03-14 09:00:00,7.9,5.5
1988-03-15 00:00:00,7.875,6.1
1988-03-15 09:00:00,7.85,5.6
1988-03-16 00:00:00,8.5,5.1
1988-03-16 09:00:00,9.15,2.5999999999999996
1988-03-17 00:00:00,8.7,0.1
1988-03-17 09:00:00,8.25,0.25
1988-03-18 00:00:00,7.775,0.4
1988-03-18 09:00:00,7.300000000000001,3.3499999999999996
1988-03-19 00:00:00,8.2,6.3
1988-03-19 09:00:00,9.1,3.8499999999999996
1988-03-20 00:00:00,10.1,1.4
1988-03-20 09:00:00,11.1,6.6
1988-03-21 00:00:00,11.0,11.8
1988-03-21 09:00:00,10.9,6.0
1988-03-22 00:00:00,10.2,0.2
1988-03-22 09:00:00,9.5,0.6000000000000001
1988-03-23 00:00:00,9.625,1.0
1988-03-23 09:00:00,9.75,0.65
1988-03-24 00:00:00,10.0,0.3
1988-03-24 09:00:00,10.25,3.8
1988-03-25 00:00:00,10.2,7.3
1988-03-25 09:00:00,10.15,3.85
1988-03-26 00:00:00,10.100000000000001,0.4
1988-03-26 09:00:00,10.05,0.2
1988-03-27 00:00:00,9.350000000000001,0.0
1988-03-27 09:00:00,8.65,0.05
1988-03-28 00:00:00,8.25,0.1
1988-03-28 09:00:00,7.85,0.85
1988-03-29 00:00:00,7.85,1.6
1988-03-29 09:00:00,7.85,6.5
1988-03-30 00:00:00,7.6,11.4
1988-03-30 09:00:00,7.35,5.7
1988-03-31 00:00:00,7.1499999999999995,0.0
1988-03-31 09:00:00,6.949999999999999,0.0
1988-04-01 00:00:00,6.925,0.0
1988-04-01 09:00:00,6.9,0.0
1988-04-02 00:00:00,8.65,0.0
1988-04-02 09:00:00,10.4,0.0
1988-04-03 00:00:00,10.125,0.0
1988-04-03 09:00:00,9.85,0.0
1988-04-04 00:00:00,10.0,0.0
1988-04-04 09:00:00,10.15,0.0
1988-04-05 00:00:00,9.225000000000001,0.0
1988-04-05 09:00:00,8.3,0.0
1988-04-06 00:00:00,7.9,0.0
1988-04-06 09:00:00,7.5,0.0
1988-04-07 00:00:00,8.175,0.0
1988-04-07 09:00:00,8.85,0.0
1988-04-08 00:00:00,9.3,0.0
1988-04-08 09:00:00,9.75,2.4
1988-04-09 00:00:00,8.475,4.8
1988-04-09 09:00:00,7.199999999999999,2.65
1988-04-10 00:00:00,5.675,0.5
1988-04-10 09:00:00,4.15,0.25
1988-04-11 00:00:00,5.8500000000000005,0.0
1988-04-11 09:00:00,7.550000000000001,0.0
1988-04-12 00:00:00,9.45,0.0
1988-04-12 09:00:00,11.35,0.0
1988-04-13 00:00:00,10.2,0.0
1988-04-13 09:00:00,9.05,0.0
1988-04-14 00:00:00,8.15,0.0
1988-04-14 09:00:00,7.25,0.0
1988-04-15 00:00:00,8.475,0.0
1988-04-15 09:00:00,9.7,1.0
1988-04-16 00:00:00,11.125,2.0
1988-04-16 09:00:00,12.55,3.5
1988-04-17 00:00:00,12.8,5.0
1988-04-17 09:00:00,13.05,2.5
1988-04-18 00:00:00,13.775,0.0
1988-04-18 09:00:00,14.5,1.65
1988-04-19 00:00:00,15.35,3.3
1988-04-19 09:00:00,16.2,4.85
1988-04-20 00:00:00,14.95,6.4
1988-04-20 09:00:00,13.7,3.2
1988-04-21 00:00:00,13.475,0.0
1988-04-21 09:00:00,13.25,0.0
1988-04-22 00:00:00,12.9,0.0
1988-04-22 09:00:00,12.55,0.0
1988-04-23 00:00:00,10.575,0.0
1988-04-23 09:00:00,8.6,0.0
1988-04-24 00:00:00,7.4,0.0
1988-04-24 09:00:00,6.2,0.0
1988-04-25 00:00:00,6.45,0.0
1988-04-25 09:00:00,6.7,0.0
1988-04-26 00:00:00,7.275,0.0
1988-04-26 09:00:00,7.85,0.2
1988-04-27 00:00:00,9.475,0.4
1988-04-27 09:00:00,11.1,3.3499999999999996
1988-04-28 00:00:00,9.525,6.3
1988-04-28 09:00:00,7.95,3.25
1988-04-29 00:00:00,8.75,0.2
1988-04-29 09:00:00,9.55,0.8
1988-04-30 00:00:00,9.850000000000001,1.4
1988-04-30 09:00:00,10.15,1.75
1988-05-01 00:00:00,11.850000000000001,2.1
1988-05-01 09:00:00,13.55,1.6
1988-05-02 00:00:00,13.175,1.1
1988-05-02 09:00:00,12.8,0.75
1988-05-03 00:00:00,12.875,0.4
1988-05-03 09:00:00,12.95,0.6000000000000001
1988-05-04 00:00:00,12.975,0.8
1988-05-04 09:00:00,13.0,2.95
1988-05-05 00:00:00,12.275,5.1
1988-05-05 09:00:00,11.55,2.55
1988-05-06 00:00:00,11.875,0.0
1988-05-06 09:00:00,12.2,0.0
1988-05-07 00:00:00,13.774999999999999,0.0
1988-05-07 09:00:00,15.35,4.0
1988-05-08 00:00:00,15.95,8.0
1988-05-08 09:00:00,16.55,4.2
1988-05-09 00:00:00,17.125,0.4
1988-05-09 09:00:00,17.7,0.2
1988-05-10 00:00:00,15.274999999999999,0.0
1988-05-10 09:00:00,12.85,0.0
1988-05-11 00:00:00,12.475,0.0
1988-05-11 09:00:00,12.1,1.4
1988-05-12 00:00:00,11.8,2.8
1988-05-12 09:00:00,11.5,1.4
1988-05-13 00:00:00,13.175,0.0
1988-05-13 09:00:00,14.85,0.0
1988-05-14 00:00:00,15.7,0.0
1988-05-14 09:00:00,16.55,0.0
1988-05-15 00:00:00,17.25,0.0
1988-05-15 09:00:00,17.95,0.0
1988-05-16 00:00:00,17.1,0.0
1988-05-16 09:00:00,16.25,0.0
1988-05-17 00:00:00,15.525,0.0
1988-05-17 09:00:00,14.8,0.4
1988-05-18 00:00:00,14.375,0.8
1988-05-18 09:00:00,13.95,0.4
1988-05-19 00:00:00,12.0,0.0
1988-05-19 09:00:00,10.05,0.0
1988-05-20 00:00:00,9.45,0.0
1988-05-20 09:00:00,8.85,0.0
1988-05-21 00:00:00,10.125,0.0
1988-05-21 09:00:00,11.4,0.0
1988-05-22 00:00:00,12.275,0.0
1988-05-22 09:00:00,13.15,0.0
1988-05-23 00:00:00,13.475000000000001,0.0
1988-05-23 09:00:00,13.8,0.65
1988-05-24 00:00:00,13.625,1.3
1988-05-24 09:00:00,13.45,0.65
1988-05-25 00:00:00,14.5,0.0
1988-05-25 09:00:00,15.55,0.1
1988-05-26 00:00:00,16.225,0.2
1988-05-26 09:00:00,16.9,0.8
1988-05-27 00:00:00,15.049999999999999,1.4
1988-05-27 09:00:00,13.2,0.7
1988-05-28 00:00:00,14.05,0.0
1988-05-28 09:00:00,14.9,0.85
1988-05-29 00:00:00,15.100000000000001,1.7
1988-05-29 09:00:00,15.3,2.6
1988-05-30 00:00:00,14.2,3.5
1988-05-30 09:00:00,13.1,7.25
1988-05-31 00:00:00,13.0,11.0
1988-05-31 09:00:00,12.9,5.75
1988-06-01 00:00:00,12.875,0.5
1988-06-01 09:00:00,12.85,0.35
1988-06-02 00:00:00,14.399999999999999,0.2
1988-06-02 09:00:00,15.95,0.1
1988-06-03 00:00:00,14.55,0.0
1988-06-03 09:00:00,13.15,2.8
1988-06-04 00:00:00,13.4,5.6
1988-06-04 09:00:00,13.65,4.3
1988-06-05 00:00:00,13.0,3.0
1988-06-05 09:00:00,12.35,1.5
1988-06-06 00:00:00,12.7,0.0
1988-06-06 09:00:00,13.05,0.0
1988-06-07 00:00:00,13.075,0.0
1988-06-07 09:00:00,13.1,1.05
1988-06-08 00:00:00,13.675,2.1
1988-06-08 09:00:00,14.25,6.25
1988-06-09 00:00:00,14.275,10.4
1988-06-09 09:00:00,14.3,5.45
1988-06-10 00:00:00,13.525,0.5
1988-06-10 09:00:00,12.75,0.45
1988-06-11 00:00:00,12.6,0.4
1988-06-11 09:00:00,12.45,0.2
1988-06-12 00:00:00,13.05,0.0
1988-06-12 09:00:00,13.65,0.0
1988-06-13 00:00:00,14.575,0.0
1988-06-13 09:00:00,15.5,0.0
1988-06-14 00:00:00,16.2,0.0
1988-06-14 09:00:00,16.9,0.0
1988-06-15 00:00:00,17.025,0.0
1988-06-15 09:00:00,17.15,0.0
1988-06-16 00:00:00,16.95,0.0
1988-06-16 09:00:00,16.75,0.0
1988-06-17 00:00:00,15.75,0.0
1988-06-17 09:00:00,14.75,0.05
1988-06-18 00:00:00,14.275,0.1
1988-06-18 09:00:00,13.8,0.05
1988-06-19 00:00:00,14.75,0.0
1988-06-19 09:00:00,15.7,0.0
1988-06-20 00:00:00,17.475,0.0
1988-06-20 09:00:00,19.25,0.0
1988-06-21 00:00:00,19.25,0.0
1988-06-21 09:00:00,19.25,0.0
1988-06-22 00:00:00,18.65,0.0
1988-06-22 09:00:00,18.05,0.0
1988-06-23 00:00:00,17.35,0.0
1988-06-23 09:00:00,16.65,0.0
1988-06-24 00:00:00,17.975,0.0
1988-06-24 09:00:00,19.3,0.0
1988-06-25 00:00:00,18.625,0.0
1988-06-25 09:00:00,17.95,0.4
1988-06-26 00:00:00,18.7,0.8
1988-06-26 09:00:00,19.45,0.45
1988-06-27 00:00:00,17.950000000000003,0.1
1988-06-27 09:00:00,16.450000000000003,1.4000000000000001
1988-06-28 00:00:00,15.55,2.7
1988-06-28 09:00:00,14.65,1.5
1988-06-29 00:00:00,15.025,0.3
1988-06-29 09:00:00,15.4,0.15
1988-06-30 00:00:00,16.475,0.0
1988-06-30 09:00:00,17.55,2.9
1988-07-01 00:00:00,18.825000000000003,5.8
1988-07-01 09:00:00,20.1,4.25
1988-07-02 00:00:00,17.700000000000003,2.7
1988-07-02 09:00:00,15.3,2.45
1988-07-03 00:00:00,14.8,2.2
1988-07-03 09:00:00,14.3,6.750000000000001
1988-07-04 00:00:00,14.325,11.3
1988-07-04 09:00:00,14.35,7.65
1988-07-05 00:00:00,14.8,4.0
1988-07-05 09:00:00,15.25,3.75
1988-07-06 00:00:00,16.025,3.5
1988-07-06 09:00:00,16.8,4.55
1988-07-07 00:00:00,16.225,5.6
1988-07-07 09:00:00,15.65,3.4
1988-07-08 00:00:00,15.575,1.2
1988-07-08 09:00:00,15.5,0.6
1988-07-09 00:00:00,15.75,0.0
1988-07-09 09:00:00,16.0,0.0
1988-07-10 00:00:00,16.0,0.0
1988-07-10 09:00:00,16.0,0.95
1988-07-11 00:00:00,15.7,1.9
1988-07-11 09:00:00,15.4,1.15
1988-07-12 00:00:00,15.774999999999999,0.4
1988-07-12 09:00:00,16.15,3.4999999999999996
1988-07-13 00:00:00,16.575,6.6
1988-07-13 09:00:00,17.0,3.4499999999999997
1988-07-14 00:00:00,15.975,0.3
1988-07-14 09:00:00,14.95,0.8
1988-07-15 00:00:00,15.2,1.3
1988-07-15 09:00:00,15.45,1.15
1988-07-16 00:00:00,15.125,1.0
1988-07-16 09:00:00,14.8,4.8
1988-07-17 00:00:00,15.700000000000001,8.6
1988-07-17 09:00:00,16.6,4.3999999999999995
1988-07-18 00:00:00,16.825000000000003,0.2
1988-07-18 09:00:00,17.05,0.1
1988-07-19 00:00:00,16.875,0.0
1988-07-19 09:00:00,16.7,0.0
1988-07-20 00:00:00,17.475,0.0
1988-07-20 09:00:00,18.25,0.0
1988-07-21 00:00:00,18.175,0.0
1988-07-21 09:00:00,18.1,3.1
1988-07-22 00:00:00,18.925,6.2
1988-07-22 09:00:00,19.75,7.75
1988-07-23 00:00:00,19.4,9.3
1988-07-23 09:00:00,19.05,5.15
1988-07-24 00:00:00,17.975,1.0
1988-07-24 09:00:00,16.9,0.5
1988-07-25 00:00:00,16.875,0.0
1988-07-25 09:00:00,16.85,0.05
1988-07-26 00:00:00,16.725,0.1
1988-07-26 09:00:00,16.6,0.55
1988-07-27 00:00:00,16.375,1.0
1988-07-27 09:00:00,16.15,0.6
1988-07-28 00:00:00,16.725,0.2
1988-07-28 09:00:00,17.3,0.1
1988-07-29 00:00:00,15.875,0.0
1988-07-29 09:00:00,14.45,0.05
1988-07-30 00:00:00,14.8,0.1
1988-07-30 09:00:00,15.15,0.30000000000000004
1988-07-31 00:00:00,15.425,0.5
1988-07-31 09:00:00,15.7,0.3
1988-08-01 00:00:00,15.95,0.1
1988-08-01 09:00:00,16.2,0.05
1988-08-02 00:00:00,16.475,0.0
1988-08-02 09:00:00,16.75,1.2
1988-08-03 00:00:00,15.625,2.4
1988-08-03 09:00:00,14.5,1.2
1988-08-04 00:00:00,15.399999999999999,0.0
1988-08-04 09:00:00,16.299999999999997,0.0
1988-08-05 00:00:00,17.474999999999998,0.0
1988-08-05 09:00:00,18.65,0.0
1988-08-06 00:00:00,18.549999999999997,0.0
1988-08-06 09:00:00,18.45,0.0
1988-08-07 00:00:00,20.174999999999997,0.0
1988-08-07 09:00:00,21.9,0.0
1988-08-08 00:00:00,21.575,0.0
1988-08-08 09:00:00,21.25,0.05
1988-08-09 00:00:00,21.125,0.1
1988-08-09 09:00:00,21.0,0.05
1988-08-10 00:00:00,19.875,0.0
1988-08-10 09:00:00,18.75,0.0
1988-08-11 00:00:00,17.75,0.0
1988-08-11 09:00:00,16.75,0.25
1988-08-12 00:00:00,17.1,0.5
1988-08-12 09:00:00,17.45,0.7
1988-08-13 00:00:00,16.975,0.9
1988-08-13 09:00:00,16.5,0.45
1988-08-14 00:00:00,17.1,0.0
1988-08-14 09:00:00,17.7,0.0
1988-08-15 00:00:00,17.4,0.0
1988-08-15 09:00:00,17.1,0.0
1988-08-16 00:00:00,17.475,0.0
1988-08-16 09:00:00,17.85,0.0
1988-08-17 00:00:00,18.200000000000003,0.0
1988-08-17 09:00:00,18.55,0.0
1988-08-18 00:00:00,19.1,0.0
1988-08-18 09:00:00,19.65,2.3
1988-08-19 00:00:00,20.25,4.6
1988-08-19 09:00:00,20.85,4.699999999999999
1988-08-20 00:00:00,19.05,4.8
1988-08-20 09:00:00,17.25,3.65
1988-08-21 00:00:00,16.95,2.5
1988-08-21 09:00:00,16.65,1.35
1988-08-22 00:00:00,15.424999999999999,0.2
1988-08-22 09:00:00,14.2,0.1
1988-08-23 00:00:00,14.725,0.0
1988-08-23 09:00:00,15.25,0.75
1988-08-24 00:00:00,16.125,1.5
1988-08-24 09:00:00,17.0,1.4
1988-08-25 00:00:00,16.2,1.3
1988-08-25 09:00:00,15.4,0.65
1988-08-26 00:00:00,15.0,0.0
1988-08-26 09:00:00,14.6,0.0
1988-08-27 00:00:00,16.275000000000002,0.0
1988-08-27 09:00:00,17.950000000000003,0.0
1988-08-28 00:00:00,18.25,0.0
1988-08-28 09:00:00,18.55,0.75
1988-08-29 00:00:00,16.25,1.5
1988-08-29 09:00:00,13.95,0.75
1988-08-30 00:00:00,14.899999999999999,0.0
1988-08-30 09:00:00,15.85,0.95
1988-08-31 00:00:00,16.25,1.9
1988-08-31 09:00:00,16.65,9.649999999999999
1988-09-01 00:00:00,16.549999999999997,17.4
1988-09-01 09:00:00,16.45,10.299999999999999
1988-09-02 00:00:00,15.675,3.2
1988-09-02 09:00:00,14.9,2.35
1988-09-03 00:00:00,14.625,1.5
1988-09-03 09:00:00,14.35,0.75
1988-09-04 00:00:00,14.225,0.0
1988-09-04 09:00:00,14.1,0.45
1988-09-05 00:00:00,15.25,0.9
1988-09-05 09:00:00,16.4,0.45
1988-09-06 00:00:00,16.299999999999997,0.0
1988-09-06 09:00:00,16.2,0.0
1988-09-07 00:00:00,17.475,0.0
1988-09-07 09:00:00,18.75,0.0
1988-09-08 00:00:00,19.5,0.0
1988-09-08 09:00:00,20.25,0.0
1988-09-09 00:00:00,20.075,0.0
1988-09-09 09:00:00,19.9,0.0
1988-09-10 00:00:00,18.575,0.0
1988-09-10 09:00:00,17.25,0.0
1988-09-11 00:00:00,17.675,0.0
1988-09-11 09:00:00,18.1,0.1
1988-09-12 00:00:00,16.15,0.2
1988-09-12 09:00:00,14.2,0.5
1988-09-13 00:00:00,14.024999999999999,0.8
1988-09-13 09:00:00,13.85,0.9
1988-09-14 00:00:00,13.524999999999999,1.0
1988-09-14 09:00:00,13.2,0.5
1988-09-15 00:00:00,12.825,0.0
1988-09-15 09:00:00,12.45,0.0
1988-09-16 00:00:00,13.274999999999999,0.0
1988-09-16 09:00:00,14.1,0.0
1988-09-17 00:00:00,15.575,0.0
1988-09-17 09:00:00,17.05,0.0
1988-09-18 00:00:00,16.225,0.0
1988-09-18 09:00:00,15.4,0.0
1988-09-19 00:00:00,14.625,0.0
1988-09-19 09:00:00,13.85,0.0
1988-09-20 00:00:00,13.524999999999999,0.0
1988-09-20 09:00:00,13.2,0.0
1988-09-21 00:00:00,12.875,0.0
1988-09-21 09:00:00,12.55,1.2
1988-09-22 00:00:00,14.0,2.4
1988-09-22 09:00:00,15.45,3.8499999999999996
1988-09-23 00:00:00,14.899999999999999,5.3
1988-09-23 09:00:00,14.35,2.65
1988-09-24 00:00:00,14.325,0.0
1988-09-24 09:00:00,14.3,1.35
1988-09-25 00:00:00,14.95,2.7
1988-09-25 09:00:00,15.6,1.35
1988-09-26 00:00:00,16.85,0.0
1988-09-26 09:00:00,18.1,1.75
1988-09-27 00:00:00,17.65,3.5
1988-09-27 09:00:00,17.2,6.25
1988-09-28 00:00:00,15.774999999999999,9.0
1988-09-28 09:00:00,14.35,5.55
1988-09-29 00:00:00,13.1,2.1
1988-09-29 09:00:00,11.85,1.05
1988-09-30 00:00:00,10.925,0.0
1988-09-30 09:00:00,10.0,0.0
1988-10-01 00:00:00,9.85,0.0
1988-10-01 09:00:00,9.7,0.0
1988-10-02 00:00:00,9.95,0.0
1988-10-02 09:00:00,10.2,0.0
1988-10-03 00:00:00,11.875,0.0
1988-10-03 09:00:00,13.55,0.0
1988-10-04 00:00:00,13.925,0.0
1988-10-04 09:00:00,14.3,0.25
1988-10-05 00:00:00,14.2,0.5
1988-10-05 09:00:00,14.1,3.25
1988-10-06 00:00:00,13.55,6.0
1988-10-06 09:00:00,13.0,6.1
1988-10-07 00:00:00,12.725,6.2
1988-10-07 09:00:00,12.45,3.15
1988-10-08 00:00:00,11.225,0.1
1988-10-08 09:00:00,10.0,10.45
1988-10-09 00:00:00,11.075,20.8
1988-10-09 09:00:00,12.15,15.95
1988-10-10 00:00:00,11.075,11.1
1988-10-10 09:00:00,10.0,5.55
1988-10-11 00:00:00,9.85,0.0
1988-10-11 09:00:00,9.7,0.65
1988-10-12 00:00:00,10.524999999999999,1.3
1988-10-12 09:00:00,11.35,2.75
1988-10-13 00:00:00,11.375,4.2
1988-10-13 09:00:00,11.4,2.1
1988-10-14 00:00:00,11.75,0.0
1988-10-14 09:00:00,12.1,0.0
1988-10-15 00:00:00,13.375,0.0
1988-10-15 09:00:00,14.65,0.0
1988-10-16 00:00:00,14.3,0.0
1988-10-16 09:00:00,13.95,0.0
1988-10-17 00:00:00,13.925,0.0
1988-10-17 09:00:00,13.9,0.35
1988-10-18 00:00:00,13.850000000000001,0.7
1988-10-18 09:00:00,13.8,0.39999999999999997
1988-10-19 00:00:00,15.25,0.1
1988-10-19 09:00:00,16.7,1.55
1988-10-20 00:00:00,16.35,3.0
1988-10-20 09:00:00,16.0,1.5
1988-10-21 00:00:00,14.775,0.0
1988-10-21 09:00:00,13.55,0.0
1988-10-22 00:00:00,13.7,0.0
1988-10-22 09:00:00,13.85,0.0
1988-10-23 00:00:00,14.325,0.0
1988-10-23 09:00:00,14.8,0.05
1988-10-24 00:00:00,14.25,0.1
1988-10-24 09:00:00,13.7,2.45
1988-10-25 00:00:00,14.175,4.8
1988-10-25 09:00:00,14.65,2.4
1988-10-26 00:00:00,14.875,0.0
1988-10-26 09:00:00,15.1,0.05
1988-10-27 00:00:00,15.850000000000001,0.1
1988-10-27 09:00:00,16.6,0.05
1988-10-28 00:00:00,15.075000000000001,0.0
1988-10-28 09:00:00,13.55,0.0
1988-10-29 00:00:00,11.8,0.0
1988-10-29 09:00:00,10.05,0.0
1988-10-30 00:00:00,8.325,0.0
1988-10-30 09:00:00,6.6,0.0
1988-10-31 00:00:00,6.475,0.0
1988-10-31 09:00:00,6.35,0.0
1988-11-01 00:00:00,5.9,0.0
1988-11-01 09:00:00,5.45,0.0
1988-11-02 00:00:00,6.074999999999999,0.0
1988-11-02 09:00:00,6.699999999999999,0.0
1988-11-03 00:00:00,7.1499999999999995,0.0
1988-11-03 09:00:00,7.6,0.0
1988-11-04 00:00:00,6.475,0.0
1988-11-04 09:00:00,5.35,0.0
1988-11-05 00:00:00,4.1,0.0
1988-11-05 09:00:00,2.85,0.0
1988-11-06 00:00:00,4.4,0.0
1988-11-06 09:00:00,5.95,0.0
1988-11-07 00:00:00,5.975,0.0
1988-11-07 09:00:00,6.0,0.0
1988-11-08 00:00:00,6.875,0.0
1988-11-08 09:00:00,7.75,1.85
1988-11-09 00:00:00,8.9,3.7
1988-11-09 09:00:00,10.05,1.85
1988-11-10 00:00:00,12.375,0.0
1988-11-10 09:00:00,14.7,0.05
1988-11-11 00:00:00,13.625,0.1
1988-11-11 09:00:00,12.55,0.55
1988-11-12 00:00:00,12.425,1.0
1988-11-12 09:00:00,12.3,0.5
1988-11-13 00:00:00,10.450000000000001,0.0
1988-11-13 09:00:00,8.600000000000001,0.0
1988-11-14 00:00:00,7.65,0.0
1988-11-14 09:00:00,6.699999999999999,0.0
1988-11-15 00:00:00,5.949999999999999,0.0
1988-11-15 09:00:00,5.2,0.0
1988-11-16 00:00:00,6.1,0.0
1988-11-16 09:00:00,7.0,0.0
1988-11-17 00:00:00,8.625,0.0
1988-11-17 09:00:00,10.25,0.2
1988-11-18 00:00:00,10.725,0.4
1988-11-18 09:00:00,11.2,0.30000000000000004
1988-11-19 00:00:00,9.575,0.2
1988-11-19 09:00:00,7.95,1.7499999999999998
1988-11-20 00:00:00,5.975,3.3
1988-11-20 09:00:00,4.0,1.8499999999999999
1988-11-21 00:00:00,3.725,0.4
1988-11-21 09:00:00,3.45,0.2
1988-11-22 00:00:00,2.3,0.0
1988-11-22 09:00:00,1.15,0.0
1988-11-23 00:00:00,1.2999999999999998,0.0
1988-11-23 09:00:00,1.45,0.0
1988-11-24 00:00:00,1.5499999999999998,0.0
1988-11-24 09:00:00,1.65,0.0
1988-11-25 00:00:00,2.775,0.0
1988-11-25 09:00:00,3.9,0.0
1988-11-26 00:00:00,3.375,0.0
1988-11-26 09:00:00,2.85,0.0
1988-11-27 00:00:00,3.125,0.0
1988-11-27 09:00:00,3.4000000000000004,0.15
1988-11-28 00:00:00,3.5,0.3
1988-11-28 09:00:00,3.6,0.44999999999999996
1988-11-29 00:00:00,6.300000000000001,0.6
1988-11-29 09:00:00,9.0,6.6
1988-11-30 00:00:00,9.625,12.6
1988-11-30 09:00:00,10.25,6.3
1988-12-01 00:00:00,9.4,0.0
1988-12-01 09:00:00,8.55,0.0
1988-12-02 00:00:00,7.050000000000001,0.0
1988-12-02 09:00:00,5.55,0.55
1988-12-03 00:00:00,4.35,1.1
1988-12-03 09:00:00,3.15,3.85
1988-12-04 00:00:00,5.075,6.6
1988-12-04 09:00:00,7.0,3.6999999999999997
1988-12-05 00:00:00,7.175,0.8
1988-12-05 09:00:00,7.35,0.4
1988-12-06 00:00:00,6.6499999999999995,0.0
1988-12-06 09:00:00,5.949999999999999,0.0
1988-12-07 00:00:00,5.449999999999999,0.0
1988-12-07 09:00:00,4.95,0.0
1988-12-08 00:00:00,5.35,0.0
1988-12-08 09:00:00,5.75,0.1
1988-12-09 00:00:00,7.5,0.2
1988-12-09 09:00:00,9.25,0.1
1988-12-10 00:00:00,10.05,0.0
1988-12-10 09:00:00,10.85,0.0
1988-12-11 00:00:00,10.899999999999999,0.0
1988-12-11 09:00:00,10.95,0.25
1988-12-12 00:00:00,10.3,0.5
1988-12-12 09:00:00,9.65,0.25
1988-12-13 00:00:00,7.9,0.0
1988-12-13 09:00:00,6.15,0.4
1988-12-14 00:00:00,7.3,0.8
1988-12-14 09:00:00,8.45,0.4
1988-12-15 00:00:00,8.1,0.0
1988-12-15 09:00:00,7.75,0.0
1988-12-16 00:00:00,7.7,0.0
1988-12-16 09:00:00,7.65,0.2
1988-12-17 00:00:00,7.025,0.4
1988-12-17 09:00:00,6.4,0.2
1988-12-18 00:00:00,6.175000000000001,0.0
1988-12-18 09:00:00,5.95,0.0
1988-12-19 00:00:00,7.275,0.0
1988-12-19 09:00:00,8.6,0.85
1988-12-20 00:00:00,8.475,1.7
1988-12-20 09:00:00,8.35,0.85
1988-12-21 00:00:00,7.825,0.0
1988-12-21 09:00:00,7.300000000000001,0.0
1988-12-22 00:00:00,9.05,0.0
1988-12-22 09:00:00,10.8,0.1
1988-12-23 00:00:00,10.850000000000001,0.2
1988-12-23 09:00:00,10.9,0.1
1988-12-24 00:00:00,10.95,0.0
1988-12-24 09:00:00,11.0,0.0
1988-12-25 00:00:00,11.0,0.0
1988-12-25 09:00:00,11.0,0.0
1988-12-26 00:00:00,11.2,0.0
1988-12-26 09:00:00,11.4,1.0
1988-12-27 00:00:00,11.100000000000001,2.0
1988-12-27 09:00:00,10.8,1.0
1988-12-28 00:00:00,10.425,0.0
1988-12-28 09:00:00,10.05,0.0
1988-12-29 00:00:00,9.675,0.0
1988-12-29 09:00:00,9.3,0.05
1988-12-30 00:00:00,8.775,0.1
1988-12-30 09:00:00,8.25,0.05
1988-12-31 00:00:00,8.125,0.0
1988-12-31 09:00:00,8.0,0.0
1989-01-01 00:00:00,8.25,0.0
1989-01-01 09:00:00,8.5,0.0
1989-01-02 00:00:00,8.175,0.0
1989-01-02 09:00:00,7.85,0.0
1989-01-03 00:00:00,7.199999999999999,0.0
1989-01-03 09:00:00,6.55,0.05
1989-01-04 00:00:00,6.85,0.1
1989-01-04 09:00:00,7.15,0.05
1989-01-05 00:00:00,6.875,0.0
1989-01-05 09:00:00,6.6,2.4
1989-01-06 00:00:00,6.85,4.8
1989-01-06 09:00:00,7.1,2.4
1989-01-07 00:00:00,8.425,0.0
1989-01-07 09:00:00,9.75,0.0
1989-01-08 00:00:00,10.05,0.0
1989-01-08 09:00:00,10.35,0.1
1989-01-09 00:00:00,10.0,0.2
1989-01-09 09:00:00,9.65,0.8
1989-01-10 00:00:00,8.975000000000001,1.4
1989-01-10 09:00:00,8.3,0.7
1989-01-11 00:00:00,6.300000000000001,0.0
1989-01-11 09:00:00,4.300000000000001,0.15
1989-01-12 00:00:00,5.8500000000000005,0.3
1989-01-12 09:00:00,7.4,1.9000000000000001
1989-01-13 00:00:00,6.75,3.5
1989-01-13 09:00:00,6.1,3.85
1989-01-14 00:00:00,7.825,4.2
1989-01-14 09:00:00,9.55,2.1
1989-01-15 00:00:00,9.0,0.0
1989-01-15 09:00:00,8.45,0.0
1989-01-16 00:00:00,8.774999999999999,0.0
1989-01-16 09:00:00,9.1,0.95
1989-01-17 00:00:00,7.85,1.9
1989-01-17 09:00:00,6.6,1.5
1989-01-18 00:00:00,5.675,1.1
1989-01-18 09:00:00,4.75,0.55
1989-01-19 00:00:00,4.275,0.0
1989-01-19 09:00:00,3.8,0.0
1989-01-20 00:00:00,4.15,0.0
1989-01-20 09:00:00,4.5,2.15
1989-01-21 00:00:00,5.300000000000001,4.3
1989-01-21 09:00:00,6.1000000000000005,3.2
1989-01-22 00:00:00,6.175000000000001,2.1
1989-01-22 09:00:00,6.25,1.05
1989-01-23 00:00:00,5.85,0.0
1989-01-23 09:00:00,5.449999999999999,0.0
1989-01-24 00:00:00,6.725,0.0
1989-01-24 09:00:00,8.0,0.0
1989-01-25 00:00:00,6.625,0.0
1989-01-25 09:00:00,5.25,0.0
1989-01-26 00:00:00,4.7,0.0
1989-01-26 09:00:00,4.15,0.0
1989-01-27 00:00:00,6.0249999999999995,0.0
1989-01-27 09:00:00,7.899999999999999,0.0
1989-01-28 00:00:00,8.424999999999999,0.0
1989-01-28 09:00:00,8.95,2.55
1989-01-29 00:00:00,6.949999999999999,5.1
1989-01-29 09:00:00,4.949999999999999,2.55
1989-01-30 00:00:00,4.625,0.0
1989-01-30 09:00:00,4.3,0.0
1989-01-31 00:00:00,4.925,0.0
1989-01-31 09:00:00,5.55,0.0
1989-02-01 00:00:00,5.35,0.0
1989-02-01 09:00:00,5.15,0.0
1989-02-02 00:00:00,3.95,0.0
1989-02-02 09:00:00,2.75,0.0
1989-02-03 00:00:00,3.1,0.0
1989-02-03 09:00:00,3.45,0.0
1989-02-04 00:00:00,5.125,0.0
1989-02-04 09:00:00,6.8,0.9
1989-02-05 00:00:00,8.5,1.8
1989-02-05 09:00:00,10.2,0.9
1989-02-06 00:00:00,10.55,0.0
1989-02-06 09:00:00,10.9,0.0
1989-02-07 00:00:00,11.4,0.0
1989-02-07 09:00:00,11.9,0.0
1989-02-08 00:00:00,9.975,0.0
1989-02-08 09:00:00,8.049999999999999,0.0
1989-02-09 00:00:00,8.225,0.0
1989-02-09 09:00:00,8.4,0.0
1989-02-10 00:00:00,8.45,0.0
1989-02-10 09:00:00,8.5,0.0
1989-02-11 00:00:00,6.825,0.0
1989-02-11 09:00:00,5.15,0.25
1989-02-12 00:00:00,6.475,0.5
1989-02-12 09:00:00,7.8,0.25
1989-02-13 00:00:00,7.300000000000001,0.0
1989-02-13 09:00:00,6.800000000000001,1.2
1989-02-14 00:00:00,7.2250000000000005,2.4
1989-02-14 09:00:00,7.65,1.2
1989-02-15 00:00:00,7.95,0.0
1989-02-15 09:00:00,8.25,0.85
1989-02-16 00:00:00,7.2,1.7
1989-02-16 09:00:00,6.15,3.3999999999999995
1989-02-17 00:00:00,5.15,5.1
1989-02-17 09:00:00,4.15,5.4
1989-02-18 00:00:00,6.25,5.7
1989-02-18 09:00:00,8.35,2.85
1989-02-19 00:00:00,10.375,0.0
1989-02-19 09:00:00,12.4,0.2
1989-02-20 00:00:00,11.100000000000001,0.4
1989-02-20 09:00:00,9.8,0.2
1989-02-21 00:00:00,7.95,0.0
1989-02-21 09:00:00,6.1,0.3
1989-02-22 00:00:00,7.075,0.6
1989-02-22 09:00:00,8.05,0.95
1989-02-23 00:00:00,6.5,1.3
1989-02-23 09:00:00,4.95,1.0
1989-02-24 00:00:00,5.550000000000001,0.7
1989-02-24 09:00:00,6.15,1.4500000000000002
1989-02-25 00:00:00,5.275,2.2
1989-02-25 09:00:00,4.4,6.8500000000000005
1989-02-26 00:00:00,4.2,11.5
1989-02-26 09:00:00,4.0,8.75
1989-02-27 00:00:00,4.6,6.0
1989-02-27 09:00:00,5.199999999999999,3.4
1989-02-28 00:00:00,5.324999999999999,0.8
1989-02-28 09:00:00,5.449999999999999,0.4
1989-03-01 00:00:00,6.125,0.0
1989-03-01 09:00:00,6.800000000000001,0.25
1989-03-02 00:00:00,6.5,0.5
1989-03-02 09:00:00,6.199999999999999,2.15
1989-03-03 00:00:00,7.699999999999999,3.8
1989-03-03 09:00:00,9.2,2.05
1989-03-04 00:00:00,8.375,0.3
1989-03-04 09:00:00,7.55,0.44999999999999996
1989-03-05 00:00:00,9.025,0.6
1989-03-05 09:00:00,10.5,0.3
1989-03-06 00:00:00,11.8,0.0
1989-03-06 09:00:00,13.1,0.4
1989-03-07 00:00:00,13.149999999999999,0.8
1989-03-07 09:00:00,13.2,0.4
1989-03-08 00:00:00,9.925,0.0
1989-03-08 09:00:00,6.65,0.15
1989-03-09 00:00:00,7.500000000000001,0.3
1989-03-09 09:00:00,8.350000000000001,1.0
1989-03-10 00:00:00,9.325000000000001,1.7
1989-03-10 09:00:00,10.3,2.2
1989-03-11 00:00:00,10.15,2.7
1989-03-11 09:00:00,10.0,1.35
1989-03-12 00:00:00,8.875,0.0
1989-03-12 09:00:00,7.75,0.4
1989-03-13 00:00:00,8.45,0.8
1989-03-13 09:00:00,9.15,0.4
1989-03-14 00:00:00,8.775,0.0
1989-03-14 09:00:00,8.4,3.4
1989-03-15 00:00:00,8.625,6.8
1989-03-15 09:00:00,8.85,7.0
1989-03-16 00:00:00,9.1,7.2
1989-03-16 09:00:00,9.35,14.75
1989-03-17 00:00:00,7.0,22.3
1989-03-17 09:00:00,4.65,11.15
1989-03-18 00:00:00,3.9750000000000005,0.0
1989-03-18 09:00:00,3.3000000000000003,0.2
1989-03-19 00:00:00,5.65,0.4
1989-03-19 09:00:00,8.0,2.0500000000000003
1989-03-20 00:00:00,8.6,3.7
1989-03-20 09:00:00,9.2,6.300000000000001
1989-03-21 00:00:00,8.0,8.9
1989-03-21 09:00:00,6.800000000000001,5.35
1989-03-22 00:00:00,7.8500000000000005,1.8
1989-03-22 09:00:00,8.9,0.9
1989-03-23 00:00:00,8.225,0.0
1989-03-23 09:00:00,7.55,2.3
1989-03-24 00:00:00,8.3,4.6
1989-03-24 09:00:00,9.05,2.3
1989-03-25 00:00:00,9.4,0.0
1989-03-25 09:00:00,9.75,0.0
1989-03-26 00:00:00,9.65,0.0
1989-03-26 09:00:00,9.55,0.0
1989-03-27 00:00:00,11.175,0.0
1989-03-27 09:00:00,12.8,0.0
1989-03-28 00:00:00,13.325,0.0
1989-03-28 09:00:00,13.85,0.0
1989-03-29 00:00:00,13.774999999999999,0.0
1989-03-29 09:00:00,13.7,0.0
1989-03-30 00:00:00,12.274999999999999,0.0
1989-03-30 09:00:00,10.85,0.0
1989-03-31 00:00:00,11.675,0.0
1989-03-31 09:00:00,12.5,0.0
1989-04-01 00:00:00,13.1,0.0
1989-04-01 09:00:00,13.7,5.5
1989-04-02 00:00:00,12.1,11.0
1989-04-02 09:00:00,10.5,6.15
1989-04-03 00:00:00,8.7,1.3
1989-04-03 09:00:00,6.9,0.65
1989-04-04 00:00:00,6.075,0.0
1989-04-04 09:00:00,5.25,6.5
1989-04-05 00:00:00,4.6,13.0
1989-04-05 09:00:00,3.95,12.25
1989-04-06 00:00:00,3.5500000000000003,11.5
1989-04-06 09:00:00,3.1500000000000004,6.8
1989-04-07 00:00:00,4.575,2.1
1989-04-07 09:00:00,6.0,1.4500000000000002
1989-04-08 00:00:00,6.325,0.8
1989-04-08 09:00:00,6.65,0.4
1989-04-09 00:00:00,7.15,0.0
1989-04-09 09:00:00,7.65,0.65
1989-04-10 00:00:00,9.675,1.3
1989-04-10 09:00:00,11.7,1.3
1989-04-11 00:00:00,11.35,1.3
1989-04-11 09:00:00,11.0,3.6000000000000005
1989-04-12 00:00:00,10.175,5.9
1989-04-12 09:00:00,9.35,9.4
1989-04-13 00:00:00,9.8,12.9
1989-04-13 09:00:00,10.25,6.45
1989-04-14 00:00:00,10.325,0.0
1989-04-14 09:00:00,10.4,0.0
1989-04-15 00:00:00,9.375,0.0
1989-04-15 09:00:00,8.35,0.0
1989-04-16 00:00:00,10.125,0.0
1989-04-16 09:00:00,11.9,1.25
1989-04-17 00:00:00,10.775,2.5
1989-04-17 09:00:00,9.65,1.25
1989-04-18 00:00:00,8.2,0.0
1989-04-18 09:00:00,6.75,0.0
1989-04-19 00:00:00,7.824999999999999,0.0
1989-04-19 09:00:00,8.899999999999999,0.0
1989-04-20 00:00:00,9.225,0.0
1989-04-20 09:00:00,9.55,0.4
1989-04-21 00:00:00,8.275,0.8
1989-04-21 09:00:00,7.0,1.2000000000000002
1989-04-22 00:00:00,7.425,1.6
1989-04-22 09:00:00,7.85,0.8500000000000001
1989-04-23 00:00:00,9.2,0.1
1989-04-23 09:00:00,10.55,0.15000000000000002
1989-04-24 00:00:00,9.575,0.2
1989-04-24 09:00:00,8.6,5.250000000000001
1989-04-25 00:00:00,6.525,10.3
1989-04-25 09:00:00,4.45,6.2
1989-04-26 00:00:00,5.075,2.1
1989-04-26 09:00:00,5.7,3.2
1989-04-27 00:00:00,7.125,4.3
1989-04-27 09:00:00,8.55,3.3
1989-04-28 00:00:00,7.550000000000001,2.3
1989-04-28 09:00:00,6.550000000000001,1.2
1989-04-29 00:00:00,8.7,0.1
1989-04-29 09:00:00,10.85,0.05
1989-04-30 00:00:00,9.899999999999999,0.0
1989-04-30 09:00:00,8.95,0.2
1989-05-01 00:00:00,10.575,0.4
1989-05-01 09:00:00,12.2,0.2
1989-05-02 00:00:00,12.825,0.0
1989-05-02 09:00:00,13.45,0.0
1989-05-03 00:00:00,14.35,0.0
1989-05-03 09:00:00,15.25,0.0
1989-05-04 00:00:00,15.575,0.0
1989-05-04 09:00:00,15.9,0.0
1989-05-05 00:00:00,16.375,0.0
1989-05-05 09:00:00,16.85,0.0
1989-05-06 00:00:00,16.7,0.0
1989-05-06 09:00:00,16.549999999999997,0.0
1989-05-07 00:00:00,14.374999999999998,0.0
1989-05-07 09:00:00,12.2,0.0
1989-05-08 00:00:00,12.649999999999999,0.0
1989-05-08 09:00:00,13.1,0.0
1989-05-09 00:00:00,14.325,0.0
1989-05-09 09:00:00,15.55,0.0
1989-05-10 00:00:00,15.025,0.0
1989-05-10 09:00:00,14.5,0.0
1989-05-11 00:00:00,14.525,0.0
1989-05-11 09:00:00,14.55,0.15
1989-05-12 00:00:00,13.575,0.3
1989-05-12 09:00:00,12.6,0.8
1989-05-13 00:00:00,12.1,1.3
1989-05-13 09:00:00,11.6,0.65
1989-05-14 00:00:00,12.225,0.0
1989-05-14 09:00:00,12.85,0.0
1989-05-15 00:00:00,12.8,0.0
1989-05-15 09:00:00,12.75,0.0
1989-05-16 00:00:00,14.15,0.0
1989-05-16 09:00:00,15.55,0.0
1989-05-17 00:00:00,15.575,0.0
1989-05-17 09:00:00,15.6,0.0
1989-05-18 00:00:00,16.45,0.0
1989-05-18 09:00:00,17.3,0.0
1989-05-19 00:00:00,18.225,0.0
1989-05-19 09:00:00,19.15,0.0
1989-05-20 00:00:00,18.799999999999997,0.0
1989-05-20 09:00:00,18.45,0.0
1989-05-21 00:00:00,18.75,0.0
1989-05-21 09:00:00,19.05,0.0
1989-05-22 00:00:00,19.775,0.0
1989-05-22 09:00:00,20.5,0.0
1989-05-23 00:00:00,20.525,0.0
1989-05-23 09:00:00,20.55,0.0
1989-05-24 00:00:00,21.575000000000003,0.0
1989-05-24 09:00:00,22.6,0.15
1989-05-25 00:00:00,21.875,0.3
1989-05-25 09:00:00,21.15,0.15
1989-05-26 00:00:00,18.125,0.0
1989-05-26 09:00:00,15.1,0.0
1989-05-27 00:00:00,14.7,0.0
1989-05-27 09:00:00,14.3,0.0
1989-05-28 00:00:00,14.075,0.0
1989-05-28 09:00:00,13.85,0.0
1989-05-29 00:00:00,15.149999999999999,0.0
1989-05-29 09:00:00,16.45,0.0
1989-05-30 00:00:00,16.525,0.0
1989-05-30 09:00:00,16.6,0.0
1989-05-31 00:00:00,13.925,0.0
1989-05-31 09:00:00,11.25,0.0
1989-06-01 00:00:00,11.725,0.0
1989-06-01 09:00:00,12.2,1.45
1989-06-02 00:00:00,11.05,2.9
1989-06-02 09:00:00,9.9,1.55
1989-06-03 00:00:00,10.8,0.2
1989-06-03 09:00:00,11.7,0.1
1989-06-04 00:00:00,11.274999999999999,0.0
1989-06-04 09:00:00,10.85,0.0
1989-06-05 00:00:00,10.725,0.0
1989-06-05 09:00:00,10.6,5.7
1989-06-06 00:00:00,12.05,11.4
1989-06-06 09:00:00,13.5,9.6
1989-06-07 00:00:00,12.15,7.8
1989-06-07 09:00:00,10.8,3.9
1989-06-08 00:00:00,11.675,0.0
1989-06-08 09:00:00,12.55,1.1
1989-06-09 00:00:00,12.850000000000001,2.2
1989-06-09 09:00:00,13.15,1.2000000000000002
1989-06-10 00:00:00,14.45,0.2
1989-06-10 09:00:00,15.75,0.1
1989-06-11 00:00:00,16.375,0.0
1989-06-11 09:00:00,17.0,0.0
1989-06-12 00:00:00,18.05,0.0
1989-06-12 09:00:00,19.1,0.0
1989-06-13 00:00:00,20.5,0.0
1989-06-13 09:00:00,21.9,0.0
1989-06-14 00:00:00,21.4,0.0
1989-06-14 09:00:00,20.9,0.0
1989-06-15 00:00:00,21.375,0.0
1989-06-15 09:00:00,21.85,0.0
1989-06-16 00:00:00,20.9,0.0
1989-06-16 09:00:00,19.95,0.0
1989-06-17 00:00:00,19.875,0.0
1989-06-17 09:00:00,19.8,0.0
1989-06-18 00:00:00,19.8,0.0
1989-06-18 09:00:00,19.8,0.0
1989-06-19 00:00:00,19.825000000000003,0.0
1989-06-19 09:00:00,19.85,0.0
1989-06-20 00:00:00,20.9,0.0
1989-06-20 09:00:00,21.95,0.0
1989-06-21 00:00:00,22.299999999999997,0.0
1989-06-21 09:00:00,22.65,0.0
1989-06-22 00:00:00,20.7,0.0
1989-06-22 09:00:00,18.75,0.0
1989-06-23 00:00:00,17.2,0.0
1989-06-23 09:00:00,15.65,0.0
1989-06-24 00:00:00,17.6,0.0
1989-06-24 09:00:00,19.55,0.0
1989-06-25 00:00:00,19.275,0.0
1989-06-25 09:00:00,19.0,0.0
1989-06-26 00:00:00,19.525,0.0
1989-06-26 09:00:00,20.05,3.65
1989-06-27 00:00:00,19.25,7.3
1989-06-27 09:00:00,18.450000000000003,5.35
1989-06-28 00:00:00,16.85,3.4
1989-06-28 09:00:00,15.25,4.55
1989-06-29 00:00:00,15.275,5.7
1989-06-29 09:00:00,15.3,4.75
1989-06-30 00:00:00,14.925,3.8
1989-06-30 09:00:00,14.55,2.05
1989-07-01 00:00:00,16.275,0.3
1989-07-01 09:00:00,18.0,0.3
1989-07-02 00:00:00,17.3,0.3
1989-07-02 09:00:00,16.6,0.15
1989-07-03 00:00:00,16.275,0.0
1989-07-03 09:00:00,15.95,0.0
1989-07-04 00:00:00,16.825,0.0
1989-07-04 09:00:00,17.7,0.0
1989-07-05 00:00:00,18.75,0.0
1989-07-05 09:00:00,19.8,0.0
1989-07-06 00:00:00,21.200000000000003,0.0
1989-07-06 09:00:00,22.6,8.45
1989-07-07 00:00:00,23.475,16.9
1989-07-07 09:00:00,24.35,9.2
1989-07-08 00:00:00,21.575000000000003,1.5
1989-07-08 09:00:00,18.8,2.7
1989-07-09 00:00:00,19.175,3.9
1989-07-09 09:00:00,19.55,2.0
1989-07-10 00:00:00,17.950000000000003,0.1
1989-07-10 09:00:00,16.35,0.05
1989-07-11 00:00:00,18.25,0.0
1989-07-11 09:00:00,20.15,0.0
1989-07-12 00:00:00,20.2,0.0
1989-07-12 09:00:00,20.25,0.0
1989-07-13 00:00:00,19.225,0.0
1989-07-13 09:00:00,18.2,0.0
1989-07-14 00:00:00,18.475,0.0
1989-07-14 09:00:00,18.75,0.0
1989-07-15 00:00:00,18.175,0.0
1989-07-15 09:00:00,17.6,0.0
1989-07-16 00:00:00,19.825000000000003,0.0
1989-07-16 09:00:00,22.05,0.0
1989-07-17 00:00:00,20.35,0.0
1989-07-17 09:00:00,18.65,0.0
1989-07-18 00:00:00,20.225,0.0
1989-07-18 09:00:00,21.8,0.0
1989-07-19 00:00:00,20.175,0.0
1989-07-19 09:00:00,18.55,0.0
1989-07-20 00:00:00,19.55,0.0
1989-07-20 09:00:00,20.55,0.0
1989-07-21 00:00:00,21.825000000000003,0.0
1989-07-21 09:00:00,23.1,0.0
1989-07-22 00:00:00,24.150000000000002,0.0
1989-07-22 09:00:00,25.200000000000003,0.3
1989-07-23 00:00:00,25.925,0.6
1989-07-23 09:00:00,26.65,0.3
1989-07-24 00:00:00,26.25,0.0
1989-07-24 09:00:00,25.85,0.0
1989-07-25 00:00:00,24.375,0.0
1989-07-25 09:00:00,22.9,0.0
1989-07-26 00:00:00,23.35,0.0
1989-07-26 09:00:00,23.8,0.0
1989-07-27 00:00:00,22.35,0.0
1989-07-27 09:00:00,20.9,0.0
1989-07-28 00:00:00,20.625,0.0
1989-07-28 09:00:00,20.35,0.0
1989-07-29 00:00:00,20.4,0.0
1989-07-29 09:00:00,20.45,2.65
1989-07-30 00:00:00,21.075,5.3
1989-07-30 09:00:00,21.7,5.0
1989-07-31 00:00:00,18.8,4.7
1989-07-31 09:00:00,15.9,2.35
1989-08-01 00:00:00,15.75,0.0
1989-08-01 09:00:00,15.6,0.0
1989-08-02 00:00:00,16.375,0.0
1989-08-02 09:00:00,17.15,0.0
1989-08-03 00:00:00,17.775,0.0
1989-08-03 09:00:00,18.4,0.0
1989-08-04 00:00:00,18.825,0.0
1989-08-04 09:00:00,19.25,0.0
1989-08-05 00:00:00,19.275,0.0
1989-08-05 09:00:00,19.3,0.0
1989-08-06 00:00:00,19.9,0.0
1989-08-06 09:00:00,20.5,0.0
1989-08-07 00:00:00,21.175,0.0
1989-08-07 09:00:00,21.85,0.0
1989-08-08 00:00:00,21.700000000000003,0.0
1989-08-08 09:00:00,21.55,0.0
1989-08-09 00:00:00,21.55,0.0
1989-08-09 09:00:00,21.55,6.7
1989-08-10 00:00:00,21.6,13.4
1989-08-10 09:00:00,21.65,12.65
1989-08-11 00:00:00,19.575,11.9
1989-08-11 09:00:00,17.5,6.0
1989-08-12 00:00:00,18.8,0.1
1989-08-12 09:00:00,20.1,0.05
1989-08-13 00:00:00,19.3,0.0
1989-08-13 09:00:00,18.5,3.35
1989-08-14 00:00:00,18.525,6.7
1989-08-14 09:00:00,18.55,5.9
1989-08-15 00:00:00,19.225,5.1
1989-08-15 09:00:00,19.9,3.3499999999999996
1989-08-16 00:00:00,20.025,1.6
1989-08-16 09:00:00,20.15,0.8
1989-08-17 00:00:00,19.2,0.0
1989-08-17 09:00:00,18.25,0.1
1989-08-18 00:00:00,17.425,0.2
1989-08-18 09:00:00,16.6,0.1
1989-08-19 00:00:00,16.975,0.0
1989-08-19 09:00:00,17.35,0.0
1989-08-20 00:00:00,18.675,0.0
1989-08-20 09:00:00,20.0,0.0
1989-08-21 00:00:00,21.325,0.0
1989-08-21 09:00:00,22.65,0.0
1989-08-22 00:00:00,20.9,0.0
1989-08-22 09:00:00,19.15,0.0
1989-08-23 00:00:00,18.65,0.0
1989-08-23 09:00:00,18.15,0.0
1989-08-24 00:00:00,18.5,0.0
1989-08-24 09:00:00,18.85,0.0
1989-08-25 00:00:00,20.125,0.0
1989-08-25 09:00:00,21.4,2.75
1989-08-26 00:00:00,19.549999999999997,5.5
1989-08-26 09:00:00,17.7,6.9
1989-08-27 00:00:00,18.174999999999997,8.3
1989-08-27 09:00:00,18.65,4.15
1989-08-28 00:00:00,16.775,0.0
1989-08-28 09:00:00,14.9,0.0
1989-08-29 00:00:00,15.075,0.0
1989-08-29 09:00:00,15.25,0.0
1989-08-30 00:00:00,16.125,0.0
1989-08-30 09:00:00,17.0,0.25
1989-08-31 00:00:00,18.325,0.5
1989-08-31 09:00:00,19.65,0.25
1989-09-01 00:00:00,17.575,0.0
1989-09-01 09:00:00,15.5,0.0
1989-09-02 00:00:00,15.975,0.0
1989-09-02 09:00:00,16.45,0.0
1989-09-03 00:00:00,15.3,0.0
1989-09-03 09:00:00,14.15,0.0
1989-09-04 00:00:00,14.75,0.0
1989-09-04 09:00:00,15.35,0.0
1989-09-05 00:00:00,16.15,0.0
1989-09-05 09:00:00,16.95,0.0
1989-09-06 00:00:00,17.0,0.0
1989-09-06 09:00:00,17.05,0.0
1989-09-07 00:00:00,18.1,0.0
1989-09-07 09:00:00,19.15,0.0
1989-09-08 00:00:00,19.075,0.0
1989-09-08 09:00:00,19.0,0.35
1989-09-09 00:00:00,19.1,0.7
1989-09-09 09:00:00,19.2,0.5
1989-09-10 00:00:00,17.525,0.3
1989-09-10 09:00:00,15.85,0.15
1989-09-11 00:00:00,17.125,0.0
1989-09-11 09:00:00,18.4,0.0
1989-09-12 00:00:00,17.95,0.0
1989-09-12 09:00:00,17.5,1.4
1989-09-13 00:00:00,17.9,2.8
1989-09-13 09:00:00,18.3,1.4
1989-09-14 00:00:00,16.6,0.0
1989-09-14 09:00:00,14.9,1.6
1989-09-15 00:00:00,14.675,3.2
1989-09-15 09:00:00,14.45,2.4000000000000004
1989-09-16 00:00:00,16.424999999999997,1.6
1989-09-16 09:00:00,18.4,0.9
1989-09-17 00:00:00,19.15,0.2
1989-09-17 09:00:00,19.9,0.1
1989-09-18 00:00:00,18.9,0.0
1989-09-18 09:00:00,17.9,0.0
1989-09-19 00:00:00,18.775,0.0
1989-09-19 09:00:00,19.65,0.0
1989-09-20 00:00:00,18.225,0.0
1989-09-20 09:00:00,16.8,0.0
1989-09-21 00:00:00,17.25,0.0
1989-09-21 09:00:00,17.7,0.55
1989-09-22 00:00:00,19.6,1.1
1989-09-22 09:00:00,21.5,0.55
1989-09-23 00:00:00,18.375,0.0
1989-09-23 09:00:00,15.25,0.0
1989-09-24 00:00:00,16.1,0.0
1989-09-24 09:00:00,16.95,0.0
1989-09-25 00:00:00,16.549999999999997,0.0
1989-09-25 09:00:00,16.15,0.0
1989-09-26 00:00:00,16.65,0.0
1989-09-26 09:00:00,17.15,0.05
1989-09-27 00:00:00,16.9,0.1
1989-09-27 09:00:00,16.65,0.15000000000000002
1989-09-28 00:00:00,15.95,0.2
1989-09-28 09:00:00,15.25,0.1
1989-09-29 00:00:00,14.4,0.0
1989-09-29 09:00:00,13.55,0.0
1989-09-30 00:00:00,14.3,0.0
1989-09-30 09:00:00,15.05,0.0
1989-10-01 00:00:00,14.8,0.0
1989-10-01 09:00:00,14.55,0.0
1989-10-02 00:00:00,14.100000000000001,0.0
1989-10-02 09:00:00,13.65,0.0
1989-10-03 00:00:00,12.850000000000001,0.0
1989-10-03 09:00:00,12.05,0.0
1989-10-04 00:00:00,13.025,0.0
1989-10-04 09:00:00,14.0,0.0
1989-10-05 00:00:00,13.8,0.0
1989-10-05 09:00:00,13.6,1.8
1989-10-06 00:00:00,13.625,3.6
1989-10-06 09:00:00,13.65,1.9000000000000001
1989-10-07 00:00:00,13.475000000000001,0.2
1989-10-07 09:00:00,13.3,1.4
1989-10-08 00:00:00,12.4,2.6
1989-10-08 09:00:00,11.5,1.5
1989-10-09 00:00:00,11.65,0.4
1989-10-09 09:00:00,11.8,0.2
1989-10-10 00:00:00,12.4,0.0
1989-10-10 09:00:00,13.0,0.1
1989-10-11 00:00:00,13.125,0.2
1989-10-11 09:00:00,13.25,0.35
1989-10-12 00:00:00,13.675,0.5
1989-10-12 09:00:00,14.1,0.25
1989-10-13 00:00:00,15.05,0.0
1989-10-13 09:00:00,16.0,0.0
1989-10-14 00:00:00,14.05,0.0
1989-10-14 09:00:00,12.1,0.0
1989-10-15 00:00:00,11.2,0.0
1989-10-15 09:00:00,10.3,0.0
1989-10-16 00:00:00,11.65,0.0
1989-10-16 09:00:00,13.0,0.0
1989-10-17 00:00:00,12.7,0.0
1989-10-17 09:00:00,12.4,0.0
1989-10-18 00:00:00,13.55,0.0
1989-10-18 09:00:00,14.7,0.0
1989-10-19 00:00:00,15.35,0.0
1989-10-19 09:00:00,16.0,5.55
1989-10-20 00:00:00,15.4,11.1
1989-10-20 09:00:00,14.8,10.149999999999999
1989-10-21 00:00:00,15.075,9.2
1989-10-21 09:00:00,15.35,5.0
1989-10-22 00:00:00,15.524999999999999,0.8
1989-10-22 09:00:00,15.7,0.75
1989-10-23 00:00:00,15.875,0.7
1989-10-23 09:00:00,16.05,0.6
1989-10-24 00:00:00,14.125,0.5
1989-10-24 09:00:00,12.2,0.25
1989-10-25 00:00:00,12.524999999999999,0.0
1989-10-25 09:00:00,12.85,0.1
1989-10-26 00:00:00,13.7,0.2
1989-10-26 09:00:00,14.55,1.9999999999999998
1989-10-27 00:00:00,13.95,3.8
1989-10-27 09:00:00,13.35,2.8499999999999996
1989-10-28 00:00:00,14.725000000000001,1.9
1989-10-28 09:00:00,16.1,1.1
1989-10-29 00:00:00,14.475000000000001,0.3
1989-10-29 09:00:00,12.85,1.9000000000000001
1989-10-30 00:00:00,13.05,3.5
1989-10-30 09:00:00,13.25,4.5
1989-10-31 00:00:00,13.225,5.5
1989-10-31 09:00:00,13.2,2.75
1989-11-01 00:00:00,13.0,0.0
1989-11-01 09:00:00,12.8,0.0
1989-11-02 00:00:00,12.575,0.0
1989-11-02 09:00:00,12.35,4.55
1989-11-03 00:00:00,11.399999999999999,9.1
1989-11-03 09:00:00,10.45,5.05
1989-11-04 00:00:00,10.25,1.0
1989-11-04 09:00:00,10.05,0.65
1989-11-05 00:00:00,8.75,0.3
1989-11-05 09:00:00,7.449999999999999,0.2
1989-11-06 00:00:00,6.699999999999999,0.1
1989-11-06 09:00:00,5.95,0.05
1989-11-07 00:00:00,6.625,0.0
1989-11-07 09:00:00,7.300000000000001,1.15
1989-11-08 00:00:00,9.0,2.3
1989-11-08 09:00:00,10.7,2.2
1989-11-09 00:00:00,10.149999999999999,2.1
1989-11-09 09:00:00,9.6,3.7
1989-11-10 00:00:00,9.375,5.3
1989-11-10 09:00:00,9.15,3.5999999999999996
1989-11-11 00:00:00,11.025,1.9
1989-11-11 09:00:00,12.9,0.95
1989-11-12 00:00:00,12.625,0.0
1989-11-12 09:00:00,12.35,0.0
1989-11-13 00:00:00,11.774999999999999,0.0
1989-11-13 09:00:00,11.2,0.0
1989-11-14 00:00:00,10.024999999999999,0.0
1989-11-14 09:00:00,8.85,0.0
1989-11-15 00:00:00,8.8,0.0
1989-11-15 09:00:00,8.75,0.0
1989-11-16 00:00:00,9.075,0.0
1989-11-16 09:00:00,9.4,0.0
1989-11-17 00:00:00,8.475,0.0
1989-11-17 09:00:00,7.55,0.0
1989-11-18 00:00:00,7.65,0.0
1989-11-18 09:00:00,7.75,0.0
1989-11-19 00:00:00,8.7,0.0
1989-11-19 09:00:00,9.65,0.0
1989-11-20 00:00:00,9.925,0.0
1989-11-20 09:00:00,10.2,0.0
1989-11-21 00:00:00,9.725,0.0
1989-11-21 09:00:00,9.25,0.0
1989-11-22 00:00:00,8.95,0.0
1989-11-22 09:00:00,8.65,0.0
1989-11-23 00:00:00,7.575,0.0
1989-11-23 09:00:00,6.5,0.0
1989-11-24 00:00:00,4.775,0.0
1989-11-24 09:00:00,3.0500000000000003,0.0
1989-11-25 00:00:00,2.8,0.0
1989-11-25 09:00:00,2.55,0.0
1989-11-26 00:00:00,2.275,0.0
1989-11-26 09:00:00,2.0,0.0
1989-11-27 00:00:00,1.8,0.0
1989-11-27 09:00:00,1.6,0.0
1989-11-28 00:00:00,2.1500000000000004,0.0
1989-11-28 09:00:00,2.7,0.0
1989-11-29 00:00:00,3.85,0.0
1989-11-29 09:00:00,5.0,0.0
1989-11-30 00:00:00,4.775,0.0
1989-11-30 09:00:00,4.55,0.0
1989-12-01 00:00:00,4.125,0.0
1989-12-01 09:00:00,3.7,0.0
1989-12-02 00:00:00,3.325,0.0
1989-12-02 09:00:00,2.95,0.0
1989-12-03 00:00:00,3.525,0.0
1989-12-03 09:00:00,4.1,0.0
1989-12-04 00:00:00,3.8499999999999996,0.0
1989-12-04 09:00:00,3.6,0.0
1989-12-05 00:00:00,4.95,0.0
1989-12-05 09:00:00,6.3,0.0
1989-12-06 00:00:00,7.200000000000001,0.0
1989-12-06 09:00:00,8.100000000000001,0.0
1989-12-07 00:00:00,8.0,0.0
1989-12-07 09:00:00,7.899999999999999,0.0
1989-12-08 00:00:00,7.574999999999999,0.0
1989-12-08 09:00:00,7.25,0.05
1989-12-09 00:00:00,5.925000000000001,0.1
1989-12-09 09:00:00,4.6000000000000005,0.05
1989-12-10 00:00:00,4.625,0.0
1989-12-10 09:00:00,4.65,0.0
1989-12-11 00:00:00,4.875,0.0
1989-12-11 09:00:00,5.1,2.4
1989-12-12 00:00:00,5.199999999999999,4.8
1989-12-12 09:00:00,5.3,6.1
1989-12-13 00:00:00,6.074999999999999,7.4
1989-12-13 09:00:00,6.85,16.450000000000003
1989-12-14 00:00:00,7.975,25.5
1989-12-14 09:00:00,9.1,14.25
1989-12-15 00:00:00,9.725,3.0
1989-12-15 09:00:00,10.35,10.9
1989-12-16 00:00:00,10.3,18.8
1989-12-16 09:00:00,10.25,11.7
1989-12-17 00:00:00,11.25,4.6
1989-12-17 09:00:00,12.25,3.5999999999999996
1989-12-18 00:00:00,11.15,2.6
1989-12-18 09:00:00,10.05,4.949999999999999
1989-12-19 00:00:00,8.9,7.3
1989-12-19 09:00:00,7.75,7.5
1989-12-20 00:00:00,8.2,7.7
1989-12-20 09:00:00,8.65,15.45
1989-12-21 00:00:00,9.675,23.2
1989-12-21 09:00:00,10.7,11.6
1989-12-22 00:00:00,11.125,0.0
1989-12-22 09:00:00,11.55,0.15
1989-12-23 00:00:00,9.175,0.3
1989-12-23 09:00:00,6.800000000000001,3.4
1989-12-24 00:00:00,7.775,6.5
1989-12-24 09:00:00,8.75,4.6
1989-12-25 00:00:00,9.875,2.7
1989-12-25 09:00:00,11.0,1.55
1989-12-26 00:00:00,9.7,0.4
1989-12-26 09:00:00,8.4,0.2
1989-12-27 00:00:00,8.274999999999999,0.0
1989-12-27 09:00:00,8.149999999999999,0.0
1989-12-28 00:00:00,8.225,0.0
1989-12-28 09:00:00,8.3,0.0
1989-12-29 00:00:00,7.4,0.0
1989-12-29 09:00:00,6.5,0.0
1989-12-30 00:00:00,5.775,0.0
1989-12-30 09:00:00,5.05,0.0
1989-12-31 00:00:00,4.574999999999999,0.0
1989-12-31 09:00:00,4.1,0.0
1990-01-01 00:00:00,4.0,0.0
1990-01-01 09:00:00,3.9,0.85
1990-01-02 00:00:00,3.925,1.7
1990-01-02 09:00:00,3.95,0.85
1990-01-03 00:00:00,5.1,0.0
1990-01-03 09:00:00,6.25,0.0
1990-01-04 00:00:00,5.475,0.0
1990-01-04 09:00:00,4.7,0.0
1990-01-05 00:00:00,5.35,0.0
1990-01-05 09:00:00,6.0,0.4
1990-01-06 00:00:00,7.4,0.8
1990-01-06 09:00:00,8.8,5.3
1990-01-07 00:00:00,8.55,9.8
1990-01-07 09:00:00,8.3,5.6000000000000005
1990-01-08 00:00:00,7.9,1.4
1990-01-08 09:00:00,7.5,0.7
1990-01-09 00:00:00,7.4,0.0
1990-01-09 09:00:00,7.3,0.0
1990-01-10 00:00:00,8.625,0.0
1990-01-10 09:00:00,9.95,0.0
1990-01-11 00:00:00,10.3,0.0
1990-01-11 09:00:00,10.65,0.0
1990-01-12 00:00:00,10.0,0.0
1990-01-12 09:00:00,9.35,1.85
1990-01-13 00:00:00,7.7,3.7
1990-01-13 09:00:00,6.050000000000001,1.85
1990-01-14 00:00:00,5.575,0.0
1990-01-14 09:00:00,5.1,0.35
1990-01-15 00:00:00,6.675,0.7
1990-01-15 09:00:00,8.25,0.35
1990-01-16 00:00:00,10.075,0.0
1990-01-16 09:00:00,11.9,0.5
1990-01-17 00:00:00,10.925,1.0
1990-01-17 09:00:00,9.95,0.5
1990-01-18 00:00:00,7.85,0.0
1990-01-18 09:00:00,5.75,0.0
1990-01-19 00:00:00,5.9,0.0
1990-01-19 09:00:00,6.050000000000001,0.1
1990-01-20 00:00:00,7.0,0.2
1990-01-20 09:00:00,7.95,0.1
1990-01-21 00:00:00,8.6,0.0
1990-01-21 09:00:00,9.25,0.9
1990-01-22 00:00:00,10.3,1.8
1990-01-22 09:00:00,11.35,2.6
1990-01-23 00:00:00,11.149999999999999,3.4
1990-01-23 09:00:00,10.95,3.5999999999999996
1990-01-24 00:00:00,9.225,3.8
1990-01-24 09:00:00,7.5,3.4
1990-01-25 00:00:00,8.275,3.0
1990-01-25 09:00:00,9.05,3.05
1990-01-26 00:00:00,8.375,3.1
1990-01-26 09:00:00,7.7,1.55
1990-01-27 00:00:00,6.4,0.0
1990-01-27 09:00:00,5.1,2.6
1990-01-28 00:00:00,6.025,5.2
1990-01-28 09:00:00,6.95,3.2
1990-01-29 00:00:00,6.675000000000001,1.2
1990-01-29 09:00:00,6.4,3.8499999999999996
1990-01-30 00:00:00,7.425,6.5
1990-01-30 09:00:00,8.45,10.35
1990-01-31 00:00:00,8.95,14.2
1990-01-31 09:00:00,9.45,10.35
1990-02-01 00:00:00,8.85,6.5
1990-02-01 09:00:00,8.25,8.55
1990-02-02 00:00:00,8.05,10.6
1990-02-02 09:00:00,7.85,8.8
1990-02-03 00:00:00,7.874999999999999,7.0
1990-02-03 09:00:00,7.899999999999999,12.95
1990-02-04 00:00:00,6.999999999999999,18.9
1990-02-04 09:00:00,6.1,9.45
1990-02-05 00:00:00,8.225,0.0
1990-02-05 09:00:00,10.35,0.0
1990-02-06 00:00:00,10.7,0.0
1990-02-06 09:00:00,11.05,2.85
1990-02-07 00:00:00,11.2,5.7
1990-02-07 09:00:00,11.35,6.4
1990-02-08 00:00:00,11.225,7.1
1990-02-08 09:00:00,11.1,3.55
1990-02-09 00:00:00,9.45,0.0
1990-02-09 09:00:00,7.8,0.0
1990-02-10 00:00:00,8.6,0.0
1990-02-10 09:00:00,9.4,1.85
1990-02-11 00:00:00,8.5,3.7
1990-02-11 09:00:00,7.6,4.550000000000001
1990-02-12 00:00:00,7.025,5.4
1990-02-12 09:00:00,6.45,2.7
1990-02-13 00:00:00,6.225,0.0
1990-02-13 09:00:00,6.0,2.75
1990-02-14 00:00:00,7.025,5.5
1990-02-14 09:00:00,8.05,5.9
1990-02-15 00:00:00,6.9750000000000005,6.3
1990-02-15 09:00:00,5.9,3.15
1990-02-16 00:00:00,5.025,0.0
1990-02-16 09:00:00,4.15,0.0
1990-02-17 00:00:00,6.175,0.0
1990-02-17 09:00:00,8.2,1.15
1990-02-18 00:00:00,8.875,2.3
1990-02-18 09:00:00,9.55,1.15
1990-02-19 00:00:00,9.475000000000001,0.0
1990-02-19 09:00:00,9.4,0.15
1990-02-20 00:00:00,10.7,0.3
1990-02-20 09:00:00,12.0,1.9000000000000001
1990-02-21 00:00:00,11.575,3.5
1990-02-21 09:00:00,11.15,1.75
1990-02-22 00:00:00,10.725000000000001,0.0
1990-02-22 09:00:00,10.3,0.0
1990-02-23 00:00:00,11.025,0.0
1990-02-23 09:00:00,11.75,0.0
1990-02-24 00:00:00,13.35,0.0
1990-02-24 09:00:00,14.95,0.2
1990-02-25 00:00:00,12.649999999999999,0.4
1990-02-25 09:00:00,10.35,3.8499999999999996
1990-02-26 00:00:00,10.3,7.3
1990-02-26 09:00:00,10.25,4.7
1990-02-27 00:00:00,9.0,2.1
1990-02-27 09:00:00,7.75,1.3
1990-02-28 00:00:00,7.35,0.5
1990-02-28 09:00:00,6.95,1.8
1990-03-01 00:00:00,7.174999999999999,3.1
1990-03-01 09:00:00,7.399999999999999,1.6500000000000001
1990-03-02 00:00:00,6.049999999999999,0.2
1990-03-02 09:00:00,4.699999999999999,0.1
1990-03-03 00:00:00,4.875,0.0
1990-03-03 09:00:00,5.05,0.0
1990-03-04 00:00:00,6.675000000000001,0.0
1990-03-04 09:00:00,8.3,0.0
1990-03-05 00:00:00,8.775,0.0
1990-03-05 09:00:00,9.25,0.0
1990-03-06 00:00:00,9.375,0.0
1990-03-06 09:00:00,9.5,0.0
1990-03-07 00:00:00,10.225,0.0
1990-03-07 09:00:00,10.95,0.0
1990-03-08 00:00:00,9.725,0.0
1990-03-08 09:00:00,8.5,0.0
1990-03-09 00:00:00,9.975,0.0
1990-03-09 09:00:00,11.45,0.0
1990-03-10 00:00:00,11.024999999999999,0.0
1990-03-10 09:00:00,10.6,0.0
1990-03-11 00:00:00,11.675,0.0
1990-03-11 09:00:00,12.75,0.0
1990-03-12 00:00:00,11.275,0.0
1990-03-12 09:00:00,9.8,0.0
1990-03-13 00:00:00,10.275,0.0
1990-03-13 09:00:00,10.75,0.35
1990-03-14 00:00:00,9.4,0.7
1990-03-14 09:00:00,8.05,0.35
1990-03-15 00:00:00,9.325,0.0
1990-03-15 09:00:00,10.6,0.0
1990-03-16 00:00:00,10.024999999999999,0.0
1990-03-16 09:00:00,9.45,0.0
1990-03-17 00:00:00,11.0,0.0
1990-03-17 09:00:00,12.55,0.0
1990-03-18 00:00:00,14.675,0.0
1990-03-18 09:00:00,16.8,0.0
1990-03-19 00:00:00,16.85,0.0
1990-03-19 09:00:00,16.9,1.55
1990-03-20 00:00:00,13.5,3.1
1990-03-20 09:00:00,10.1,1.55
1990-03-21 00:00:00,11.425,0.0
1990-03-21 09:00:00,12.75,0.05
1990-03-22 00:00:00,12.35,0.1
1990-03-22 09:00:00,11.95,0.05
1990-03-23 00:00:00,11.2,0.0
1990-03-23 09:00:00,10.45,0.0
1990-03-24 00:00:00,10.675,0.0
1990-03-24 09:00:00,10.9,0.3
1990-03-25 00:00:00,9.649999999999999,0.6
1990-03-25 09:00:00,8.399999999999999,0.3
1990-03-26 00:00:00,7.975,0.0
1990-03-26 09:00:00,7.55,0.0
1990-03-27 00:00:00,6.85,0.0
1990-03-27 09:00:00,6.15,0.0
1990-03-28 00:00:00,6.425000000000001,0.0
1990-03-28 09:00:00,6.7,0.0
1990-03-29 00:00:00,7.049999999999999,0.0
1990-03-29 09:00:00,7.399999999999999,0.0
1990-03-30 00:00:00,8.6,0.0
1990-03-30 09:00:00,9.8,0.0
1990-03-31 00:00:00,11.100000000000001,0.0
1990-03-31 09:00:00,12.4,0.0
1990-04-01 00:00:00,12.3,0.0
1990-04-01 09:00:00,12.2,0.0
1990-04-02 00:00:00,14.05,0.0
1990-04-02 09:00:00,15.9,4.0
1990-04-03 00:00:00,12.850000000000001,8.0
1990-04-03 09:00:00,9.8,4.2
1990-04-04 00:00:00,7.025,0.4
1990-04-04 09:00:00,4.25,0.2
1990-04-05 00:00:00,4.05,0.0
1990-04-05 09:00:00,3.85,0.0
1990-04-06 00:00:00,5.075,0.0
1990-04-06 09:00:00,6.3,0.0
1990-04-07 00:00:00,6.9,0.0
1990-04-07 09:00:00,7.5,0.0
1990-04-08 00:00:00,7.875,0.0
1990-04-08 09:00:00,8.25,0.0
1990-04-09 00:00:00,7.3,0.0
1990-04-09 09:00:00,6.35,0.0
1990-04-10 00:00:00,7.624999999999999,0.0
1990-04-10 09:00:00,8.899999999999999,0.0
1990-04-11 00:00:00,9.95,0.0
1990-04-11 09:00:00,11.0,0.0
1990-04-12 00:00:00,11.975,0.0
1990-04-12 09:00:00,12.95,0.6
1990-04-13 00:00:00,12.7,1.2
1990-04-13 09:00:00,12.45,4.8
1990-04-14 00:00:00,9.149999999999999,8.4
1990-04-14 09:00:00,5.85,4.4
1990-04-15 00:00:00,6.8999999999999995,0.4
1990-04-15 09:00:00,7.949999999999999,0.4
1990-04-16 00:00:00,8.25,0.4
1990-04-16 09:00:00,8.55,0.9500000000000001
1990-04-17 00:00:00,8.025,1.5
1990-04-17 09:00:00,7.5,1.65
1990-04-18 00:00:00,7.325,1.8
1990-04-18 09:00:00,7.15,3.1500000000000004
1990-04-19 00:00:00,8.05,4.5
1990-04-19 09:00:00,8.95,7.5
1990-04-20 00:00:00,8.75,10.5
1990-04-20 09:00:00,8.55,6.35
1990-04-21 00:00:00,9.625,2.2
1990-04-21 09:00:00,10.7,3.35
1990-04-22 00:00:00,12.0,4.5
1990-04-22 09:00:00,13.3,2.25
1990-04-23 00:00:00,13.075,0.0
1990-04-23 09:00:00,12.85,0.3
1990-04-24 00:00:00,12.575,0.6
1990-04-24 09:00:00,12.3,0.3
1990-04-25 00:00:00,12.75,0.0
1990-04-25 09:00:00,13.2,0.0
1990-04-26 00:00:00,13.875,0.0
1990-04-26 09:00:00,14.55,0.5
1990-04-27 00:00:00,12.175,1.0
1990-04-27 09:00:00,9.8,0.5
1990-04-28 00:00:00,9.600000000000001,0.0
1990-04-28 09:00:00,9.4,0.0
1990-04-29 00:00:00,10.75,0.0
1990-04-29 09:00:00,12.1,0.0
1990-04-30 00:00:00,14.399999999999999,0.0
1990-04-30 09:00:00,16.7,0.0
1990-05-01 00:00:00,16.775,0.0
1990-05-01 09:00:00,16.85,0.0
1990-05-02 00:00:00,16.725,0.0
1990-05-02 09:00:00,16.6,0.0
1990-05-03 00:00:00,17.775,0.0
1990-05-03 09:00:00,18.95,0.0
1990-05-04 00:00:00,19.299999999999997,0.0
1990-05-04 09:00:00,19.65,0.0
1990-05-05 00:00:00,19.25,0.0
1990-05-05 09:00:00,18.85,0.0
1990-05-06 00:00:00,19.275,0.0
1990-05-06 09:00:00,19.7,0.0
1990-05-07 00:00:00,18.799999999999997,0.0
1990-05-07 09:00:00,17.9,0.0
1990-05-08 00:00:00,15.6,0.0
1990-05-08 09:00:00,13.3,0.0
1990-05-09 00:00:00,14.425,0.0
1990-05-09 09:00:00,15.55,0.5
1990-05-10 00:00:00,13.825,1.0
1990-05-10 09:00:00,12.1,3.0
1990-05-11 00:00:00,11.274999999999999,5.0
1990-05-11 09:00:00,10.45,2.65
1990-05-12 00:00:00,10.925,0.3
1990-05-12 09:00:00,11.4,0.15
1990-05-13 00:00:00,11.725000000000001,0.0
1990-05-13 09:00:00,12.05,0.0
1990-05-14 00:00:00,12.3,0.0
1990-05-14 09:00:00,12.55,0.0
1990-05-15 00:00:00,13.975000000000001,0.0
1990-05-15 09:00:00,15.4,0.0
1990-05-16 00:00:00,15.774999999999999,0.0
1990-05-16 09:00:00,16.15,0.0
1990-05-17 00:00:00,15.375,0.0
1990-05-17 09:00:00,14.6,0.0
1990-05-18 00:00:00,15.175,0.0
1990-05-18 09:00:00,15.75,0.0
1990-05-19 00:00:00,13.4,0.0
1990-05-19 09:00:00,11.05,0.0
1990-05-20 00:00:00,11.65,0.0
1990-05-20 09:00:00,12.25,0.0
1990-05-21 00:00:00,13.475,0.0
1990-05-21 09:00:00,14.7,0.0
1990-05-22 00:00:00,14.675,0.0
1990-05-22 09:00:00,14.65,0.0
1990-05-23 00:00:00,13.7,0.0
1990-05-23 09:00:00,12.75,0.0
1990-05-24 00:00:00,14.825,0.0
1990-05-24 09:00:00,16.9,0.0
1990-05-25 00:00:00,14.975,0.0
1990-05-25 09:00:00,13.05,0.0
1990-05-26 00:00:00,12.575,0.0
1990-05-26 09:00:00,12.1,0.0
1990-05-27 00:00:00,12.274999999999999,0.0
1990-05-27 09:00:00,12.45,0.0
1990-05-28 00:00:00,14.024999999999999,0.0
1990-05-28 09:00:00,15.6,0.0
1990-05-29 00:00:00,16.275,0.0
1990-05-29 09:00:00,16.95,0.0
1990-05-30 00:00:00,17.0,0.0
1990-05-30 09:00:00,17.05,0.3
1990-05-31 00:00:00,16.6,0.6
1990-05-31 09:00:00,16.15,0.3
1990-06-01 00:00:00,17.575,0.0
1990-06-01 09:00:00,19.0,1.1
1990-06-02 00:00:00,18.375,2.2
1990-06-02 09:00:00,17.75,1.1
1990-06-03 00:00:00,16.375,0.0
1990-06-03 09:00:00,15.0,0.8
1990-06-04 00:00:00,14.1,1.6
1990-06-04 09:00:00,13.2,0.8
1990-06-05 00:00:00,13.524999999999999,0.0
1990-06-05 09:00:00,13.85,2.15
1990-06-06 00:00:00,13.649999999999999,4.3
1990-06-06 09:00:00,13.45,2.15
1990-06-07 00:00:00,12.7,0.0
1990-06-07 09:00:00,11.95,1.3
1990-06-08 00:00:00,12.225,2.6
1990-06-08 09:00:00,12.5,2.25
1990-06-09 00:00:00,12.375,1.9
1990-06-09 09:00:00,12.25,1.5
1990-06-10 00:00:00,13.725,1.1
1990-06-10 09:00:00,15.2,0.55
1990-06-11 00:00:00,15.45,0.0
1990-06-11 09:00:00,15.7,0.0
1990-06-12 00:00:00,13.899999999999999,0.0
1990-06-12 09:00:00,12.1,0.0
1990-06-13 00:00:00,12.425,0.0
1990-06-13 09:00:00,12.75,0.0
1990-06-14 00:00:00,12.875,0.0
1990-06-14 09:00:00,13.0,0.0
1990-06-15 00:00:00,13.5,0.0
1990-06-15 09:00:00,14.0,0.0
1990-06-16 00:00:00,14.55,0.0
1990-06-16 09:00:00,15.1,0.0
1990-06-17 00:00:00,15.7,0.0
1990-06-17 09:00:00,16.299999999999997,0.0
1990-06-18 00:00:00,17.174999999999997,0.0
1990-06-18 09:00:00,18.05,0.8
1990-06-19 00:00:00,17.450000000000003,1.6
1990-06-19 09:00:00,16.85,0.8
1990-06-20 00:00:00,16.8,0.0
1990-06-20 09:00:00,16.75,1.05
1990-06-21 00:00:00,16.4,2.1
1990-06-21 09:00:00,16.05,6.65
1990-06-22 00:00:00,14.850000000000001,11.2
1990-06-22 09:00:00,13.65,6.3
1990-06-23 00:00:00,14.850000000000001,1.4
1990-06-23 09:00:00,16.05,2.0999999999999996
1990-06-24 00:00:00,15.275,2.8
1990-06-24 09:00:00,14.5,1.4
1990-06-25 00:00:00,15.8,0.0
1990-06-25 09:00:00,17.1,0.0
1990-06-26 00:00:00,18.125,0.0
1990-06-26 09:00:00,19.15,0.0
1990-06-27 00:00:00,19.85,0.0
1990-06-27 09:00:00,20.55,0.0
1990-06-28 00:00:00,19.475,0.0
1990-06-28 09:00:00,18.4,0.0
1990-06-29 00:00:00,16.924999999999997,0.0
1990-06-29 09:00:00,15.45,0.0
1990-06-30 00:00:00,17.625,0.0
1990-06-30 09:00:00,19.8,1.0
1990-07-01 00:00:00,18.625,2.0
1990-07-01 09:00:00,17.450000000000003,1.15
1990-07-02 00:00:00,15.775000000000002,0.3
1990-07-02 09:00:00,14.1,0.15
1990-07-03 00:00:00,14.45,0.0
1990-07-03 09:00:00,14.8,0.6
1990-07-04 00:00:00,15.425,1.2
1990-07-04 09:00:00,16.05,2.0
1990-07-05 00:00:00,15.45,2.8
1990-07-05 09:00:00,14.85,2.0
1990-07-06 00:00:00,14.55,1.2
1990-07-06 09:00:00,14.25,2.45
1990-07-07 00:00:00,15.25,3.7
1990-07-07 09:00:00,16.25,1.85
1990-07-08 00:00:00,18.0,0.0
1990-07-08 09:00:00,19.75,0.0
1990-07-09 00:00:00,19.575,0.0
1990-07-09 09:00:00,19.4,0.0
1990-07-10 00:00:00,17.625,0.0
1990-07-10 09:00:00,15.85,0.0
1990-07-11 00:00:00,15.575,0.0
1990-07-11 09:00:00,15.3,0.0
1990-07-12 00:00:00,18.55,0.0
1990-07-12 09:00:00,21.8,0.0
1990-07-13 00:00:00,21.4,0.0
1990-07-13 09:00:00,21.0,0.0
1990-07-14 00:00:00,20.625,0.0
1990-07-14 09:00:00,20.25,0.0
1990-07-15 00:00:00,19.25,0.0
1990-07-15 09:00:00,18.25,0.0
1990-07-16 00:00:00,19.825,0.0
1990-07-16 09:00:00,21.4,0.0
1990-07-17 00:00:00,20.9,0.0
1990-07-17 09:00:00,20.4,0.0
1990-07-18 00:00:00,19.9,0.0
1990-07-18 09:00:00,19.4,0.0
1990-07-19 00:00:00,19.85,0.0
1990-07-19 09:00:00,20.3,0.0
1990-07-20 00:00:00,21.275,0.0
1990-07-20 09:00:00,22.25,0.0
1990-07-21 00:00:00,23.125,0.0
1990-07-21 09:00:00,24.0,0.0
1990-07-22 00:00:00,23.425,0.0
1990-07-22 09:00:00,22.85,0.0
1990-07-23 00:00:00,20.5,0.0
1990-07-23 09:00:00,18.15,0.0
1990-07-24 00:00:00,18.049999999999997,0.0
1990-07-24 09:00:00,17.95,0.0
1990-07-25 00:00:00,17.775,0.0
1990-07-25 09:00:00,17.6,0.0
1990-07-26 00:00:00,18.1,0.0
1990-07-26 09:00:00,18.6,0.0
1990-07-27 00:00:00,19.25,0.0
1990-07-27 09:00:00,19.9,0.0
1990-07-28 00:00:00,19.95,0.0
1990-07-28 09:00:00,20.0,0.55
1990-07-29 00:00:00,19.4,1.1
1990-07-29 09:00:00,18.8,0.55
1990-07-30 00:00:00,20.1,0.0
1990-07-30 09:00:00,21.4,0.0
1990-07-31 00:00:00,21.05,0.0
1990-07-31 09:00:00,20.700000000000003,0.0
1990-08-01 00:00:00,21.3,0.0
1990-08-01 09:00:00,21.9,0.0
1990-08-02 00:00:00,23.725,0.0
1990-08-02 09:00:00,25.55,0.0
1990-08-03 00:00:00,25.725,0.0
1990-08-03 09:00:00,25.9,0.0
1990-08-04 00:00:00,26.7,0.0
1990-08-04 09:00:00,27.5,0.0
1990-08-05 00:00:00,26.45,0.0
1990-08-05 09:00:00,25.4,0.0
1990-08-06 00:00:00,22.2,0.0
1990-08-06 09:00:00,19.0,0.0
1990-08-07 00:00:00,18.075,0.0
1990-08-07 09:00:00,17.15,0.0
1990-08-08 00:00:00,16.9,0.0
1990-08-08 09:00:00,16.65,0.0
1990-08-09 00:00:00,18.525,0.0
1990-08-09 09:00:00,20.4,0.0
1990-08-10 00:00:00,21.1,0.0
1990-08-10 09:00:00,21.8,0.0
1990-08-11 00:00:00,21.675,0.0
1990-08-11 09:00:00,21.55,0.0
1990-08-12 00:00:00,21.75,0.0
1990-08-12 09:00:00,21.95,0.0
1990-08-13 00:00:00,22.225,0.0
1990-08-13 09:00:00,22.5,0.0
1990-08-14 00:00:00,21.825,0.0
1990-08-14 09:00:00,21.15,0.0
1990-08-15 00:00:00,20.4,0.0
1990-08-15 09:00:00,19.65,2.05
1990-08-16 00:00:00,18.825,4.1
1990-08-16 09:00:00,18.0,2.05
1990-08-17 00:00:00,17.375,0.0
1990-08-17 09:00:00,16.75,3.35
1990-08-18 00:00:00,17.15,6.7
1990-08-18 09:00:00,17.549999999999997,6.6
1990-08-19 00:00:00,17.25,6.5
1990-08-19 09:00:00,16.95,7.1
1990-08-20 00:00:00,17.375,7.7
1990-08-20 09:00:00,17.8,3.85
1990-08-21 00:00:00,17.925,0.0
1990-08-21 09:00:00,18.05,0.0
1990-08-22 00:00:00,18.3,0.0
1990-08-22 09:00:00,18.55,0.0
1990-08-23 00:00:00,20.575000000000003,0.0
1990-08-23 09:00:00,22.6,0.0
1990-08-24 00:00:00,22.675,0.0
1990-08-24 09:00:00,22.75,0.0
1990-08-25 00:00:00,22.825,0.0
1990-08-25 09:00:00,22.9,0.0
1990-08-26 00:00:00,22.95,0.0
1990-08-26 09:00:00,23.0,0.15
1990-08-27 00:00:00,22.0,0.3
1990-08-27 09:00:00,21.0,0.15
1990-08-28 00:00:00,20.65,0.0
1990-08-28 09:00:00,20.3,0.0
1990-08-29 00:00:00,21.225,0.0
1990-08-29 09:00:00,22.15,2.4
1990-08-30 00:00:00,21.725,4.8
1990-08-30 09:00:00,21.3,2.4
1990-08-31 00:00:00,18.75,0.0
1990-08-31 09:00:00,16.2,0.0
1990-09-01 00:00:00,17.15,0.0
1990-09-01 09:00:00,18.1,0.0
1990-09-02 00:00:00,18.725,0.0
1990-09-02 09:00:00,19.35,0.0
1990-09-03 00:00:00,19.425,0.0
1990-09-03 09:00:00,19.5,0.0
1990-09-04 00:00:00,18.775,0.0
1990-09-04 09:00:00,18.05,0.0
1990-09-05 00:00:00,16.65,0.0
1990-09-05 09:00:00,15.25,0.0
1990-09-06 00:00:00,15.925,0.0
1990-09-06 09:00:00,16.6,0.0
1990-09-07 00:00:00,16.35,0.0
1990-09-07 09:00:00,16.1,0.1
1990-09-08 00:00:00,15.825000000000001,0.2
1990-09-08 09:00:00,15.55,0.1
1990-09-09 00:00:00,14.65,0.0
1990-09-09 09:00:00,13.75,0.0
1990-09-10 00:00:00,15.425,0.0
1990-09-10 09:00:00,17.1,0.0
1990-09-11 00:00:00,16.65,0.0
1990-09-11 09:00:00,16.2,0.0
1990-09-12 00:00:00,16.65,0.0
1990-09-12 09:00:00,17.1,0.0
1990-09-13 00:00:00,16.775,0.0
1990-09-13 09:00:00,16.45,0.0
1990-09-14 00:00:00,16.6,0.0
1990-09-14 09:00:00,16.75,0.0
1990-09-15 00:00:00,17.35,0.0
1990-09-15 09:00:00,17.95,0.0
1990-09-16 00:00:00,17.049999999999997,0.0
1990-09-16 09:00:00,16.15,0.0
1990-09-17 00:00:00,15.6,0.0
1990-09-17 09:00:00,15.05,0.35
1990-09-18 00:00:00,13.725000000000001,0.7
1990-09-18 09:00:00,12.4,1.25
1990-09-19 00:00:00,15.274999999999999,1.8
1990-09-19 09:00:00,18.15,1.15
1990-09-20 00:00:00,15.899999999999999,0.5
1990-09-20 09:00:00,13.65,0.25
1990-09-21 00:00:00,13.2,0.0
1990-09-21 09:00:00,12.75,1.0
1990-09-22 00:00:00,12.925,2.0
1990-09-22 09:00:00,13.1,1.0
1990-09-23 00:00:00,12.625,0.0
1990-09-23 09:00:00,12.15,0.2
1990-09-24 00:00:00,11.45,0.4
1990-09-24 09:00:00,10.75,1.0499999999999998
1990-09-25 00:00:00,11.975,1.7
1990-09-25 09:00:00,13.2,0.85
1990-09-26 00:00:00,12.875,0.0
1990-09-26 09:00:00,12.55,0.0
1990-09-27 00:00:00,12.325,0.0
1990-09-27 09:00:00,12.1,0.0
1990-09-28 00:00:00,12.475,0.0
1990-09-28 09:00:00,12.85,0.0
1990-09-29 00:00:00,14.45,0.0
1990-09-29 09:00:00,16.05,3.25
1990-09-30 00:00:00,16.15,6.5
1990-09-30 09:00:00,16.25,5.55
1990-10-01 00:00:00,15.35,4.6
1990-10-01 09:00:00,14.45,2.3
1990-10-02 00:00:00,14.425,0.0
1990-10-02 09:00:00,14.4,0.2
1990-10-03 00:00:00,15.649999999999999,0.4
1990-10-03 09:00:00,16.9,2.55
1990-10-04 00:00:00,14.325,4.7
1990-10-04 09:00:00,11.75,3.75
1990-10-05 00:00:00,12.975,2.8
1990-10-05 09:00:00,14.2,1.7999999999999998
1990-10-06 00:00:00,15.075,0.8
1990-10-06 09:00:00,15.95,0.5
1990-10-07 00:00:00,14.35,0.2
1990-10-07 09:00:00,12.75,0.1
1990-10-08 00:00:00,10.775,0.0
1990-10-08 09:00:00,8.8,0.0
1990-10-09 00:00:00,9.575,0.0
1990-10-09 09:00:00,10.35,0.0
1990-10-10 00:00:00,11.725,0.0
1990-10-10 09:00:00,13.1,0.0
1990-10-11 00:00:00,14.524999999999999,0.0
1990-10-11 09:00:00,15.95,0.0
1990-10-12 00:00:00,15.175,0.0
1990-10-12 09:00:00,14.4,0.0
1990-10-13 00:00:00,16.95,0.0
1990-10-13 09:00:00,19.5,0.0
1990-10-14 00:00:00,19.55,0.0
1990-10-14 09:00:00,19.6,0.0
1990-10-15 00:00:00,18.825000000000003,0.0
1990-10-15 09:00:00,18.05,1.35
1990-10-16 00:00:00,17.65,2.7
1990-10-16 09:00:00,17.25,1.35
1990-10-17 00:00:00,16.625,0.0
1990-10-17 09:00:00,16.0,3.25
1990-10-18 00:00:00,16.05,6.5
1990-10-18 09:00:00,16.1,3.25
1990-10-19 00:00:00,15.375,0.0
1990-10-19 09:00:00,14.65,0.8
1990-10-20 00:00:00,15.175,1.6
1990-10-20 09:00:00,15.7,0.8
1990-10-21 00:00:00,15.7,0.0
1990-10-21 09:00:00,15.7,0.0
1990-10-22 00:00:00,14.3,0.0
1990-10-22 09:00:00,12.9,0.0
1990-10-23 00:00:00,11.875,0.0
1990-10-23 09:00:00,10.85,0.0
1990-10-24 00:00:00,12.05,0.0
1990-10-24 09:00:00,13.25,1.55
1990-10-25 00:00:00,12.925,3.1
1990-10-25 09:00:00,12.6,4.65
1990-10-26 00:00:00,12.975,6.2
1990-10-26 09:00:00,13.35,8.2
1990-10-27 00:00:00,11.8,10.2
1990-10-27 09:00:00,10.25,10.2
1990-10-28 00:00:00,10.625,10.2
1990-10-28 09:00:00,11.0,5.1
1990-10-29 00:00:00,9.75,0.0
1990-10-29 09:00:00,8.5,0.85
1990-10-30 00:00:00,8.475,1.7
1990-10-30 09:00:00,8.45,0.85
1990-10-31 00:00:00,9.55,0.0
1990-10-31 09:00:00,10.65,0.0
1990-11-01 00:00:00,10.125,0.0
1990-11-01 09:00:00,9.6,0.0
1990-11-02 00:00:00,9.274999999999999,0.0
1990-11-02 09:00:00,8.95,0.5
1990-11-03 00:00:00,7.925,1.0
1990-11-03 09:00:00,6.9,0.5
1990-11-04 00:00:00,7.075,0.0
1990-11-04 09:00:00,7.25,0.0
1990-11-05 00:00:00,7.225,0.0
1990-11-05 09:00:00,7.199999999999999,0.0
1990-11-06 00:00:00,7.449999999999999,0.0
1990-11-06 09:00:00,7.7,0.0
1990-11-07 00:00:00,8.075,0.0
1990-11-07 09:00:00,8.45,0.0
1990-11-08 00:00:00,8.149999999999999,0.0
1990-11-08 09:00:00,7.85,0.0
1990-11-09 00:00:00,7.225,0.0
1990-11-09 09:00:00,6.6,0.15
1990-11-10 00:00:00,7.7749999999999995,0.3
1990-11-10 09:00:00,8.95,0.55
1990-11-11 00:00:00,10.524999999999999,0.8
1990-11-11 09:00:00,12.1,2.1500000000000004
1990-11-12 00:00:00,10.85,3.5
1990-11-12 09:00:00,9.6,2.25
1990-11-13 00:00:00,11.475,1.0
1990-11-13 09:00:00,13.35,2.35
1990-11-14 00:00:00,13.55,3.7
1990-11-14 09:00:00,13.75,1.85
1990-11-15 00:00:00,12.775,0.0
1990-11-15 09:00:00,11.8,0.15
1990-11-16 00:00:00,12.225000000000001,0.3
1990-11-16 09:00:00,12.65,1.0999999999999999
1990-11-17 00:00:00,13.7,1.9
1990-11-17 09:00:00,14.75,1.5
1990-11-18 00:00:00,13.725,1.1
1990-11-18 09:00:00,12.7,0.7000000000000001
1990-11-19 00:00:00,10.725,0.3
1990-11-19 09:00:00,8.75,1.5000000000000002
1990-11-20 00:00:00,7.9,2.7
1990-11-20 09:00:00,7.05,1.35
1990-11-21 00:00:00,5.975,0.0
1990-11-21 09:00:00,4.9,0.0
1990-11-22 00:00:00,4.9,0.0
1990-11-22 09:00:00,4.9,0.0
1990-11-23 00:00:00,4.7,0.0
1990-11-23 09:00:00,4.5,3.7
1990-11-24 00:00:00,5.0,7.4
1990-11-24 09:00:00,5.5,3.7
1990-11-25 00:00:00,5.45,0.0
1990-11-25 09:00:00,5.4,3.7
1990-11-26 00:00:00,6.2,7.4
1990-11-26 09:00:00,7.0,4.85
1990-11-27 00:00:00,7.25,2.3
1990-11-27 09:00:00,7.5,1.15
1990-11-28 00:00:00,6.775,0.0
1990-11-28 09:00:00,6.050000000000001,0.15
1990-11-29 00:00:00,6.4,0.3
1990-11-29 09:00:00,6.75,0.15
1990-11-30 00:00:00,6.7,0.0
1990-11-30 09:00:00,6.65,0.0
1990-12-01 00:00:00,6.8,0.0
1990-12-01 09:00:00,6.949999999999999,0.0
1990-12-02 00:00:00,6.824999999999999,0.0
1990-12-02 09:00:00,6.7,0.0
1990-12-03 00:00:00,6.25,0.0
1990-12-03 09:00:00,5.8,0.0
1990-12-04 00:00:00,6.0,0.0
1990-12-04 09:00:00,6.199999999999999,0.0
1990-12-05 00:00:00,6.324999999999999,0.0
1990-12-05 09:00:00,6.45,0.0
1990-12-06 00:00:00,5.175,0.0
1990-12-06 09:00:00,3.9,0.0
1990-12-07 00:00:00,3.925,0.0
1990-12-07 09:00:00,3.95,0.95
1990-12-08 00:00:00,4.425000000000001,1.9
1990-12-08 09:00:00,4.9,4.5
1990-12-09 00:00:00,3.2,7.1
1990-12-09 09:00:00,1.5,7.05
1990-12-10 00:00:00,2.825,7.0
1990-12-10 09:00:00,4.15,3.55
1990-12-11 00:00:00,5.325,0.1
1990-12-11 09:00:00,6.5,0.45000000000000007
1990-12-12 00:00:00,7.025,0.8
1990-12-12 09:00:00,7.550000000000001,0.4
1990-12-13 00:00:00,6.3500000000000005,0.0
1990-12-13 09:00:00,5.15,0.0
1990-12-14 00:00:00,4.325,0.0
1990-12-14 09:00:00,3.5,0.0
1990-12-15 00:00:00,2.7,0.0
1990-12-15 09:00:00,1.9,0.2
1990-12-16 00:00:00,2.2,0.4
1990-12-16 09:00:00,2.5,0.2
1990-12-17 00:00:00,2.55,0.0
1990-12-17 09:00:00,2.6,0.0
1990-12-18 00:00:00,2.9000000000000004,0.0
1990-12-18 09:00:00,3.2,0.0
1990-12-19 00:00:00,2.475,0.0
1990-12-19 09:00:00,1.75,0.0
1990-12-20 00:00:00,2.5,0.0
1990-12-20 09:00:00,3.25,3.15
1990-12-21 00:00:00,5.2,6.3
1990-12-21 09:00:00,7.15,3.3
1990-12-22 00:00:00,8.425,0.3
1990-12-22 09:00:00,9.7,0.15
1990-12-23 00:00:00,9.85,0.0
1990-12-23 09:00:00,10.0,0.2
1990-12-24 00:00:00,9.7,0.4
1990-12-24 09:00:00,9.4,1.0
1990-12-25 00:00:00,8.25,1.6
1990-12-25 09:00:00,7.1,7.800000000000001
1990-12-26 00:00:00,6.949999999999999,14.0
1990-12-26 09:00:00,6.8,9.05
1990-12-27 00:00:00,7.65,4.1
1990-12-27 09:00:00,8.5,2.05
1990-12-28 00:00:00,6.95,0.0
1990-12-28 09:00:00,5.4,1.8
1990-12-29 00:00:00,7.2250000000000005,3.6
1990-12-29 09:00:00,9.05,7.300000000000001
1990-12-30 00:00:00,8.025,11.0
1990-12-30 09:00:00,7.0,5.5
1990-12-31 00:00:00,7.2,0.0
1990-12-31 09:00:00,7.4,1.5
1991-01-01 00:00:00,6.4,3.0
1991-01-01 09:00:00,5.4,3.65
1991-01-02 00:00:00,6.425000000000001,4.3
1991-01-02 09:00:00,7.45,5.5
1991-01-03 00:00:00,8.725,6.7
1991-01-03 09:00:00,10.0,5.95
1991-01-04 00:00:00,8.475,5.2
1991-01-04 09:00:00,6.95,3.8
1991-01-05 00:00:00,6.65,2.4
1991-01-05 09:00:00,6.35,2.1
1991-01-06 00:00:00,6.825,1.8
1991-01-06 09:00:00,7.300000000000001,5.0
1991-01-07 00:00:00,7.2,8.2
1991-01-07 09:00:00,7.1,5.1
1991-01-08 00:00:00,6.925,2.0
1991-01-08 09:00:00,6.75,3.8
1991-01-09 00:00:00,7.325,5.6
1991-01-09 09:00:00,7.9,8.3
1991-01-10 00:00:00,8.575,11.0
1991-01-10 09:00:00,9.25,7.75
1991-01-11 00:00:00,8.375,4.5
1991-01-11 09:00:00,7.5,3.05
1991-01-12 00:00:00,6.075,1.6
1991-01-12 09:00:00,4.65,0.8
1991-01-13 00:00:00,4.300000000000001,0.0
1991-01-13 09:00:00,3.95,0.0
1991-01-14 00:00:00,3.625,0.0
1991-01-14 09:00:00,3.3,0.0
1991-01-15 00:00:00,3.45,0.0
1991-01-15 09:00:00,3.6,0.0
1991-01-16 00:00:00,3.25,0.0
1991-01-16 09:00:00,2.9,0.0
1991-01-17 00:00:00,3.875,0.0
1991-01-17 09:00:00,4.85,0.05
1991-01-18 00:00:00,6.25,0.1
1991-01-18 09:00:00,7.65,3.5000000000000004
1991-01-19 00:00:00,7.05,6.9
1991-01-19 09:00:00,6.449999999999999,3.5
1991-01-20 00:00:00,6.1,0.1
1991-01-20 09:00:00,5.75,0.05
1991-01-21 00:00:00,6.95,0.0
1991-01-21 09:00:00,8.15,0.0
1991-01-22 00:00:00,7.275,0.0
1991-01-22 09:00:00,6.4,0.0
1991-01-23 00:00:00,5.75,0.0
1991-01-23 09:00:00,5.1,0.0
1991-01-24 00:00:00,4.824999999999999,0.0
1991-01-24 09:00:00,4.55,0.0
1991-01-25 00:00:00,4.05,0.0
1991-01-25 09:00:00,3.55,0.0
1991-01-26 00:00:00,3.275,0.0
1991-01-26 09:00:00,3.0,0.0
1991-01-27 00:00:00,3.075,0.0
1991-01-27 09:00:00,3.15,0.0
1991-01-28 00:00:00,3.55,0.0
1991-01-28 09:00:00,3.95,0.0
1991-01-29 00:00:00,3.6,0.0
1991-01-29 09:00:00,3.25,0.0
1991-01-30 00:00:00,2.525,0.0
1991-01-30 09:00:00,1.8,0.0
1991-01-31 00:00:00,1.625,0.0
1991-01-31 09:00:00,1.4500000000000002,1.25
1991-02-01 00:00:00,2.075,2.5
1991-02-01 09:00:00,2.7,4.0
1991-02-02 00:00:00,2.8000000000000003,5.5
1991-02-02 09:00:00,2.9000000000000004,2.75
1991-02-03 00:00:00,2.3000000000000003,0.0
1991-02-03 09:00:00,1.7,0.0
1991-02-04 00:00:00,1.375,0.0
1991-02-04 09:00:00,1.05,0.0
1991-02-05 00:00:00,1.175,0.0
1991-02-05 09:00:00,1.3,0.0
1991-02-06 00:00:00,1.1,0.0
1991-02-06 09:00:00,0.9,0.15
1991-02-07 00:00:00,-1.3250000000000002,0.3
1991-02-07 09:00:00,-3.55,5.8999999999999995
1991-02-08 00:00:00,-3.9499999999999997,11.5
1991-02-08 09:00:00,-4.35,6.5
1991-02-09 00:00:00,-3.925,1.5
1991-02-09 09:00:00,-3.5,1.1
1991-02-10 00:00:00,-4.35,0.7
1991-02-10 09:00:00,-5.2,0.7
1991-02-11 00:00:00,-3.2750000000000004,0.7
1991-02-11 09:00:00,-1.35,0.35
1991-02-12 00:00:00,-0.875,0.0
1991-02-12 09:00:00,-0.3999999999999999,3.15
1991-02-13 00:00:00,0.07500000000000001,6.3
1991-02-13 09:00:00,0.5499999999999999,3.15
1991-02-14 00:00:00,-0.07500000000000007,0.0
1991-02-14 09:00:00,-0.7000000000000002,1.6
1991-02-15 00:00:00,0.575,3.2
1991-02-15 09:00:00,1.85,1.8
1991-02-16 00:00:00,3.45,0.4
1991-02-16 09:00:00,5.05,0.2
1991-02-17 00:00:00,4.525,0.0
1991-02-17 09:00:00,4.0,0.0
1991-02-18 00:00:00,3.95,0.0
1991-02-18 09:00:00,3.9,0.0
1991-02-19 00:00:00,3.05,0.0
1991-02-19 09:00:00,2.2,0.0
1991-02-20 00:00:00,2.4000000000000004,0.0
1991-02-20 09:00:00,2.6,0.55
1991-02-21 00:00:00,4.35,1.1
1991-02-21 09:00:00,6.1,1.2000000000000002
1991-02-22 00:00:00,6.025,1.3
1991-02-22 09:00:00,5.95,1.65
1991-02-23 00:00:00,7.475,2.0
1991-02-23 09:00:00,9.0,1.0
1991-02-24 00:00:00,10.025,0.0
1991-02-24 09:00:00,11.05,0.0
1991-02-25 00:00:00,10.2,0.0
1991-02-25 09:00:00,9.35,0.0
1991-02-26 00:00:00,10.05,0.0
1991-02-26 09:00:00,10.75,0.0
1991-02-27 00:00:00,9.575,0.0
1991-02-27 09:00:00,8.4,4.4
1991-02-28 00:00:00,7.625,8.8
1991-02-28 09:00:00,6.85,4.4
1991-03-01 00:00:00,6.85,0.0
1991-03-01 09:00:00,6.85,0.0
1991-03-02 00:00:00,6.2,0.0
1991-03-02 09:00:00,5.550000000000001,0.2
1991-03-03 00:00:00,5.75,0.4
1991-03-03 09:00:00,5.949999999999999,0.2
1991-03-04 00:00:00,7.25,0.0
1991-03-04 09:00:00,8.55,0.25
1991-03-05 00:00:00,9.2,0.5
1991-03-05 09:00:00,9.85,4.25
1991-03-06 00:00:00,10.274999999999999,8.0
1991-03-06 09:00:00,10.7,4.7
1991-03-07 00:00:00,11.125,1.4
1991-03-07 09:00:00,11.55,1.6
1991-03-08 00:00:00,11.7,1.8
1991-03-08 09:00:00,11.85,0.9
1991-03-09 00:00:00,12.05,0.0
1991-03-09 09:00:00,12.25,0.0
1991-03-10 00:00:00,11.1,0.0
1991-03-10 09:00:00,9.95,0.2
1991-03-11 00:00:00,10.075,0.4
1991-03-11 09:00:00,10.2,0.2
1991-03-12 00:00:00,10.725,0.0
1991-03-12 09:00:00,11.25,0.0
1991-03-13 00:00:00,11.25,0.0
1991-03-13 09:00:00,11.25,0.0
1991-03-14 00:00:00,12.2,0.0
1991-03-14 09:00:00,13.15,0.1
1991-03-15 00:00:00,12.55,0.2
1991-03-15 09:00:00,11.95,0.25
1991-03-16 00:00:00,11.25,0.3
1991-03-16 09:00:00,10.55,3.8
1991-03-17 00:00:00,11.2,7.3
1991-03-17 09:00:00,11.85,3.65
1991-03-18 00:00:00,10.825,0.0
1991-03-18 09:00:00,9.8,1.0
1991-03-19 00:00:00,10.95,2.0
1991-03-19 09:00:00,12.1,1.0
1991-03-20 00:00:00,12.85,0.0
1991-03-20 09:00:00,13.6,0.4
1991-03-21 00:00:00,12.2,0.8
1991-03-21 09:00:00,10.8,0.4
1991-03-22 00:00:00,9.8,0.0
1991-03-22 09:00:00,8.799999999999999,1.5
1991-03-23 00:00:00,7.7749999999999995,3.0
1991-03-23 09:00:00,6.75,1.5
1991-03-24 00:00:00,6.375,0.0
1991-03-24 09:00:00,6.0,0.0
1991-03-25 00:00:00,6.875,0.0
1991-03-25 09:00:00,7.75,0.0
1991-03-26 00:00:00,8.275,0.0
1991-03-26 09:00:00,8.8,0.0
1991-03-27 00:00:00,7.75,0.0
1991-03-27 09:00:00,6.7,0.0
1991-03-28 00:00:00,7.9,0.0
1991-03-28 09:00:00,9.1,0.0
1991-03-29 00:00:00,9.524999999999999,0.0
1991-03-29 09:00:00,9.95,0.0
1991-03-30 00:00:00,8.4,0.0
1991-03-30 09:00:00,6.8500000000000005,0.0
1991-03-31 00:00:00,8.225,0.0
1991-03-31 09:00:00,9.6,0.0
1991-04-01 00:00:00,10.524999999999999,0.0
1991-04-01 09:00:00,11.45,0.3
1991-04-02 00:00:00,10.075,0.6
1991-04-02 09:00:00,8.7,0.8
1991-04-03 00:00:00,8.424999999999999,1.0
1991-04-03 09:00:00,8.149999999999999,0.5
1991-04-04 00:00:00,9.125,0.0
1991-04-04 09:00:00,10.1,2.95
1991-04-05 00:00:00,9.325,5.9
1991-04-05 09:00:00,8.55,3.0500000000000003
1991-04-06 00:00:00,8.0,0.2
1991-04-06 09:00:00,7.45,1.7999999999999998
1991-04-07 00:00:00,8.325,3.4
1991-04-07 09:00:00,9.2,1.7
1991-04-08 00:00:00,9.575,0.0
1991-04-08 09:00:00,9.95,0.0
1991-04-09 00:00:00,10.649999999999999,0.0
1991-04-09 09:00:00,11.35,0.0
1991-04-10 00:00:00,11.05,0.0
1991-04-10 09:00:00,10.75,0.0
1991-04-11 00:00:00,12.875,0.0
1991-04-11 09:00:00,15.0,0.0
1991-04-12 00:00:00,15.05,0.0
1991-04-12 09:00:00,15.1,0.0
1991-04-13 00:00:00,15.600000000000001,0.0
1991-04-13 09:00:00,16.1,0.0
1991-04-14 00:00:00,14.125,0.0
1991-04-14 09:00:00,12.15,0.0
1991-04-15 00:00:00,10.95,0.0
1991-04-15 09:00:00,9.75,0.0
1991-04-16 00:00:00,10.325,0.0
1991-04-16 09:00:00,10.9,0.0
1991-04-17 00:00:00,9.025,0.0
1991-04-17 09:00:00,7.15,0.0
1991-04-18 00:00:00,6.9,0.0
1991-04-18 09:00:00,6.65,3.25
1991-04-19 00:00:00,6.525,6.5
1991-04-19 09:00:00,6.4,4.5
1991-04-20 00:00:00,5.875,2.5
1991-04-20 09:00:00,5.35,1.25
1991-04-21 00:00:00,4.875,0.0
1991-04-21 09:00:00,4.4,1.2
1991-04-22 00:00:00,6.1,2.4
1991-04-22 09:00:00,7.8,1.2
1991-04-23 00:00:00,7.275,0.0
1991-04-23 09:00:00,6.75,0.0
1991-04-24 00:00:00,8.225,0.0
1991-04-24 09:00:00,9.7,0.0
1991-04-25 00:00:00,9.875,0.0
1991-04-25 09:00:00,10.05,0.1
1991-04-26 00:00:00,9.425,0.2
1991-04-26 09:00:00,8.8,0.1
1991-04-27 00:00:00,9.600000000000001,0.0
1991-04-27 09:00:00,10.4,0.0
1991-04-28 00:00:00,9.55,0.0
1991-04-28 09:00:00,8.7,0.0
1991-04-29 00:00:00,9.375,0.0
1991-04-29 09:00:00,10.05,16.0
1991-04-30 00:00:00,9.575,32.0
1991-04-30 09:00:00,9.1,18.05
1991-05-01 00:00:00,8.325,4.1
1991-05-01 09:00:00,7.55,2.05
1991-05-02 00:00:00,7.699999999999999,0.0
1991-05-02 09:00:00,7.85,0.2
1991-05-03 00:00:00,8.05,0.4
1991-05-03 09:00:00,8.25,3.4499999999999997
1991-05-04 00:00:00,8.125,6.5
1991-05-04 09:00:00,8.0,5.2
1991-05-05 00:00:00,8.45,3.9
1991-05-05 09:00:00,8.9,3.0999999999999996
1991-05-06 00:00:00,8.524999999999999,2.3
1991-05-06 09:00:00,8.149999999999999,1.15
1991-05-07 00:00:00,8.125,0.0
1991-05-07 09:00:00,8.100000000000001,0.15
1991-05-08 00:00:00,8.65,0.3
1991-05-08 09:00:00,9.2,0.4
1991-05-09 00:00:00,8.975,0.5
1991-05-09 09:00:00,8.75,0.25
1991-05-10 00:00:00,8.825,0.0
1991-05-10 09:00:00,8.9,0.0
1991-05-11 00:00:00,10.8,0.0
1991-05-11 09:00:00,12.7,0.0
1991-05-12 00:00:00,12.45,0.0
1991-05-12 09:00:00,12.2,0.0
1991-05-13 00:00:00,13.625,0.0
1991-05-13 09:00:00,15.05,0.0
1991-05-14 00:00:00,14.925,0.0
1991-05-14 09:00:00,14.8,0.0
1991-05-15 00:00:00,13.275,0.0
1991-05-15 09:00:00,11.75,0.25
1991-05-16 00:00:00,12.2,0.5
1991-05-16 09:00:00,12.65,1.05
1991-05-17 00:00:00,11.5,1.6
1991-05-17 09:00:00,10.35,0.8
1991-05-18 00:00:00,10.8,0.0
1991-05-18 09:00:00,11.25,0.0
1991-05-19 00:00:00,11.725,0.0
1991-05-19 09:00:00,12.2,0.0
1991-05-20 00:00:00,13.35,0.0
1991-05-20 09:00:00,14.5,0.0
1991-05-21 00:00:00,15.85,0.0
1991-05-21 09:00:00,17.2,0.0
1991-05-22 00:00:00,18.225,0.0
1991-05-22 09:00:00,19.25,0.0
1991-05-23 00:00:00,17.425,0.0
1991-05-23 09:00:00,15.6,0.0
1991-05-24 00:00:00,14.725,0.0
1991-05-24 09:00:00,13.85,0.0
1991-05-25 00:00:00,14.1,0.0
1991-05-25 09:00:00,14.35,0.0
1991-05-26 00:00:00,15.7,0.0
1991-05-26 09:00:00,17.049999999999997,0.0
1991-05-27 00:00:00,15.349999999999998,0.0
1991-05-27 09:00:00,13.65,0.0
1991-05-28 00:00:00,14.45,0.0
1991-05-28 09:00:00,15.25,0.0
1991-05-29 00:00:00,13.375,0.0
1991-05-29 09:00:00,11.5,0.0
1991-05-30 00:00:00,11.8,0.0
1991-05-30 09:00:00,12.1,0.0
1991-05-31 00:00:00,12.375,0.0
1991-05-31 09:00:00,12.65,0.0
1991-06-01 00:00:00,12.125,0.0
1991-06-01 09:00:00,11.6,0.0
1991-06-02 00:00:00,11.125,0.0
1991-06-02 09:00:00,10.65,1.3
1991-06-03 00:00:00,11.125,2.6
1991-06-03 09:00:00,11.6,1.85
1991-06-04 00:00:00,10.7,1.1
1991-06-04 09:00:00,9.8,0.9
1991-06-05 00:00:00,9.975000000000001,0.7
1991-06-05 09:00:00,10.15,4.95
1991-06-06 00:00:00,11.7,9.2
1991-06-06 09:00:00,13.25,4.8999999999999995
1991-06-07 00:00:00,14.05,0.6
1991-06-07 09:00:00,14.85,2.3499999999999996
1991-06-08 00:00:00,13.975,4.1
1991-06-08 09:00:00,13.1,2.5999999999999996
1991-06-09 00:00:00,13.575,1.1
1991-06-09 09:00:00,14.05,0.55
1991-06-10 00:00:00,14.8,0.0
1991-06-10 09:00:00,15.55,0.75
1991-06-11 00:00:00,14.850000000000001,1.5
1991-06-11 09:00:00,14.15,2.05
1991-06-12 00:00:00,14.4,2.6
1991-06-12 09:00:00,14.65,1.35
1991-06-13 00:00:00,15.15,0.1
1991-06-13 09:00:00,15.65,0.7999999999999999
1991-06-14 00:00:00,14.675,1.5
1991-06-14 09:00:00,13.7,5.1
1991-06-15 00:00:00,14.05,8.7
1991-06-15 09:00:00,14.4,5.6
1991-06-16 00:00:00,13.600000000000001,2.5
1991-06-16 09:00:00,12.8,2.8
1991-06-17 00:00:00,13.125,3.1
1991-06-17 09:00:00,13.45,1.55
1991-06-18 00:00:00,12.899999999999999,0.0
1991-06-18 09:00:00,12.35,0.4
1991-06-19 00:00:00,12.45,0.8
1991-06-19 09:00:00,12.55,0.6000000000000001
1991-06-20 00:00:00,13.325,0.4
1991-06-20 09:00:00,14.1,0.2
1991-06-21 00:00:00,14.8,0.0
1991-06-21 09:00:00,15.5,0.05
1991-06-22 00:00:00,16.15,0.1
1991-06-22 09:00:00,16.8,0.55
1991-06-23 00:00:00,16.325,1.0
1991-06-23 09:00:00,15.85,7.3
1991-06-24 00:00:00,15.05,13.6
1991-06-24 09:00:00,14.25,10.7
1991-06-25 00:00:00,14.85,7.8
1991-06-25 09:00:00,15.45,7.15
1991-06-26 00:00:00,15.175,6.5
1991-06-26 09:00:00,14.9,13.8
1991-06-27 00:00:00,14.350000000000001,21.1
1991-06-27 09:00:00,13.8,13.0
1991-06-28 00:00:00,14.725000000000001,4.9
1991-06-28 09:00:00,15.65,4.2
1991-06-29 00:00:00,15.425,3.5
1991-06-29 09:00:00,15.2,2.3
1991-06-30 00:00:00,16.2,1.1
1991-06-30 09:00:00,17.2,2.1
1991-07-01 00:00:00,17.25,3.1
1991-07-01 09:00:00,17.3,1.6500000000000001
1991-07-02 00:00:00,16.700000000000003,0.2
1991-07-02 09:00:00,16.1,8.0
1991-07-03 00:00:00,16.55,15.8
1991-07-03 09:00:00,17.0,7.9
1991-07-04 00:00:00,18.25,0.0
1991-07-04 09:00:00,19.5,0.0
1991-07-05 00:00:00,20.725,0.0
1991-07-05 09:00:00,21.95,0.05
1991-07-06 00:00:00,22.25,0.1
1991-07-06 09:00:00,22.55,0.05
1991-07-07 00:00:00,21.450000000000003,0.0
1991-07-07 09:00:00,20.35,0.0
1991-07-08 00:00:00,21.0,0.0
1991-07-08 09:00:00,21.65,0.0
1991-07-09 00:00:00,19.674999999999997,0.0
1991-07-09 09:00:00,17.7,0.0
1991-07-10 00:00:00,17.799999999999997,0.0
1991-07-10 09:00:00,17.9,0.0
1991-07-11 00:00:00,19.775,0.0
1991-07-11 09:00:00,21.65,0.0
1991-07-12 00:00:00,21.25,0.0
1991-07-12 09:00:00,20.85,0.0
1991-07-13 00:00:00,19.450000000000003,0.0
1991-07-13 09:00:00,18.05,0.05
1991-07-14 00:00:00,17.225,0.1
1991-07-14 09:00:00,16.4,0.15000000000000002
1991-07-15 00:00:00,17.725,0.2
1991-07-15 09:00:00,19.05,0.1
1991-07-16 00:00:00,18.275,0.0
1991-07-16 09:00:00,17.5,0.65
1991-07-17 00:00:00,16.875,1.3
1991-07-17 09:00:00,16.25,7.05
1991-07-18 00:00:00,16.85,12.8
1991-07-18 09:00:00,17.45,7.9
1991-07-19 00:00:00,18.299999999999997,3.0
1991-07-19 09:00:00,19.15,1.5
1991-07-20 00:00:00,18.125,0.0
1991-07-20 09:00:00,17.1,0.0
1991-07-21 00:00:00,18.3,0.0
1991-07-21 09:00:00,19.5,0.0
1991-07-22 00:00:00,18.375,0.0
1991-07-22 09:00:00,17.25,0.0
1991-07-23 00:00:00,19.0,0.0
1991-07-23 09:00:00,20.75,0.5
1991-07-24 00:00:00,20.675,1.0
1991-07-24 09:00:00,20.6,5.5
1991-07-25 00:00:00,18.275,10.0
1991-07-25 09:00:00,15.95,5.0
1991-07-26 00:00:00,16.975,0.0
1991-07-26 09:00:00,18.0,0.0
1991-07-27 00:00:00,18.5,0.0
1991-07-27 09:00:00,19.0,0.0
1991-07-28 00:00:00,19.2,0.0
1991-07-28 09:00:00,19.4,0.0
1991-07-29 00:00:00,20.1,0.0
1991-07-29 09:00:00,20.8,0.0
1991-07-30 00:00:00,21.875,0.0
1991-07-30 09:00:00,22.95,11.35
1991-07-31 00:00:00,19.975,22.7
1991-07-31 09:00:00,17.0,11.35
1991-08-01 00:00:00,18.025,0.0
1991-08-01 09:00:00,19.05,0.5
1991-08-02 00:00:00,19.075000000000003,1.0
1991-08-02 09:00:00,19.1,0.5
1991-08-03 00:00:00,19.75,0.0
1991-08-03 09:00:00,20.4,0.0
1991-08-04 00:00:00,20.525,0.0
1991-08-04 09:00:00,20.65,0.15
1991-08-05 00:00:00,20.475,0.3
1991-08-05 09:00:00,20.3,0.15
1991-08-06 00:00:00,20.5,0.0
1991-08-06 09:00:00,20.700000000000003,0.0
1991-08-07 00:00:00,20.275000000000002,0.0
1991-08-07 09:00:00,19.85,11.8
1991-08-08 00:00:00,18.650000000000002,23.6
1991-08-08 09:00:00,17.450000000000003,11.8
1991-08-09 00:00:00,17.900000000000002,0.0
1991-08-09 09:00:00,18.35,0.0
1991-08-10 00:00:00,20.05,0.0
1991-08-10 09:00:00,21.75,0.0
1991-08-11 00:00:00,22.25,0.0
1991-08-11 09:00:00,22.75,0.5
1991-08-12 00:00:00,20.125,1.0
1991-08-12 09:00:00,17.5,0.5
1991-08-13 00:00:00,18.35,0.0
1991-08-13 09:00:00,19.2,0.0
1991-08-14 00:00:00,19.799999999999997,0.0
1991-08-14 09:00:00,20.4,0.0
1991-08-15 00:00:00,20.375,0.0
1991-08-15 09:00:00,20.35,0.0
1991-08-16 00:00:00,20.700000000000003,0.0
1991-08-16 09:00:00,21.05,0.0
1991-08-17 00:00:00,20.225,0.0
1991-08-17 09:00:00,19.4,0.0
1991-08-18 00:00:00,18.549999999999997,0.0
1991-08-18 09:00:00,17.7,0.0
1991-08-19 00:00:00,16.8,0.0
1991-08-19 09:00:00,15.9,0.0
1991-08-20 00:00:00,18.125,0.0
1991-08-20 09:00:00,20.35,0.0
1991-08-21 00:00:00,20.25,0.0
1991-08-21 09:00:00,20.15,0.0
1991-08-22 00:00:00,21.475,0.0
1991-08-22 09:00:00,22.8,0.1
1991-08-23 00:00:00,21.15,0.2
1991-08-23 09:00:00,19.5,2.85
1991-08-24 00:00:00,17.725,5.5
1991-08-24 09:00:00,15.95,2.75
1991-08-25 00:00:00,16.674999999999997,0.0
1991-08-25 09:00:00,17.4,0.0
1991-08-26 00:00:00,18.299999999999997,0.0
1991-08-26 09:00:00,19.2,0.0
1991-08-27 00:00:00,19.799999999999997,0.0
1991-08-27 09:00:00,20.4,0.0
1991-08-28 00:00:00,20.475,0.0
1991-08-28 09:00:00,20.55,0.0
1991-08-29 00:00:00,19.1,0.0
1991-08-29 09:00:00,17.65,0.0
1991-08-30 00:00:00,18.125,0.0
1991-08-30 09:00:00,18.6,0.0
1991-08-31 00:00:00,19.175,0.0
1991-08-31 09:00:00,19.75,0.0
1991-09-01 00:00:00,20.0,0.0
1991-09-01 09:00:00,20.25,0.0
1991-09-02 00:00:00,21.2,0.0
1991-09-02 09:00:00,22.15,0.0
1991-09-03 00:00:00,21.45,0.0
1991-09-03 09:00:00,20.75,0.0
1991-09-04 00:00:00,20.575,0.0
1991-09-04 09:00:00,20.4,0.0
1991-09-05 00:00:00,20.875,0.0
1991-09-05 09:00:00,21.35,0.0
1991-09-06 00:00:00,20.3,0.0
1991-09-06 09:00:00,19.25,0.0
1991-09-07 00:00:00,17.425,0.0
1991-09-07 09:00:00,15.6,0.0
1991-09-08 00:00:00,15.6,0.0
1991-09-08 09:00:00,15.6,0.0
1991-09-09 00:00:00,17.05,0.0
1991-09-09 09:00:00,18.5,0.0
1991-09-10 00:00:00,18.35,0.0
1991-09-10 09:00:00,18.2,0.0
1991-09-11 00:00:00,18.674999999999997,0.0
1991-09-11 09:00:00,19.15,0.0
1991-09-12 00:00:00,17.45,0.0
1991-09-12 09:00:00,15.75,0.0
1991-09-13 00:00:00,15.6,0.0
1991-09-13 09:00:00,15.45,0.0
1991-09-14 00:00:00,16.875,0.0
1991-09-14 09:00:00,18.3,1.85
1991-09-15 00:00:00,18.950000000000003,3.7
1991-09-15 09:00:00,19.6,3.25
1991-09-16 00:00:00,18.825000000000003,2.8
1991-09-16 09:00:00,18.05,2.95
1991-09-17 00:00:00,16.975,3.1
1991-09-17 09:00:00,15.9,1.55
1991-09-18 00:00:00,16.724999999999998,0.0
1991-09-18 09:00:00,17.549999999999997,0.1
1991-09-19 00:00:00,15.649999999999999,0.2
1991-09-19 09:00:00,13.75,0.1
1991-09-20 00:00:00,13.575,0.0
1991-09-20 09:00:00,13.4,0.0
1991-09-21 00:00:00,14.600000000000001,0.0
1991-09-21 09:00:00,15.8,4.35
1991-09-22 00:00:00,17.075000000000003,8.7
1991-09-22 09:00:00,18.35,4.35
1991-09-23 00:00:00,17.1,0.0
1991-09-23 09:00:00,15.85,0.0
1991-09-24 00:00:00,16.75,0.0
1991-09-24 09:00:00,17.65,2.25
1991-09-25 00:00:00,16.65,4.5
1991-09-25 09:00:00,15.65,2.25
1991-09-26 00:00:00,14.65,0.0
1991-09-26 09:00:00,13.65,9.85
1991-09-27 00:00:00,13.850000000000001,19.7
1991-09-27 09:00:00,14.05,9.85
1991-09-28 00:00:00,12.2,0.0
1991-09-28 09:00:00,10.35,3.1
1991-09-29 00:00:00,12.024999999999999,6.2
1991-09-29 09:00:00,13.7,3.3000000000000003
1991-09-30 00:00:00,13.25,0.4
1991-09-30 09:00:00,12.8,0.25
1991-10-01 00:00:00,12.8,0.1
1991-10-01 09:00:00,12.8,0.05
1991-10-02 00:00:00,12.775,0.0
1991-10-02 09:00:00,12.75,0.0
1991-10-03 00:00:00,13.975,0.0
1991-10-03 09:00:00,15.2,0.15
1991-10-04 00:00:00,13.774999999999999,0.3
1991-10-04 09:00:00,12.35,0.15
1991-10-05 00:00:00,12.725,0.0
1991-10-05 09:00:00,13.1,0.95
1991-10-06 00:00:00,11.625,1.9
1991-10-06 09:00:00,10.15,0.95
1991-10-07 00:00:00,10.825,0.0
1991-10-07 09:00:00,11.5,0.0
1991-10-08 00:00:00,12.1,0.0
1991-10-08 09:00:00,12.7,0.0
1991-10-09 00:00:00,12.975,0.0
1991-10-09 09:00:00,13.25,0.15
1991-10-10 00:00:00,14.325,0.3
1991-10-10 09:00:00,15.4,0.15
1991-10-11 00:00:00,16.25,0.0
1991-10-11 09:00:00,17.1,0.0
1991-10-12 00:00:00,16.725,0.0
1991-10-12 09:00:00,16.35,0.0
1991-10-13 00:00:00,15.05,0.0
1991-10-13 09:00:00,13.75,0.25
1991-10-14 00:00:00,13.875,0.5
1991-10-14 09:00:00,14.0,0.25
1991-10-15 00:00:00,14.375,0.0
1991-10-15 09:00:00,14.75,0.0
1991-10-16 00:00:00,13.95,0.0
1991-10-16 09:00:00,13.15,1.25
1991-10-17 00:00:00,12.5,2.5
1991-10-17 09:00:00,11.85,1.35
1991-10-18 00:00:00,10.649999999999999,0.2
1991-10-18 09:00:00,9.45,0.1
1991-10-19 00:00:00,8.225,0.0
1991-10-19 09:00:00,7.0,0.0
1991-10-20 00:00:00,6.775,0.0
1991-10-20 09:00:00,6.55,0.0
1991-10-21 00:00:00,6.15,0.0
1991-10-21 09:00:00,5.75,0.0
1991-10-22 00:00:00,6.525,0.0
1991-10-22 09:00:00,7.300000000000001,0.0
1991-10-23 00:00:00,7.525,0.0
1991-10-23 09:00:00,7.75,0.0
1991-10-24 00:00:00,8.6,0.0
1991-10-24 09:00:00,9.45,0.0
1991-10-25 00:00:00,9.6,0.0
1991-10-25 09:00:00,9.75,0.1
1991-10-26 00:00:00,9.925,0.2
1991-10-26 09:00:00,10.1,0.1
1991-10-27 00:00:00,10.425,0.0
1991-10-27 09:00:00,10.75,0.05
1991-10-28 00:00:00,10.625,0.1
1991-10-28 09:00:00,10.5,0.15000000000000002
1991-10-29 00:00:00,11.425,0.2
1991-10-29 09:00:00,12.35,3.95
1991-10-30 00:00:00,12.274999999999999,7.7
1991-10-30 09:00:00,12.2,3.85
1991-10-31 00:00:00,11.149999999999999,0.0
1991-10-31 09:00:00,10.1,2.1
1991-11-01 00:00:00,11.925,4.2
1991-11-01 09:00:00,13.75,5.15
1991-11-02 00:00:00,13.5,6.1
1991-11-02 09:00:00,13.25,6.15
1991-11-03 00:00:00,12.425,6.2
1991-11-03 09:00:00,11.6,4.6
1991-11-04 00:00:00,9.575,3.0
1991-11-04 09:00:00,7.55,3.1
1991-11-05 00:00:00,7.025,3.2
1991-11-05 09:00:00,6.5,1.85
1991-11-06 00:00:00,5.3,0.5
1991-11-06 09:00:00,4.1,0.25
1991-11-07 00:00:00,6.575,0.0
1991-11-07 09:00:00,9.05,0.5
1991-11-08 00:00:00,10.5,1.0
1991-11-08 09:00:00,11.95,1.2
1991-11-09 00:00:00,9.674999999999999,1.4
1991-11-09 09:00:00,7.399999999999999,0.7
1991-11-10 00:00:00,6.174999999999999,0.0
1991-11-10 09:00:00,4.949999999999999,1.3
1991-11-11 00:00:00,6.1499999999999995,2.6
1991-11-11 09:00:00,7.35,1.3
1991-11-12 00:00:00,6.8,0.0
1991-11-12 09:00:00,6.25,2.7
1991-11-13 00:00:00,6.949999999999999,5.4
1991-11-13 09:00:00,7.649999999999999,2.7
1991-11-14 00:00:00,6.674999999999999,0.0
1991-11-14 09:00:00,5.7,0.0
1991-11-15 00:00:00,5.375,0.0
1991-11-15 09:00:00,5.05,0.0
1991-11-16 00:00:00,5.775,0.0
1991-11-16 09:00:00,6.5,0.0
1991-11-17 00:00:00,6.175,0.0
1991-11-17 09:00:00,5.85,0.25
1991-11-18 00:00:00,6.2749999999999995,0.5
1991-11-18 09:00:00,6.699999999999999,6.5
1991-11-19 00:00:00,7.6499999999999995,12.5
1991-11-19 09:00:00,8.6,12.5
1991-11-20 00:00:00,7.525,12.5
1991-11-20 09:00:00,6.45,6.25
1991-11-21 00:00:00,5.225,0.0
1991-11-21 09:00:00,4.0,0.0
1991-11-22 00:00:00,4.525,0.0
1991-11-22 09:00:00,5.05,0.0
1991-11-23 00:00:00,6.525,0.0
1991-11-23 09:00:00,8.0,0.0
1991-11-24 00:00:00,8.3,0.0
1991-11-24 09:00:00,8.6,0.0
1991-11-25 00:00:00,8.175,0.0
1991-11-25 09:00:00,7.75,0.2
1991-11-26 00:00:00,8.125,0.4
1991-11-26 09:00:00,8.5,0.2
1991-11-27 00:00:00,9.575,0.0
1991-11-27 09:00:00,10.65,0.0
1991-11-28 00:00:00,10.775,0.0
1991-11-28 09:00:00,10.9,0.0
1991-11-29 00:00:00,11.225000000000001,0.0
1991-11-29 09:00:00,11.55,0.0
1991-11-30 00:00:00,10.8,0.0
1991-11-30 09:00:00,10.05,0.0
1991-12-01 00:00:00,9.175,0.0
1991-12-01 09:00:00,8.3,0.0
1991-12-02 00:00:00,8.575,0.0
1991-12-02 09:00:00,8.85,0.0
1991-12-03 00:00:00,8.7,0.0
1991-12-03 09:00:00,8.55,0.0
1991-12-04 00:00:00,7.675000000000001,0.0
1991-12-04 09:00:00,6.8,0.0
1991-12-05 00:00:00,6.925,0.0
1991-12-05 09:00:00,7.05,0.0
1991-12-06 00:00:00,6.375,0.0
1991-12-06 09:00:00,5.699999999999999,0.0
1991-12-07 00:00:00,4.824999999999999,0.0
1991-12-07 09:00:00,3.95,0.0
1991-12-08 00:00:00,3.425,0.0
1991-12-08 09:00:00,2.9,0.0
1991-12-09 00:00:00,2.9749999999999996,0.0
1991-12-09 09:00:00,3.05,0.0
1991-12-10 00:00:00,3.325,0.0
1991-12-10 09:00:00,3.6,0.0
1991-12-11 00:00:00,2.25,0.0
1991-12-11 09:00:00,0.8999999999999999,0.0
1991-12-12 00:00:00,-0.44999999999999996,0.0
1991-12-12 09:00:00,-1.7999999999999998,0.0
1991-12-13 00:00:00,-1.275,0.0
1991-12-13 09:00:00,-0.7499999999999999,0.0
1991-12-14 00:00:00,0.9750000000000002,0.0
1991-12-14 09:00:00,2.7,0.0
1991-12-15 00:00:00,1.3250000000000002,0.0
1991-12-15 09:00:00,-0.05,0.0
1991-12-16 00:00:00,1.5499999999999998,0.0
1991-12-16 09:00:00,3.15,0.15
1991-12-17 00:00:00,6.1,0.3
1991-12-17 09:00:00,9.05,3.75
1991-12-18 00:00:00,8.775,7.2
1991-12-18 09:00:00,8.5,4.95
1991-12-19 00:00:00,8.9,2.7
1991-12-19 09:00:00,9.3,1.35
1991-12-20 00:00:00,8.9,0.0
1991-12-20 09:00:00,8.5,0.95
1991-12-21 00:00:00,8.125,1.9
1991-12-21 09:00:00,7.75,1.5499999999999998
1991-12-22 00:00:00,9.725,1.2
1991-12-22 09:00:00,11.7,0.6
1991-12-23 00:00:00,12.175,0.0
1991-12-23 09:00:00,12.65,0.0
1991-12-24 00:00:00,10.575,0.0
1991-12-24 09:00:00,8.5,0.0
1991-12-25 00:00:00,6.4,0.0
1991-12-25 09:00:00,4.3,0.0
1991-12-26 00:00:00,5.025,0.0
1991-12-26 09:00:00,5.75,0.0
1991-12-27 00:00:00,6.625,0.0
1991-12-27 09:00:00,7.5,0.0
1991-12-28 00:00:00,6.375,0.0
1991-12-28 09:00:00,5.25,0.0
1991-12-29 00:00:00,5.1,0.0
1991-12-29 09:00:00,4.95,0.0
1991-12-30 00:00:00,6.275,0.0
1991-12-30 09:00:00,7.6,0.0
1991-12-31 00:00:00,7.25,0.0
1991-12-31 09:00:00,6.9,0.0
1992-01-01 00:00:00,7.3,0.0
1992-01-01 09:00:00,7.699999999999999,0.0
1992-01-02 00:00:00,8.6,0.0
1992-01-02 09:00:00,9.5,0.0
1992-01-03 00:00:00,9.775,0.0
1992-01-03 09:00:00,10.05,1.4
1992-01-04 00:00:00,9.9,2.8
1992-01-04 09:00:00,9.75,2.5
1992-01-05 00:00:00,9.675,2.2
1992-01-05 09:00:00,9.6,1.1
1992-01-06 00:00:00,10.774999999999999,0.0
1992-01-06 09:00:00,11.95,0.0
1992-01-07 00:00:00,10.8,0.0
1992-01-07 09:00:00,9.65,0.7
1992-01-08 00:00:00,9.175,1.4
1992-01-08 09:00:00,8.7,1.5499999999999998
1992-01-09 00:00:00,9.45,1.7
1992-01-09 09:00:00,10.2,1.25
1992-01-10 00:00:00,8.1,0.8
1992-01-10 09:00:00,6.0,0.4
1992-01-11 00:00:00,5.0,0.0
1992-01-11 09:00:00,4.0,0.0
1992-01-12 00:00:00,2.8,0.0
1992-01-12 09:00:00,1.6,0.25
1992-01-13 00:00:00,2.5,0.5
1992-01-13 09:00:00,3.4,0.25
1992-01-14 00:00:00,3.7,0.0
1992-01-14 09:00:00,4.0,0.0
1992-01-15 00:00:00,4.975,0.0
1992-01-15 09:00:00,5.95,0.0
1992-01-16 00:00:00,5.175000000000001,0.0
1992-01-16 09:00:00,4.4,0.0
1992-01-17 00:00:00,3.95,0.0
1992-01-17 09:00:00,3.5,0.0
1992-01-18 00:00:00,4.075,0.0
1992-01-18 09:00:00,4.65,0.0
1992-01-19 00:00:00,5.125,0.0
1992-01-19 09:00:00,5.6,0.0
1992-01-20 00:00:00,6.35,0.0
1992-01-20 09:00:00,7.1,0.0
1992-01-21 00:00:00,5.25,0.0
1992-01-21 09:00:00,3.4000000000000004,0.0
1992-01-22 00:00:00,2.475,0.0
1992-01-22 09:00:00,1.55,0.0
1992-01-23 00:00:00,1.775,0.0
1992-01-23 09:00:00,2.0,0.0
1992-01-24 00:00:00,1.1,0.0
1992-01-24 09:00:00,0.1999999999999999,0.0
1992-01-25 00:00:00,0.29999999999999993,0.0
1992-01-25 09:00:00,0.4,0.4
1992-01-26 00:00:00,2.1750000000000003,0.8
1992-01-26 09:00:00,3.95,0.4
1992-01-27 00:00:00,3.9000000000000004,0.0
1992-01-27 09:00:00,3.85,0.0
1992-01-28 00:00:00,3.75,0.0
1992-01-28 09:00:00,3.65,0.0
1992-01-29 00:00:00,4.375,0.0
1992-01-29 09:00:00,5.1,0.0
1992-01-30 00:00:00,4.625,0.0
1992-01-30 09:00:00,4.15,0.0
1992-01-31 00:00:00,3.625,0.0
1992-01-31 09:00:00,3.1,0.0
1992-02-01 00:00:00,2.9000000000000004,0.0
1992-02-01 09:00:00,2.7,0.0
1992-02-02 00:00:00,2.075,0.0
1992-02-02 09:00:00,1.45,0.65
1992-02-03 00:00:00,2.8999999999999995,1.3
1992-02-03 09:00:00,4.35,0.65
1992-02-04 00:00:00,6.125,0.0
1992-02-04 09:00:00,7.9,0.1
1992-02-05 00:00:00,9.425,0.2
1992-02-05 09:00:00,10.95,0.1
1992-02-06 00:00:00,10.35,0.0
1992-02-06 09:00:00,9.75,0.0
1992-02-07 00:00:00,8.575,0.0
1992-02-07 09:00:00,7.4,0.0
1992-02-08 00:00:00,6.575,0.0
1992-02-08 09:00:00,5.75,0.0
1992-02-09 00:00:00,6.275,0.0
1992-02-09 09:00:00,6.800000000000001,0.25
1992-02-10 00:00:00,6.625,0.5
1992-02-10 09:00:00,6.45,4.25
1992-02-11 00:00:00,7.050000000000001,8.0
1992-02-11 09:00:00,7.65,4.0
1992-02-12 00:00:00,8.9,0.0
1992-02-12 09:00:00,10.15,0.7
1992-02-13 00:00:00,9.5,1.4
1992-02-13 09:00:00,8.85,0.7
1992-02-14 00:00:00,8.025,0.0
1992-02-14 09:00:00,7.2,0.8
1992-02-15 00:00:00,8.2,1.6
1992-02-15 09:00:00,9.2,0.8
1992-02-16 00:00:00,7.7749999999999995,0.0
1992-02-16 09:00:00,6.35,0.0
1992-02-17 00:00:00,5.375,0.0
1992-02-17 09:00:00,4.4,0.0
1992-02-18 00:00:00,4.15,0.0
1992-02-18 09:00:00,3.9,0.0
1992-02-19 00:00:00,3.75,0.0
1992-02-19 09:00:00,3.6,0.0
1992-02-20 00:00:00,2.175,0.0
1992-02-20 09:00:00,0.75,0.0
1992-02-21 00:00:00,1.8,0.0
1992-02-21 09:00:00,2.85,0.0
1992-02-22 00:00:00,4.05,0.0
1992-02-22 09:00:00,5.25,0.0
1992-02-23 00:00:00,6.55,0.0
1992-02-23 09:00:00,7.85,0.0
1992-02-24 00:00:00,8.175,0.0
1992-02-24 09:00:00,8.5,0.0
1992-02-25 00:00:00,6.975,0.0
1992-02-25 09:00:00,5.45,0.0
1992-02-26 00:00:00,5.1,0.0
1992-02-26 09:00:00,4.75,0.0
1992-02-27 00:00:00,7.25,0.0
1992-02-27 09:00:00,9.75,1.25
1992-02-28 00:00:00,10.1,2.5
1992-02-28 09:00:00,10.45,1.25
1992-02-29 00:00:00,8.95,0.0
1992-02-29 09:00:00,7.449999999999999,0.0
1992-03-01 00:00:00,8.774999999999999,0.0
1992-03-01 09:00:00,10.1,2.6
1992-03-02 00:00:00,8.4,5.2
1992-03-02 09:00:00,6.7,2.6
1992-03-03 00:00:00,7.5,0.0
1992-03-03 09:00:00,8.3,0.0
1992-03-04 00:00:00,8.850000000000001,0.0
1992-03-04 09:00:00,9.4,0.0
1992-03-05 00:00:00,9.925,0.0
1992-03-05 09:00:00,10.45,0.3
1992-03-06 00:00:00,9.5,0.6
1992-03-06 09:00:00,8.55,0.3
1992-03-07 00:00:00,9.675,0.0
1992-03-07 09:00:00,10.8,0.1
1992-03-08 00:00:00,10.350000000000001,0.2
1992-03-08 09:00:00,9.9,0.1
1992-03-09 00:00:00,8.3,0.0
1992-03-09 09:00:00,6.699999999999999,0.1
1992-03-10 00:00:00,7.949999999999999,0.2
1992-03-10 09:00:00,9.2,2.1
1992-03-11 00:00:00,8.8,4.0
1992-03-11 09:00:00,8.4,2.3
1992-03-12 00:00:00,8.7,0.6
1992-03-12 09:00:00,9.0,0.4
1992-03-13 00:00:00,9.825,0.2
1992-03-13 09:00:00,10.65,0.7
1992-03-14 00:00:00,9.825,1.2
1992-03-14 09:00:00,9.0,0.7
1992-03-15 00:00:00,9.025,0.2
1992-03-15 09:00:00,9.05,0.8
1992-03-16 00:00:00,9.75,1.4
1992-03-16 09:00:00,10.45,0.7
1992-03-17 00:00:00,10.925,0.0
1992-03-17 09:00:00,11.4,0.0
1992-03-18 00:00:00,11.45,0.0
1992-03-18 09:00:00,11.5,0.1
1992-03-19 00:00:00,10.825,0.2
1992-03-19 09:00:00,10.15,0.1
1992-03-20 00:00:00,11.4,0.0
1992-03-20 09:00:00,12.65,0.2
1992-03-21 00:00:00,11.925,0.4
1992-03-21 09:00:00,11.2,1.8000000000000003
1992-03-22 00:00:00,11.024999999999999,3.2
1992-03-22 09:00:00,10.85,3.3
1992-03-23 00:00:00,10.3,3.4
1992-03-23 09:00:00,9.75,3.9000000000000004
1992-03-24 00:00:00,8.5,4.4
1992-03-24 09:00:00,7.25,2.8000000000000003
1992-03-25 00:00:00,7.275,1.2
1992-03-25 09:00:00,7.3,3.8
1992-03-26 00:00:00,7.55,6.4
1992-03-26 09:00:00,7.8,3.6
1992-03-27 00:00:00,7.525,0.8
1992-03-27 09:00:00,7.25,0.6000000000000001
1992-03-28 00:00:00,6.550000000000001,0.4
1992-03-28 09:00:00,5.8500000000000005,0.2
1992-03-29 00:00:00,6.725,0.0
1992-03-29 09:00:00,7.6,0.8
1992-03-30 00:00:00,7.475,1.6
1992-03-30 09:00:00,7.35,3.8000000000000003
1992-03-31 00:00:00,7.324999999999999,6.0
1992-03-31 09:00:00,7.3,3.0
1992-04-01 00:00:00,7.3,0.0
1992-04-01 09:00:00,7.3,0.0
1992-04-02 00:00:00,8.1,0.0
1992-04-02 09:00:00,8.9,0.1
1992-04-03 00:00:00,8.25,0.2
1992-04-03 09:00:00,7.6,0.1
1992-04-04 00:00:00,6.975,0.0
1992-04-04 09:00:00,6.3500000000000005,0.0
1992-04-05 00:00:00,6.425000000000001,0.0
1992-04-05 09:00:00,6.5,0.1
1992-04-06 00:00:00,7.85,0.2
1992-04-06 09:00:00,9.2,1.0
1992-04-07 00:00:00,8.8,1.8
1992-04-07 09:00:00,8.4,1.4
1992-04-08 00:00:00,9.25,1.0
1992-04-08 09:00:00,10.1,0.5
1992-04-09 00:00:00,11.0,0.0
1992-04-09 09:00:00,11.9,0.0
1992-04-10 00:00:00,11.15,0.0
1992-04-10 09:00:00,10.4,0.0
1992-04-11 00:00:00,10.7,0.0
1992-04-11 09:00:00,11.0,0.0
1992-04-12 00:00:00,12.75,0.0
1992-04-12 09:00:00,14.5,0.0
1992-04-13 00:00:00,12.275,0.0
1992-04-13 09:00:00,10.05,0.1
1992-04-14 00:00:00,10.3,0.2
1992-04-14 09:00:00,10.55,6.6000000000000005
1992-04-15 00:00:00,9.0,13.0
1992-04-15 09:00:00,7.449999999999999,7.0
1992-04-16 00:00:00,7.05,1.0
1992-04-16 09:00:00,6.65,2.1
1992-04-17 00:00:00,7.075,3.2
1992-04-17 09:00:00,7.5,1.7000000000000002
1992-04-18 00:00:00,9.575,0.2
1992-04-18 09:00:00,11.65,0.1
1992-04-19 00:00:00,13.225000000000001,0.0
1992-04-19 09:00:00,14.8,0.1
1992-04-20 00:00:00,14.175,0.2
1992-04-20 09:00:00,13.55,0.1
1992-04-21 00:00:00,13.95,0.0
1992-04-21 09:00:00,14.35,0.0
1992-04-22 00:00:00,13.875,0.0
1992-04-22 09:00:00,13.4,0.1
1992-04-23 00:00:00,12.850000000000001,0.2
1992-04-23 09:00:00,12.3,0.1
1992-04-24 00:00:00,12.2,0.0
1992-04-24 09:00:00,12.1,0.8
1992-04-25 00:00:00,12.05,1.6
1992-04-25 09:00:00,12.0,0.9
1992-04-26 00:00:00,12.65,0.2
1992-04-26 09:00:00,13.3,2.2
1992-04-27 00:00:00,12.3,4.2
1992-04-27 09:00:00,11.3,8.2
1992-04-28 00:00:00,11.55,12.2
1992-04-28 09:00:00,11.8,9.3
1992-04-29 00:00:00,10.65,6.4
1992-04-29 09:00:00,9.5,3.3000000000000003
1992-04-30 00:00:00,9.9,0.2
1992-04-30 09:00:00,10.3,6.4
1992-05-01 00:00:00,10.675,12.6
1992-05-01 09:00:00,11.05,6.3
1992-05-02 00:00:00,10.625,0.0
1992-05-02 09:00:00,10.2,0.2
1992-05-03 00:00:00,9.75,0.4
1992-05-03 09:00:00,9.3,0.2
1992-05-04 00:00:00,10.25,0.0
1992-05-04 09:00:00,11.2,0.0
1992-05-05 00:00:00,12.7,0.0
1992-05-05 09:00:00,14.2,0.1
1992-05-06 00:00:00,12.45,0.2
1992-05-06 09:00:00,10.7,0.1
1992-05-07 00:00:00,13.5,0.0
1992-05-07 09:00:00,16.3,0.0
1992-05-08 00:00:00,16.15,0.0
1992-05-08 09:00:00,16.0,1.3
1992-05-09 00:00:00,13.525,2.6
1992-05-09 09:00:00,11.05,6.700000000000001
1992-05-10 00:00:00,10.850000000000001,10.8
1992-05-10 09:00:00,10.65,5.4
1992-05-11 00:00:00,10.675,0.0
1992-05-11 09:00:00,10.7,0.7
1992-05-12 00:00:00,11.95,1.4
1992-05-12 09:00:00,13.2,0.7
1992-05-13 00:00:00,13.125,0.0
1992-05-13 09:00:00,13.05,0.0
1992-05-14 00:00:00,15.750000000000002,0.0
1992-05-14 09:00:00,18.450000000000003,0.0
1992-05-15 00:00:00,19.525000000000002,0.0
1992-05-15 09:00:00,20.6,0.0
1992-05-16 00:00:00,18.4,0.0
1992-05-16 09:00:00,16.2,0.0
1992-05-17 00:00:00,15.325,0.0
1992-05-17 09:00:00,14.45,0.1
1992-05-18 00:00:00,13.85,0.2
1992-05-18 09:00:00,13.25,0.1
1992-05-19 00:00:00,14.675,0.0
1992-05-19 09:00:00,16.1,0.0
1992-05-20 00:00:00,17.5,0.0
1992-05-20 09:00:00,18.9,0.0
1992-05-21 00:00:00,19.225,0.0
1992-05-21 09:00:00,19.55,0.0
1992-05-22 00:00:00,20.0,0.0
1992-05-22 09:00:00,20.45,0.0
1992-05-23 00:00:00,20.125,0.0
1992-05-23 09:00:00,19.8,0.0
1992-05-24 00:00:00,20.25,0.0
1992-05-24 09:00:00,20.7,0.0
1992-05-25 00:00:00,20.775,0.0
1992-05-25 09:00:00,20.85,0.0
1992-05-26 00:00:00,21.225,0.0
1992-05-26 09:00:00,21.6,0.0
1992-05-27 00:00:00,20.700000000000003,0.0
1992-05-27 09:00:00,19.8,0.1
1992-05-28 00:00:00,19.65,0.2
1992-05-28 09:00:00,19.5,7.300000000000001
1992-05-29 00:00:00,19.85,14.4
1992-05-29 09:00:00,20.200000000000003,16.5
1992-05-30 00:00:00,18.6,18.6
1992-05-30 09:00:00,17.0,9.3
1992-05-31 00:00:00,17.325,0.0
1992-05-31 09:00:00,17.65,1.2
1992-06-01 00:00:00,18.7,2.4
1992-06-01 09:00:00,19.75,1.3
1992-06-02 00:00:00,18.25,0.2
1992-06-02 09:00:00,16.75,0.1
1992-06-03 00:00:00,16.725,0.0
1992-06-03 09:00:00,16.7,0.0
1992-06-04 00:00:00,16.75,0.0
1992-06-04 09:00:00,16.8,0.5
1992-06-05 00:00:00,15.225000000000001,1.0
1992-06-05 09:00:00,13.65,5.1
1992-06-06 00:00:00,13.4,9.2
1992-06-06 09:00:00,13.15,5.0
1992-06-07 00:00:00,15.825,0.8
1992-06-07 09:00:00,18.5,0.4
1992-06-08 00:00:00,17.475,0.0
1992-06-08 09:00:00,16.45,0.8
1992-06-09 00:00:00,16.95,1.6
1992-06-09 09:00:00,17.45,8.0
1992-06-10 00:00:00,17.525,14.4
1992-06-10 09:00:00,17.6,7.2
1992-06-11 00:00:00,17.85,0.0
1992-06-11 09:00:00,18.1,0.0
1992-06-12 00:00:00,17.725,0.0
1992-06-12 09:00:00,17.35,0.0
1992-06-13 00:00:00,17.975,0.0
1992-06-13 09:00:00,18.6,0.0
1992-06-14 00:00:00,19.200000000000003,0.0
1992-06-14 09:00:00,19.8,0.0
1992-06-15 00:00:00,19.975,0.0
1992-06-15 09:00:00,20.15,0.0
1992-06-16 00:00:00,20.975,0.0
1992-06-16 09:00:00,21.8,0.0
1992-06-17 00:00:00,19.25,0.0
1992-06-17 09:00:00,16.7,0.0
1992-06-18 00:00:00,16.2,0.0
1992-06-18 09:00:00,15.7,0.0
1992-06-19 00:00:00,15.024999999999999,0.0
1992-06-19 09:00:00,14.35,7.2
1992-06-20 00:00:00,14.2,14.4
1992-06-20 09:00:00,14.05,7.2
1992-06-21 00:00:00,15.200000000000001,0.0
1992-06-21 09:00:00,16.35,0.0
1992-06-22 00:00:00,17.025000000000002,0.0
1992-06-22 09:00:00,17.700000000000003,0.0
1992-06-23 00:00:00,17.950000000000003,0.0
1992-06-23 09:00:00,18.2,0.1
1992-06-24 00:00:00,17.875,0.2
1992-06-24 09:00:00,17.549999999999997,0.1
1992-06-25 00:00:00,16.9,0.0
1992-06-25 09:00:00,16.25,0.0
1992-06-26 00:00:00,17.05,0.0
1992-06-26 09:00:00,17.85,0.0
1992-06-27 00:00:00,19.0,0.0
1992-06-27 09:00:00,20.15,0.0
1992-06-28 00:00:00,20.525,0.0
1992-06-28 09:00:00,20.9,0.0
1992-06-29 00:00:00,21.299999999999997,0.0
1992-06-29 09:00:00,21.7,0.3
1992-06-30 00:00:00,22.75,0.6
1992-06-30 09:00:00,23.8,0.6
1992-07-01 00:00:00,22.275,0.6
1992-07-01 09:00:00,20.75,1.5
1992-07-02 00:00:00,18.9,2.4
1992-07-02 09:00:00,17.049999999999997,1.7999999999999998
1992-07-03 00:00:00,16.674999999999997,1.2
1992-07-03 09:00:00,16.3,9.299999999999999
1992-07-04 00:00:00,16.325000000000003,17.4
1992-07-04 09:00:00,16.35,10.6
1992-07-05 00:00:00,16.575000000000003,3.8
1992-07-05 09:00:00,16.8,2.0
1992-07-06 00:00:00,17.4,0.2
1992-07-06 09:00:00,18.0,0.1
1992-07-07 00:00:00,17.85,0.0
1992-07-07 09:00:00,17.700000000000003,0.1
1992-07-08 00:00:00,17.925,0.2
1992-07-08 09:00:00,18.15,1.4
1992-07-09 00:00:00,17.325,2.6
1992-07-09 09:00:00,16.5,2.2
1992-07-10 00:00:00,16.425,1.8
1992-07-10 09:00:00,16.35,0.9
1992-07-11 00:00:00,16.875,0.0
1992-07-11 09:00:00,17.4,1.1
1992-07-12 00:00:00,17.2,2.2
1992-07-12 09:00:00,17.0,1.7000000000000002
1992-07-13 00:00:00,17.5,1.2
1992-07-13 09:00:00,18.0,2.2
1992-07-14 00:00:00,17.825,3.2
1992-07-14 09:00:00,17.65,2.0
1992-07-15 00:00:00,18.1,0.8
1992-07-15 09:00:00,18.55,0.6000000000000001
1992-07-16 00:00:00,19.55,0.4
1992-07-16 09:00:00,20.55,0.5
1992-07-17 00:00:00,20.925,0.6
1992-07-17 09:00:00,21.3,0.3
1992-07-18 00:00:00,20.825000000000003,0.0
1992-07-18 09:00:00,20.35,0.0
1992-07-19 00:00:00,20.425,0.0
1992-07-19 09:00:00,20.5,0.2
1992-07-20 00:00:00,20.675,0.4
1992-07-20 09:00:00,20.85,21.5
1992-07-21 00:00:00,21.200000000000003,42.6
1992-07-21 09:00:00,21.55,21.3
1992-07-22 00:00:00,19.875,0.0
1992-07-22 09:00:00,18.200000000000003,0.0
1992-07-23 00:00:00,18.650000000000002,0.0
1992-07-23 09:00:00,19.1,0.0
1992-07-24 00:00:00,20.075000000000003,0.0
1992-07-24 09:00:00,21.05,0.0
1992-07-25 00:00:00,20.125,0.0
1992-07-25 09:00:00,19.2,0.0
1992-07-26 00:00:00,19.325,0.0
1992-07-26 09:00:00,19.45,0.0
1992-07-27 00:00:00,18.45,0.0
1992-07-27 09:00:00,17.45,0.0
1992-07-28 00:00:00,17.1,0.0
1992-07-28 09:00:00,16.75,0.0
1992-07-29 00:00:00,17.65,0.0
1992-07-29 09:00:00,18.55,0.0
1992-07-30 00:00:00,19.6,0.0
1992-07-30 09:00:00,20.65,0.0
1992-07-31 00:00:00,21.25,0.0
1992-07-31 09:00:00,21.85,0.0
1992-08-01 00:00:00,21.625,0.0
1992-08-01 09:00:00,21.4,0.0
1992-08-02 00:00:00,21.75,0.0
1992-08-02 09:00:00,22.1,0.0
1992-08-03 00:00:00,20.8,0.0
1992-08-03 09:00:00,19.5,0.0
1992-08-04 00:00:00,19.075,0.0
1992-08-04 09:00:00,18.65,0.0
1992-08-05 00:00:00,18.975,0.0
1992-08-05 09:00:00,19.3,0.3
1992-08-06 00:00:00,19.575000000000003,0.6
1992-08-06 09:00:00,19.85,0.3
1992-08-07 00:00:00,20.075000000000003,0.0
1992-08-07 09:00:00,20.3,0.0
1992-08-08 00:00:00,21.225,0.0
1992-08-08 09:00:00,22.15,0.2
1992-08-09 00:00:00,22.075,0.4
1992-08-09 09:00:00,22.0,8.950000000000001
1992-08-10 00:00:00,20.85,17.5
1992-08-10 09:00:00,19.700000000000003,8.75
1992-08-11 00:00:00,19.150000000000002,0.0
1992-08-11 09:00:00,18.6,0.8
1992-08-12 00:00:00,18.425,1.6
1992-08-12 09:00:00,18.25,3.6999999999999997
1992-08-13 00:00:00,17.15,5.8
1992-08-13 09:00:00,16.05,13.95
1992-08-14 00:00:00,15.025,22.1
1992-08-14 09:00:00,14.0,11.05
1992-08-15 00:00:00,14.475,0.0
1992-08-15 09:00:00,14.95,2.9
1992-08-16 00:00:00,16.725,5.8
1992-08-16 09:00:00,18.5,2.9
1992-08-17 00:00:00,17.375,0.0
1992-08-17 09:00:00,16.25,0.0
1992-08-18 00:00:00,16.5,0.0
1992-08-18 09:00:00,16.75,0.0
1992-08-19 00:00:00,16.7,0.0
1992-08-19 09:00:00,16.65,0.2
1992-08-20 00:00:00,18.45,0.4
1992-08-20 09:00:00,20.25,0.8
1992-08-21 00:00:00,18.225,1.2
1992-08-21 09:00:00,16.200000000000003,1.0
1992-08-22 00:00:00,17.8,0.8
1992-08-22 09:00:00,19.4,0.6000000000000001
1992-08-23 00:00:00,17.45,0.4
1992-08-23 09:00:00,15.5,1.0
1992-08-24 00:00:00,16.15,1.6
1992-08-24 09:00:00,16.8,7.800000000000001
1992-08-25 00:00:00,17.55,14.0
1992-08-25 09:00:00,18.3,7.1
1992-08-26 00:00:00,18.575000000000003,0.2
1992-08-26 09:00:00,18.85,0.30000000000000004
1992-08-27 00:00:00,18.225,0.4
1992-08-27 09:00:00,17.6,1.5
1992-08-28 00:00:00,18.200000000000003,2.6
1992-08-28 09:00:00,18.8,1.3
1992-08-29 00:00:00,17.65,0.0
1992-08-29 09:00:00,16.5,3.3
1992-08-30 00:00:00,16.5,6.6
1992-08-30 09:00:00,16.5,4.199999999999999
1992-08-31 00:00:00,15.325,1.8
1992-08-31 09:00:00,14.15,0.9
1992-09-01 00:00:00,13.95,0.0
1992-09-01 09:00:00,13.75,0.5
1992-09-02 00:00:00,14.375,1.0
1992-09-02 09:00:00,15.0,0.7
1992-09-03 00:00:00,16.15,0.4
1992-09-03 09:00:00,17.3,2.2
1992-09-04 00:00:00,15.45,4.0
1992-09-04 09:00:00,13.6,2.0
1992-09-05 00:00:00,12.975,0.0
1992-09-05 09:00:00,12.35,0.3
1992-09-06 00:00:00,12.85,0.6
1992-09-06 09:00:00,13.35,1.7999999999999998
1992-09-07 00:00:00,14.25,3.0
1992-09-07 09:00:00,15.15,1.5
1992-09-08 00:00:00,14.4,0.0
1992-09-08 09:00:00,13.65,0.0
1992-09-09 00:00:00,13.8,0.0
1992-09-09 09:00:00,13.95,0.0
1992-09-10 00:00:00,13.875,0.0
1992-09-10 09:00:00,13.8,0.1
1992-09-11 00:00:00,15.825000000000001,0.2
1992-09-11 09:00:00,17.85,0.2
1992-09-12 00:00:00,16.35,0.2
1992-09-12 09:00:00,14.85,0.5
1992-09-13 00:00:00,15.1,0.8
1992-09-13 09:00:00,15.35,4.0
1992-09-14 00:00:00,13.7,7.2
1992-09-14 09:00:00,12.05,3.6
1992-09-15 00:00:00,13.275,0.0
1992-09-15 09:00:00,14.5,0.0
1992-09-16 00:00:00,14.875,0.0
1992-09-16 09:00:00,15.25,0.0
1992-09-17 00:00:00,15.95,0.0
1992-09-17 09:00:00,16.65,1.4
1992-09-18 00:00:00,17.924999999999997,2.8
1992-09-18 09:00:00,19.2,2.4
1992-09-19 00:00:00,18.15,2.0
1992-09-19 09:00:00,17.1,1.0
1992-09-20 00:00:00,16.05,0.0
1992-09-20 09:00:00,15.0,0.1
1992-09-21 00:00:00,15.8,0.2
1992-09-21 09:00:00,16.6,0.6000000000000001
1992-09-22 00:00:00,16.85,1.0
1992-09-22 09:00:00,17.1,15.1
1992-09-23 00:00:00,15.9,29.2
1992-09-23 09:00:00,14.7,17.1
1992-09-24 00:00:00,14.35,5.0
1992-09-24 09:00:00,14.0,3.9
1992-09-25 00:00:00,14.625,2.8
1992-09-25 09:00:00,15.25,2.3
1992-09-26 00:00:00,14.675,1.8
1992-09-26 09:00:00,14.1,0.9
1992-09-27 00:00:00,16.7,0.0
1992-09-27 09:00:00,19.3,0.0
1992-09-28 00:00:00,19.1,0.0
1992-09-28 09:00:00,18.9,0.5
1992-09-29 00:00:00,18.2,1.0
1992-09-29 09:00:00,17.5,1.3
1992-09-30 00:00:00,17.675,1.6
1992-09-30 09:00:00,17.85,2.6
1992-10-01 00:00:00,15.700000000000001,3.6
1992-10-01 09:00:00,13.55,1.8
1992-10-02 00:00:00,13.675,0.0
1992-10-02 09:00:00,13.8,7.6
1992-10-03 00:00:00,14.325,15.2
1992-10-03 09:00:00,14.85,9.3
1992-10-04 00:00:00,13.975,3.4
1992-10-04 09:00:00,13.1,1.7
1992-10-05 00:00:00,13.75,0.0
1992-10-05 09:00:00,14.4,0.0
1992-10-06 00:00:00,13.925,0.0
1992-10-06 09:00:00,13.45,0.0
1992-10-07 00:00:00,13.125,0.0
1992-10-07 09:00:00,12.8,0.0
1992-10-08 00:00:00,13.05,0.0
1992-10-08 09:00:00,13.3,0.0
1992-10-09 00:00:00,11.925,0.0
1992-10-09 09:00:00,10.55,0.0
1992-10-10 00:00:00,10.9,0.0
1992-10-10 09:00:00,11.25,0.4
1992-10-11 00:00:00,11.325,0.8
1992-10-11 09:00:00,11.4,0.5
1992-10-12 00:00:00,11.600000000000001,0.2
1992-10-12 09:00:00,11.8,0.1
1992-10-13 00:00:00,10.75,0.0
1992-10-13 09:00:00,9.7,0.0
1992-10-14 00:00:00,9.225,0.0
1992-10-14 09:00:00,8.75,1.5
1992-10-15 00:00:00,8.525,3.0
1992-10-15 09:00:00,8.3,1.6
1992-10-16 00:00:00,7.1000000000000005,0.2
1992-10-16 09:00:00,5.9,0.1
1992-10-17 00:00:00,5.675000000000001,0.0
1992-10-17 09:00:00,5.45,0.1
1992-10-18 00:00:00,6.125,0.2
1992-10-18 09:00:00,6.800000000000001,0.30000000000000004
1992-10-19 00:00:00,7.5,0.4
1992-10-19 09:00:00,8.2,15.200000000000001
1992-10-20 00:00:00,8.625,30.0
1992-10-20 09:00:00,9.05,22.7
1992-10-21 00:00:00,8.4,15.4
1992-10-21 09:00:00,7.75,7.7
1992-10-22 00:00:00,7.625,0.0
1992-10-22 09:00:00,7.5,0.0
1992-10-23 00:00:00,8.0,0.0
1992-10-23 09:00:00,8.5,0.0
1992-10-24 00:00:00,7.95,0.0
1992-10-24 09:00:00,7.4,3.3
1992-10-25 00:00:00,8.475000000000001,6.6
1992-10-25 09:00:00,9.55,7.7
1992-10-26 00:00:00,9.05,8.8
1992-10-26 09:00:00,8.549999999999999,4.7
1992-10-27 00:00:00,8.649999999999999,0.6
1992-10-27 09:00:00,8.75,4.3
1992-10-28 00:00:00,8.3,8.0
1992-10-28 09:00:00,7.85,4.8
1992-10-29 00:00:00,7.8,1.6
1992-10-29 09:00:00,7.75,0.8
1992-10-30 00:00:00,7.325,0.0
1992-10-30 09:00:00,6.9,0.1
1992-10-31 00:00:00,6.225,0.2
1992-10-31 09:00:00,5.55,0.1
1992-11-01 00:00:00,6.275,0.0
1992-11-01 09:00:00,7.0,0.9
1992-11-02 00:00:00,9.6,1.8
1992-11-02 09:00:00,12.2,3.4000000000000004
1992-11-03 00:00:00,11.149999999999999,5.0
1992-11-03 09:00:00,10.1,2.5
1992-11-04 00:00:00,9.225,0.0
1992-11-04 09:00:00,8.35,0.0
1992-11-05 00:00:00,9.925,0.0
1992-11-05 09:00:00,11.5,0.1
1992-11-06 00:00:00,11.775,0.2
1992-11-06 09:00:00,12.05,0.1
1992-11-07 00:00:00,12.95,0.0
1992-11-07 09:00:00,13.85,0.0
1992-11-08 00:00:00,12.975,0.0
1992-11-08 09:00:00,12.1,0.2
1992-11-09 00:00:00,11.575,0.4
1992-11-09 09:00:00,11.05,4.1
1992-11-10 00:00:00,10.175,7.8
1992-11-10 09:00:00,9.3,5.9
1992-11-11 00:00:00,10.025,4.0
1992-11-11 09:00:00,10.75,2.6
1992-11-12 00:00:00,9.15,1.2
1992-11-12 09:00:00,7.550000000000001,0.6
1992-11-13 00:00:00,6.8500000000000005,0.0
1992-11-13 09:00:00,6.15,0.0
1992-11-14 00:00:00,5.225,0.0
1992-11-14 09:00:00,4.3,3.75
1992-11-15 00:00:00,5.875,7.5
1992-11-15 09:00:00,7.45,3.85
1992-11-16 00:00:00,7.625,0.2
1992-11-16 09:00:00,7.800000000000001,2.6
1992-11-17 00:00:00,6.8500000000000005,5.0
1992-11-17 09:00:00,5.9,2.8
1992-11-18 00:00:00,5.425000000000001,0.6
1992-11-18 09:00:00,4.95,2.4
1992-11-19 00:00:00,7.175000000000001,4.2
1992-11-19 09:00:00,9.4,3.5
1992-11-20 00:00:00,8.025,2.8
1992-11-20 09:00:00,6.65,1.4
1992-11-21 00:00:00,6.325,0.0
1992-11-21 09:00:00,6.0,3.1
1992-11-22 00:00:00,7.975,6.2
1992-11-22 09:00:00,9.95,3.8
1992-11-23 00:00:00,11.774999999999999,1.4
1992-11-23 09:00:00,13.6,0.7999999999999999
1992-11-24 00:00:00,12.024999999999999,0.2
1992-11-24 09:00:00,10.45,4.199999999999999
1992-11-25 00:00:00,10.85,8.2
1992-11-25 09:00:00,11.25,12.2
1992-11-26 00:00:00,10.3,16.2
1992-11-26 09:00:00,9.35,8.1
1992-11-27 00:00:00,8.375,0.0
1992-11-27 09:00:00,7.4,1.2
1992-11-28 00:00:00,8.05,2.4
1992-11-28 09:00:00,8.7,7.0
1992-11-29 00:00:00,7.925,11.6
1992-11-29 09:00:00,7.15,6.1
1992-11-30 00:00:00,8.775,0.6
1992-11-30 09:00:00,10.4,1.4
1992-12-01 00:00:00,10.25,2.2
1992-12-01 09:00:00,10.1,2.2
1992-12-02 00:00:00,10.7,2.2
1992-12-02 09:00:00,11.3,2.9000000000000004
1992-12-03 00:00:00,10.7,3.6
1992-12-03 09:00:00,10.1,5.5
1992-12-04 00:00:00,8.025,7.4
1992-12-04 09:00:00,5.95,4.0
1992-12-05 00:00:00,4.925,0.6
1992-12-05 09:00:00,3.9,0.4
1992-12-06 00:00:00,3.825,0.2
1992-12-06 09:00:00,3.75,1.5999999999999999
1992-12-07 00:00:00,4.9,3.0
1992-12-07 09:00:00,6.050000000000001,1.5
1992-12-08 00:00:00,7.325,0.0
1992-12-08 09:00:00,8.6,0.0
1992-12-09 00:00:00,7.8999999999999995,0.0
1992-12-09 09:00:00,7.199999999999999,0.0
1992-12-10 00:00:00,6.625,0.0
1992-12-10 09:00:00,6.050000000000001,0.0
1992-12-11 00:00:00,5.6000000000000005,0.0
1992-12-11 09:00:00,5.15,0.7
1992-12-12 00:00:00,7.2,1.4
1992-12-12 09:00:00,9.25,0.7
1992-12-13 00:00:00,7.5,0.0
1992-12-13 09:00:00,5.75,0.0
1992-12-14 00:00:00,6.775,0.0
1992-12-14 09:00:00,7.800000000000001,0.0
1992-12-15 00:00:00,8.9,0.0
1992-12-15 09:00:00,10.0,0.9
1992-12-16 00:00:00,9.425,1.8
1992-12-16 09:00:00,8.85,3.1000000000000005
1992-12-17 00:00:00,7.449999999999999,4.4
1992-12-17 09:00:00,6.05,2.3000000000000003
1992-12-18 00:00:00,6.425,0.2
1992-12-18 09:00:00,6.8,4.1
1992-12-19 00:00:00,8.05,8.0
1992-12-19 09:00:00,9.3,6.7
1992-12-20 00:00:00,6.9750000000000005,5.4
1992-12-20 09:00:00,4.65,2.7
1992-12-21 00:00:00,4.25,0.0
1992-12-21 09:00:00,3.85,0.0
1992-12-22 00:00:00,3.95,0.0
1992-12-22 09:00:00,4.05,0.1
1992-12-23 00:00:00,3.625,0.2
1992-12-23 09:00:00,3.2,0.1
1992-12-24 00:00:00,2.175,0.0
1992-12-24 09:00:00,1.15,0.0
1992-12-25 00:00:00,2.075,0.0
1992-12-25 09:00:00,3.0,0.0
1992-12-26 00:00:00,4.325,0.0
1992-12-26 09:00:00,5.65,0.0
1992-12-27 00:00:00,5.75,0.0
1992-12-27 09:00:00,5.85,0.0
1992-12-28 00:00:00,5.425,0.0
1992-12-28 09:00:00,5.0,0.0
1992-12-29 00:00:00,3.875,0.0
1992-12-29 09:00:00,2.75,0.0
1992-12-30 00:00:00,1.65,0.0
1992-12-30 09:00:00,0.5499999999999998,0.0
1992-12-31 00:00:00,0.7499999999999999,0.0
1992-12-31 09:00:00,0.95,0.0
1993-01-01 00:00:00,2.825,0.0
1993-01-01 09:00:00,4.7,0.1
1993-01-02 00:00:00,4.2,0.2
1993-01-02 00:00:00,3.7,0.2
1993-01-02 09:00:00,3.2,0.1
1993-01-03 00:00:00,1.5999999999999999,0.0
1993-01-03 00:00:00,-4.440892098500626e-16,0.0
1993-01-03 09:00:00,-1.6,0.7
1993-01-04 00:00:00,-0.9333333333333335,1.4
1993-01-04 00:00:00,-0.26666666666666683,1.4
1993-01-04 09:00:00,0.4000000000000001,0.7999999999999999
1993-01-05 00:00:00,2.0833333333333335,0.2
1993-01-05 00:00:00,3.7666666666666666,0.2
1993-01-05 09:00:00,5.45,2.1
1993-01-06 00:00:00,7.116666666666666,4.0
1993-01-06 00:00:00,8.783333333333333,4.0
1993-01-06 09:00:00,10.45,5.6
1993-01-07 00:00:00,9.616666666666667,7.2
1993-01-07 00:00:00,8.783333333333333,7.2
1993-01-07 09:00:00,7.95,3.7
1993-01-08 00:00:00,7.966666666666667,0.2
1993-01-08 00:00:00,7.983333333333333,0.2
1993-01-08 09:00:00,8.0,0.1
1993-01-09 00:00:00,8.083333333333334,0.0
1993-01-09 00:00:00,8.166666666666666,0.0
1993-01-09 09:00:00,8.25,2.5
1993-01-10 00:00:00,9.083333333333334,5.0
1993-01-10 00:00:00,9.916666666666666,5.0
1993-01-10 09:00:00,10.75,8.6
1993-01-11 00:00:00,10.933333333333334,12.2
1993-01-11 00:00:00,11.116666666666667,12.2
1993-01-11 09:00:00,11.3,6.699999999999999
1993-01-12 00:00:00,10.0,1.2
1993-01-12 00:00:00,8.700000000000001,1.2
1993-01-12 09:00:00,7.4,0.8999999999999999
1993-01-13 00:00:00,7.05,0.6
1993-01-13 00:00:00,6.7,0.6
1993-01-13 09:00:00,6.35,3.0000000000000004
1993-01-14 00:00:00,7.466666666666666,5.4
1993-01-14 00:00:00,8.583333333333332,5.4
1993-01-14 09:00:00,9.7,4.1
1993-01-15 00:00:00,9.416666666666666,2.8
1993-01-15 00:00:00,9.133333333333333,2.8
1993-01-15 09:00:00,8.85,1.7999999999999998
1993-01-16 00:00:00,9.783333333333333,0.8
1993-01-16 00:00:00,10.716666666666667,0.8
1993-01-16 09:00:00,11.65,0.4
1993-01-17 00:00:00,11.8,0.0
1993-01-17 00:00:00,11.95,0.0
1993-01-17 09:00:00,12.1,0.0
1993-01-18 00:00:00,10.733333333333333,0.0
1993-01-18 00:00:00,9.366666666666667,0.0
1993-01-18 09:00:00,8.0,0.5
1993-01-19 00:00:00,7.633333333333334,1.0
1993-01-19 00:00:00,7.266666666666667,1.0
1993-01-19 09:00:00,6.9,0.9
1993-01-20 00:00:00,7.583333333333333,0.8
1993-01-20 00:00:00,8.266666666666666,0.8
1993-01-20 09:00:00,8.95,0.4
1993-01-21 00:00:00,9.45,0.0
1993-01-21 00:00:00,9.95,0.0
1993-01-21 09:00:00,10.45,0.3
1993-01-22 00:00:00,10.65,0.6
1993-01-22 00:00:00,10.85,0.6
1993-01-22 09:00:00,11.05,2.1
1993-01-23 00:00:00,10.15,3.6
1993-01-23 00:00:00,9.25,3.6
1993-01-23 09:00:00,8.35,2.8
1993-01-24 00:00:00,8.983333333333333,2.0
1993-01-24 00:00:00,9.616666666666667,2.0
1993-01-24 09:00:00,10.25,1.3
1993-01-25 00:00:00,9.25,0.6
1993-01-25 00:00:00,8.25,0.6
1993-01-25 09:00:00,7.25,0.3
1993-01-26 00:00:00,5.816666666666666,0.0
1993-01-26 00:00:00,4.383333333333333,0.0
1993-01-26 09:00:00,2.95,2.9
1993-01-27 00:00:00,4.133333333333334,5.8
1993-01-27 00:00:00,5.316666666666666,5.8
1993-01-27 09:00:00,6.5,3.7
1993-01-28 00:00:00,7.1499999999999995,1.6
1993-01-28 00:00:00,7.8,1.6
1993-01-28 09:00:00,8.45,1.0
1993-01-29 00:00:00,8.583333333333332,0.4
1993-01-29 00:00:00,8.716666666666667,0.4
1993-01-29 09:00:00,8.85,0.30000000000000004
1993-01-30 00:00:00,8.5,0.2
1993-01-30 00:00:00,8.15,0.2
1993-01-30 09:00:00,7.8,0.2
1993-01-31 00:00:00,7.583333333333333,0.2
1993-01-31 00:00:00,7.366666666666667,0.2
1993-01-31 09:00:00,7.15,0.2
1993-02-01 00:00:00,6.883333333333334,0.2
1993-02-01 00:00:00,6.616666666666666,0.2
1993-02-01 09:00:00,6.35,0.1
1993-02-02 00:00:00,5.824999999999999,0.0
1993-02-02 09:00:00,5.3,0.1
1993-02-03 00:00:00,6.375,0.2
1993-02-03 09:00:00,7.45,0.1
1993-02-04 00:00:00,5.85,0.0
1993-02-04 09:00:00,4.25,0.0
1993-02-05 00:00:00,3.1500000000000004,0.0
1993-02-05 09:00:00,2.0500000000000003,0.0
1993-02-06 00:00:00,2.2,0.0
1993-02-06 09:00:00,2.35,0.0
1993-02-07 00:00:00,5.125,0.0
1993-02-07 09:00:00,7.9,0.5
1993-02-08 00:00:00,8.825,1.0
1993-02-08 09:00:00,9.75,0.8
1993-02-09 00:00:00,9.05,0.6
1993-02-09 09:00:00,8.35,0.3
1993-02-10 00:00:00,6.725,0.0
1993-02-10 09:00:00,5.1,0.0
1993-02-11 00:00:00,4.425,0.0
1993-02-11 09:00:00,3.75,0.0
1993-02-12 00:00:00,3.6,0.0
1993-02-12 09:00:00,3.45,0.0
1993-02-13 00:00:00,3.8249999999999997,0.0
1993-02-13 09:00:00,4.199999999999999,0.0
1993-02-14 00:00:00,4.6,0.0
1993-02-14 09:00:00,5.0,0.0
1993-02-15 00:00:00,3.775,0.0
1993-02-15 09:00:00,2.55,0.0
1993-02-16 00:00:00,3.9250000000000003,0.0
1993-02-16 09:00:00,5.300000000000001,0.0
1993-02-17 00:00:00,6.975,0.0
1993-02-17 09:00:00,8.649999999999999,0.0
1993-02-18 00:00:00,9.45,0.0
1993-02-18 09:00:00,10.25,0.0
1993-02-19 00:00:00,9.025,0.0
1993-02-19 09:00:00,7.800000000000001,0.0
1993-02-20 00:00:00,7.15,0.0
1993-02-20 09:00:00,6.5,0.0
1993-02-21 00:00:00,6.675000000000001,0.0
1993-02-21 09:00:00,6.8500000000000005,0.0
1993-02-22 00:00:00,5.925000000000001,0.0
1993-02-22 09:00:00,5.0,0.1
1993-02-23 00:00:00,4.65,0.2
1993-02-23 09:00:00,4.3,0.1
1993-02-24 00:00:00,5.025,0.0
1993-02-24 09:00:00,5.75,0.0
1993-02-25 00:00:00,6.225,0.0
1993-02-25 09:00:00,6.7,0.9
1993-02-26 00:00:00,6.75,1.8
1993-02-26 09:00:00,6.800000000000001,2.5
1993-02-27 00:00:00,5.2250000000000005,3.2
1993-02-27 09:00:00,3.65,1.6
1993-02-28 00:00:00,2.675,0.0
1993-02-28 09:00:00,1.6999999999999995,0.0
1993-03-01 00:00:00,1.8749999999999996,0.0
1993-03-01 09:00:00,2.05,0.0
1993-03-02 00:00:00,3.0500000000000003,0.0
1993-03-02 09:00:00,4.050000000000001,0.0
1993-03-03 00:00:00,3.9000000000000004,0.0
1993-03-03 09:00:00,3.75,0.1
1993-03-04 00:00:00,3.8,0.2
1993-03-04 09:00:00,3.85,0.1
1993-03-05 00:00:00,3.675,0.0
1993-03-05 09:00:00,3.5,0.0
1993-03-06 00:00:00,5.075,0.0
1993-03-06 09:00:00,6.65,0.0
1993-03-07 00:00:00,7.9,0.0
1993-03-07 09:00:00,9.15,0.0
1993-03-08 00:00:00,8.2,0.0
1993-03-08 09:00:00,7.25,0.0
1993-03-09 00:00:00,7.225,0.0
1993-03-09 09:00:00,7.2,0.0
1993-03-10 00:00:00,6.425000000000001,0.0
1993-03-10 09:00:00,5.65,0.0
1993-03-11 00:00:00,6.875,0.0
1993-03-11 09:00:00,8.1,0.0
1993-03-12 00:00:00,9.425,0.0
1993-03-12 09:00:00,10.75,0.0
1993-03-13 00:00:00,11.725,0.0
1993-03-13 09:00:00,12.7,0.0
1993-03-14 00:00:00,12.95,0.0
1993-03-14 09:00:00,13.2,0.0
1993-03-15 00:00:00,12.8,0.0
1993-03-15 09:00:00,12.4,0.0
1993-03-16 00:00:00,13.375,0.0
1993-03-16 09:00:00,14.35,0.0
1993-03-17 00:00:00,12.649999999999999,0.0
1993-03-17 09:00:00,10.95,0.0
1993-03-18 00:00:00,12.625,0.0
1993-03-18 09:00:00,14.3,0.0
1993-03-19 00:00:00,11.775,0.0
1993-03-19 09:00:00,9.25,0.0
1993-03-20 00:00:00,8.325,0.0
1993-03-20 09:00:00,7.4,0.0
1993-03-21 00:00:00,8.9,0.0
1993-03-21 09:00:00,10.4,3.7
1993-03-22 00:00:00,11.2,7.4
1993-03-22 09:00:00,12.0,4.2
1993-03-23 00:00:00,10.5,1.0
1993-03-23 09:00:00,9.0,0.5
1993-03-24 00:00:00,8.15,0.0
1993-03-24 09:00:00,7.300000000000001,0.0
1993-03-25 00:00:00,7.550000000000001,0.0
1993-03-25 09:00:00,7.8,0.0
1993-03-26 00:00:00,7.175,0.0
1993-03-26 09:00:00,6.55,0.0
1993-03-27 00:00:00,5.875,0.0
1993-03-27 09:00:00,5.2,0.0
1993-03-28 00:00:00,5.4,0.0
1993-03-28 09:00:00,5.6,0.2
1993-03-29 00:00:00,6.925,0.4
1993-03-29 09:00:00,8.25,0.2
1993-03-30 00:00:00,9.475,0.0
1993-03-30 09:00:00,10.7,1.4
1993-03-31 00:00:00,10.175,2.8
1993-03-31 09:00:00,9.65,5.0
1993-04-01 00:00:00,9.850000000000001,7.2
1993-04-01 09:00:00,10.05,14.0
1993-04-02 00:00:00,8.55,20.8
1993-04-02 00:00:00,7.050000000000001,20.8
1993-04-02 09:00:00,5.55,10.4
1993-04-03 00:00:00,6.383333333333334,0.0
1993-04-03 00:00:00,7.216666666666667,0.0
1993-04-03 09:00:00,8.05,0.9
1993-04-04 00:00:00,7.966666666666667,1.8
1993-04-04 00:00:00,7.883333333333334,1.8
1993-04-04 09:00:00,7.8,2.8
1993-04-05 00:00:00,8.383333333333333,3.8
1993-04-05 00:00:00,8.966666666666667,3.8
1993-04-05 09:00:00,9.55,2.9
1993-04-06 00:00:00,10.316666666666666,2.0
1993-04-06 00:00:00,11.083333333333334,2.0
1993-04-06 09:00:00,11.85,2.4
1993-04-07 00:00:00,11.433333333333334,2.8
1993-04-07 00:00:00,11.016666666666666,2.8
1993-04-07 09:00:00,10.6,1.4
1993-04-08 00:00:00,10.2,0.0
1993-04-08 00:00:00,9.8,0.0
1993-04-08 09:00:00,9.4,1.2
1993-04-09 00:00:00,9.966666666666667,2.4
1993-04-09 00:00:00,10.533333333333333,2.4
1993-04-09 09:00:00,11.1,9.399999999999999
1993-04-10 00:00:00,9.983333333333333,16.4
1993-04-10 00:00:00,8.866666666666667,16.4
1993-04-10 09:00:00,7.75,12.0
1993-04-11 00:00:00,8.95,7.6
1993-04-11 00:00:00,10.15,7.6
1993-04-11 09:00:00,11.35,4.0
1993-04-12 00:00:00,10.916666666666666,0.4
1993-04-12 00:00:00,10.483333333333334,0.4
1993-04-12 09:00:00,10.05,0.4
1993-04-13 00:00:00,10.316666666666666,0.4
1993-04-13 00:00:00,10.583333333333334,0.4
1993-04-13 09:00:00,10.85,0.2
1993-04-14 00:00:00,10.45,0.0
1993-04-14 00:00:00,10.05,0.0
1993-04-14 09:00:00,9.65,0.0
1993-04-15 00:00:00,9.533333333333333,0.0
1993-04-15 00:00:00,9.416666666666668,0.0
1993-04-15 09:00:00,9.3,0.0
1993-04-16 00:00:00,9.816666666666666,0.0
1993-04-16 00:00:00,10.333333333333334,0.0
1993-04-16 09:00:00,10.85,0.0
1993-04-17 00:00:00,11.6,0.0
1993-04-17 00:00:00,12.35,0.0
1993-04-17 09:00:00,13.1,0.3
1993-04-18 00:00:00,13.216666666666667,0.6
1993-04-18 00:00:00,13.333333333333332,0.6
1993-04-18 09:00:00,13.45,0.3
1993-04-19 00:00:00,13.7,0.0
1993-04-19 00:00:00,13.95,0.0
1993-04-19 09:00:00,14.2,0.0
1993-04-20 00:00:00,13.983333333333333,0.0
1993-04-20 00:00:00,13.766666666666667,0.0
1993-04-20 09:00:00,13.55,0.0
1993-04-21 00:00:00,14.283333333333333,0.0
1993-04-21 00:00:00,15.016666666666667,0.0
1993-04-21 09:00:00,15.75,0.0
1993-04-22 00:00:00,14.85,0.0
1993-04-22 00:00:00,13.950000000000001,0.0
1993-04-22 09:00:00,13.05,0.1
1993-04-23 00:00:00,13.066666666666666,0.2
1993-04-23 00:00:00,13.083333333333334,0.2
1993-04-23 09:00:00,13.1,5.4
1993-04-24 00:00:00,13.033333333333333,10.6
1993-04-24 00:00:00,12.966666666666667,10.6
1993-04-24 09:00:00,12.9,9.1
1993-04-25 00:00:00,12.666666666666666,7.6
1993-04-25 00:00:00,12.433333333333334,7.6
1993-04-25 09:00:00,12.2,4.0
1993-04-26 00:00:00,12.466666666666667,0.4
1993-04-26 00:00:00,12.733333333333333,0.4
1993-04-26 09:00:00,13.0,2.0
1993-04-27 00:00:00,12.616666666666667,3.6
1993-04-27 00:00:00,12.233333333333333,3.6
1993-04-27 09:00:00,11.85,1.9000000000000001
1993-04-28 00:00:00,12.766666666666666,0.2
1993-04-28 00:00:00,13.683333333333334,0.2
1993-04-28 09:00:00,14.6,0.1
1993-04-29 00:00:00,14.016666666666666,0.0
1993-04-29 00:00:00,13.433333333333334,0.0
1993-04-29 09:00:00,12.85,0.0
1993-04-30 00:00:00,13.666666666666666,0.0
1993-04-30 00:00:00,14.483333333333334,0.0
1993-04-30 09:00:00,15.3,0.0
1993-05-01 00:00:00,16.1,0.0
1993-05-01 00:00:00,16.9,0.0
1993-05-01 09:00:00,17.7,0.0
1993-05-02 00:00:00,16.625,0.0
1993-05-02 09:00:00,15.55,0.0
1993-05-03 00:00:00,12.875,0.0
1993-05-03 09:00:00,10.2,0.2
1993-05-04 00:00:00,9.925,0.4
1993-05-04 09:00:00,9.65,0.2
1993-05-05 00:00:00,10.350000000000001,0.0
1993-05-05 09:00:00,11.05,0.0
1993-05-06 00:00:00,10.7,0.0
1993-05-06 09:00:00,10.35,0.0
1993-05-07 00:00:00,10.5,0.0
1993-05-07 09:00:00,10.65,0.0
1993-05-08 00:00:00,11.65,0.0
1993-05-08 09:00:00,12.65,0.7
1993-05-09 00:00:00,13.100000000000001,1.4
1993-05-09 09:00:00,13.55,1.4
1993-05-10 00:00:00,13.975000000000001,1.4
1993-05-10 09:00:00,14.4,0.7
1993-05-11 00:00:00,15.274999999999999,0.0
1993-05-11 09:00:00,16.15,0.1
1993-05-12 00:00:00,17.1,0.2
1993-05-12 09:00:00,18.05,0.1
1993-05-13 00:00:00,16.55,0.0
1993-05-13 09:00:00,15.05,0.0
1993-05-14 00:00:00,14.025,0.0
1993-05-14 09:00:00,13.0,1.0
1993-05-15 00:00:00,11.875,2.0
1993-05-15 09:00:00,10.75,2.4
1993-05-16 00:00:00,10.85,2.8
1993-05-16 09:00:00,10.95,1.7
1993-05-17 00:00:00,13.475,0.6
1993-05-17 09:00:00,16.0,5.3
1993-05-18 00:00:00,16.225,10.0
1993-05-18 09:00:00,16.450000000000003,5.0
1993-05-19 00:00:00,15.925,0.0
1993-05-19 09:00:00,15.4,0.0
1993-05-20 00:00:00,15.025,0.0
1993-05-20 09:00:00,14.65,5.1
1993-05-21 00:00:00,12.875,10.2
1993-05-21 09:00:00,11.1,5.1
1993-05-22 00:00:00,12.075,0.0
1993-05-22 09:00:00,13.05,0.0
1993-05-23 00:00:00,14.775,0.0
1993-05-23 09:00:00,16.5,0.0
1993-05-24 00:00:00,17.525,0.0
1993-05-24 09:00:00,18.55,0.0
1993-05-25 00:00:00,18.450000000000003,0.0
1993-05-25 09:00:00,18.35,0.0
1993-05-26 00:00:00,16.85,0.0
1993-05-26 09:00:00,15.35,3.4
1993-05-27 00:00:00,15.024999999999999,6.8
1993-05-27 09:00:00,14.7,5.699999999999999
1993-05-28 00:00:00,13.55,4.6
1993-05-28 09:00:00,12.4,2.5
1993-05-29 00:00:00,13.175,0.4
1993-05-29 09:00:00,13.95,1.5
1993-05-30 00:00:00,15.45,2.6
1993-05-30 09:00:00,16.95,1.3
1993-05-31 00:00:00,15.675,0.0
1993-05-31 09:00:00,14.4,0.3
1993-06-01 00:00:00,14.9,0.6
1993-06-01 09:00:00,15.4,1.1
1993-06-02 00:00:00,15.85,1.6
1993-06-02 00:00:00,16.3,1.6
1993-06-02 09:00:00,16.75,6.0
1993-06-03 00:00:00,16.583333333333332,10.4
1993-06-03 00:00:00,16.416666666666668,10.4
1993-06-03 09:00:00,16.25,5.2
1993-06-04 00:00:00,15.866666666666667,0.0
1993-06-04 00:00:00,15.483333333333333,0.0
1993-06-04 09:00:00,15.1,0.0
1993-06-05 00:00:00,15.916666666666666,0.0
1993-06-05 00:00:00,16.733333333333334,0.0
1993-06-05 09:00:00,17.55,0.0
1993-06-06 00:00:00,17.76666666666667,0.0
1993-06-06 00:00:00,17.983333333333334,0.0
1993-06-06 09:00:00,18.200000000000003,0.1
1993-06-07 00:00:00,18.883333333333336,0.2
1993-06-07 00:00:00,19.566666666666666,0.2
1993-06-07 09:00:00,20.25,0.1
1993-06-08 00:00:00,20.316666666666666,0.0
1993-06-08 00:00:00,20.383333333333333,0.0
1993-06-08 09:00:00,20.45,0.0
1993-06-09 00:00:00,21.28333333333333,0.0
1993-06-09 00:00:00,22.116666666666667,0.0
1993-06-09 09:00:00,22.95,0.0
1993-06-10 00:00:00,22.916666666666668,0.0
1993-06-10 00:00:00,22.883333333333333,0.0
1993-06-10 09:00:00,22.85,0.6
1993-06-11 00:00:00,21.916666666666668,1.2
1993-06-11 00:00:00,20.983333333333334,1.2
1993-06-11 09:00:00,20.05,6.4
1993-06-12 00:00:00,18.783333333333335,11.6
1993-06-12 00:00:00,17.516666666666666,11.6
1993-06-12 09:00:00,16.25,7.4
1993-06-13 00:00:00,16.05,3.2
1993-06-13 00:00:00,15.85,3.2
1993-06-13 09:00:00,15.65,3.1
1993-06-14 00:00:00,15.433333333333334,3.0
1993-06-14 00:00:00,15.216666666666667,3.0
1993-06-14 09:00:00,15.0,4.7
1993-06-15 00:00:00,14.616666666666667,6.4
1993-06-15 00:00:00,14.233333333333333,6.4
1993-06-15 09:00:00,13.85,4.5
1993-06-16 00:00:00,15.049999999999999,2.6
1993-06-16 00:00:00,16.25,2.6
1993-06-16 09:00:00,17.45,7.200000000000001
1993-06-17 00:00:00,16.566666666666666,11.8
1993-06-17 00:00:00,15.683333333333334,11.8
1993-06-17 09:00:00,14.8,5.9
1993-06-18 00:00:00,15.966666666666667,0.0
1993-06-18 00:00:00,17.133333333333333,0.0
1993-06-18 09:00:00,18.3,0.2
1993-06-19 00:00:00,17.683333333333334,0.4
1993-06-19 00:00:00,17.066666666666666,0.4
1993-06-19 09:00:00,16.45,0.2
1993-06-20 00:00:00,16.083333333333332,0.0
1993-06-20 00:00:00,15.716666666666667,0.0
1993-06-20 09:00:00,15.35,0.0
1993-06-21 00:00:00,15.65,0.0
1993-06-21 00:00:00,15.95,0.0
1993-06-21 09:00:00,16.25,0.0
1993-06-22 00:00:00,16.0,0.0
1993-06-22 00:00:00,15.75,0.0
1993-06-22 09:00:00,15.5,0.0
1993-06-23 00:00:00,15.75,0.0
1993-06-23 00:00:00,16.0,0.0
1993-06-23 09:00:00,16.25,0.0
1993-06-24 00:00:00,16.15,0.0
1993-06-24 00:00:00,16.05,0.0
1993-06-24 09:00:00,15.95,0.0
1993-06-25 00:00:00,16.133333333333333,0.0
1993-06-25 00:00:00,16.316666666666666,0.0
1993-06-25 09:00:00,16.5,0.0
1993-06-26 00:00:00,17.1,0.0
1993-06-26 00:00:00,17.7,0.0
1993-06-26 09:00:00,18.3,0.1
1993-06-27 00:00:00,18.833333333333332,0.2
1993-06-27 00:00:00,19.366666666666667,0.2
1993-06-27 09:00:00,19.9,0.1
1993-06-28 00:00:00,19.716666666666665,0.0
1993-06-28 00:00:00,19.533333333333335,0.0
1993-06-28 09:00:00,19.35,0.0
1993-06-29 00:00:00,18.76666666666667,0.0
1993-06-29 00:00:00,18.183333333333334,0.0
1993-06-29 09:00:00,17.6,0.0
1993-06-30 00:00:00,18.01666666666667,0.0
1993-06-30 00:00:00,18.433333333333334,0.0
1993-06-30 09:00:00,18.85,0.0
1993-07-01 00:00:00,19.35,0.0
1993-07-01 00:00:00,19.85,0.0
1993-07-01 09:00:00,20.35,0.0
1993-07-02 00:00:00,19.9,0.0
1993-07-02 09:00:00,19.45,0.0
1993-07-03 00:00:00,20.125,0.0
1993-07-03 09:00:00,20.8,0.0
1993-07-04 00:00:00,21.4,0.0
1993-07-04 09:00:00,22.0,0.0
1993-07-05 00:00:00,21.575,0.0
1993-07-05 09:00:00,21.15,0.0
1993-07-06 00:00:00,18.475,0.0
1993-07-06 09:00:00,15.8,0.0
1993-07-07 00:00:00,16.85,0.0
1993-07-07 09:00:00,17.9,0.0
1993-07-08 00:00:00,18.35,0.0
1993-07-08 09:00:00,18.8,0.0
1993-07-09 00:00:00,19.025,0.0
1993-07-09 09:00:00,19.25,4.0
1993-07-10 00:00:00,16.15,8.0
1993-07-10 09:00:00,13.05,5.0
1993-07-11 00:00:00,13.075,2.0
1993-07-11 09:00:00,13.1,1.0
1993-07-12 00:00:00,13.375,0.0
1993-07-12 09:00:00,13.65,0.0
1993-07-13 00:00:00,13.675,0.0
1993-07-13 09:00:00,13.7,3.6
1993-07-14 00:00:00,14.924999999999999,7.2
1993-07-14 09:00:00,16.15,4.5
1993-07-15 00:00:00,17.65,1.8
1993-07-15 09:00:00,19.15,2.6
1993-07-16 00:00:00,19.075,3.4
1993-07-16 09:00:00,19.0,1.7
1993-07-17 00:00:00,18.9,0.0
1993-07-17 09:00:00,18.8,0.0
1993-07-18 00:00:00,17.75,0.0
1993-07-18 09:00:00,16.7,1.0
1993-07-19 00:00:00,16.674999999999997,2.0
1993-07-19 09:00:00,16.65,1.6
1993-07-20 00:00:00,16.975,1.2
1993-07-20 09:00:00,17.3,1.4
1993-07-21 00:00:00,16.725,1.6
1993-07-21 09:00:00,16.15,0.8
1993-07-22 00:00:00,16.125,0.0
1993-07-22 09:00:00,16.1,0.0
1993-07-23 00:00:00,17.75,0.0
1993-07-23 09:00:00,19.4,0.6
1993-07-24 00:00:00,20.15,1.2
1993-07-24 09:00:00,20.9,1.0
1993-07-25 00:00:00,18.275,0.8
1993-07-25 09:00:00,15.65,0.4
1993-07-26 00:00:00,15.675,0.0
1993-07-26 09:00:00,15.7,1.1
1993-07-27 00:00:00,16.475,2.2
1993-07-27 09:00:00,17.25,2.2
1993-07-28 00:00:00,17.825,2.2
1993-07-28 09:00:00,18.4,1.1
1993-07-29 00:00:00,19.85,0.0
1993-07-29 09:00:00,21.3,0.0
1993-07-30 00:00:00,19.825000000000003,0.0
1993-07-30 09:00:00,18.35,2.0
1993-07-31 00:00:00,17.65,4.0
1993-07-31 09:00:00,16.95,2.0
1993-08-01 00:00:00,16.25,0.0
1993-08-01 09:00:00,15.55,0.0
1993-08-02 00:00:00,16.433333333333334,0.0
1993-08-02 00:00:00,17.316666666666666,0.0
1993-08-02 09:00:00,18.2,0.0
1993-08-03 00:00:00,18.316666666666666,0.0
1993-08-03 00:00:00,18.433333333333334,0.0
1993-08-03 09:00:00,18.55,0.0
1993-08-04 00:00:00,18.333333333333332,0.0
1993-08-04 00:00:00,18.116666666666667,0.0
1993-08-04 09:00:00,17.9,0.5
1993-08-05 00:00:00,17.816666666666666,1.0
1993-08-05 00:00:00,17.73333333333333,1.0
1993-08-05 09:00:00,17.65,0.5
1993-08-06 00:00:00,17.03333333333333,0.0
1993-08-06 00:00:00,16.416666666666668,0.0
1993-08-06 09:00:00,15.8,0.0
1993-08-07 00:00:00,16.633333333333333,0.0
1993-08-07 00:00:00,17.46666666666667,0.0
1993-08-07 09:00:00,18.3,0.0
1993-08-08 00:00:00,18.783333333333335,0.0
1993-08-08 00:00:00,19.266666666666666,0.0
1993-08-08 09:00:00,19.75,0.2
1993-08-09 00:00:00,19.483333333333334,0.4
1993-08-09 00:00:00,19.21666666666667,0.4
1993-08-09 09:00:00,18.950000000000003,0.8999999999999999
1993-08-10 00:00:00,18.76666666666667,1.4
1993-08-10 00:00:00,18.583333333333332,1.4
1993-08-10 09:00:00,18.4,0.7
1993-08-11 00:00:00,17.75,0.0
1993-08-11 00:00:00,17.099999999999998,0.0
1993-08-11 09:00:00,16.45,8.0
1993-08-12 00:00:00,16.966666666666665,16.0
1993-08-12 00:00:00,17.483333333333334,16.0
1993-08-12 09:00:00,18.0,8.0
1993-08-13 00:00:00,16.96666666666667,0.0
1993-08-13 00:00:00,15.933333333333334,0.0
1993-08-13 09:00:00,14.9,0.0
1993-08-14 00:00:00,15.633333333333335,0.0
1993-08-14 00:00:00,16.366666666666667,0.0
1993-08-14 09:00:00,17.1,0.0
1993-08-15 00:00:00,18.3,0.0
1993-08-15 00:00:00,19.5,0.0
1993-08-15 09:00:00,20.7,0.0
1993-08-16 00:00:00,20.216666666666665,0.0
1993-08-16 00:00:00,19.733333333333334,0.0
1993-08-16 09:00:00,19.25,0.0
1993-08-17 00:00:00,18.766666666666666,0.0
1993-08-17 00:00:00,18.283333333333335,0.0
1993-08-17 09:00:00,17.8,0.0
1993-08-18 00:00:00,17.733333333333334,0.0
1993-08-18 00:00:00,17.666666666666668,0.0
1993-08-18 09:00:00,17.6,0.0
1993-08-19 00:00:00,17.683333333333334,0.0
1993-08-19 00:00:00,17.76666666666667,0.0
1993-08-19 09:00:00,17.85,0.0
1993-08-20 00:00:00,18.900000000000002,0.0
1993-08-20 00:00:00,19.95,0.0
1993-08-20 09:00:00,21.0,0.0
1993-08-21 00:00:00,20.466666666666665,0.0
1993-08-21 00:00:00,19.933333333333334,0.0
1993-08-21 09:00:00,19.4,3.3
1993-08-22 00:00:00,19.23333333333333,6.6
1993-08-22 00:00:00,19.066666666666666,6.6
1993-08-22 09:00:00,18.9,3.5999999999999996
1993-08-23 00:00:00,17.349999999999998,0.6
1993-08-23 00:00:00,15.799999999999999,0.6
1993-08-23 09:00:00,14.25,0.3
1993-08-24 00:00:00,14.183333333333334,0.0
1993-08-24 00:00:00,14.116666666666667,0.0
1993-08-24 09:00:00,14.05,0.0
1993-08-25 00:00:00,13.633333333333335,0.0
1993-08-25 00:00:00,13.216666666666667,0.0
1993-08-25 09:00:00,12.8,0.0
1993-08-26 00:00:00,13.15,0.0
1993-08-26 00:00:00,13.5,0.0
1993-08-26 09:00:00,13.85,0.0
1993-08-27 00:00:00,14.066666666666666,0.0
1993-08-27 00:00:00,14.283333333333333,0.0
1993-08-27 09:00:00,14.5,0.0
1993-08-28 00:00:00,14.4,0.0
1993-08-28 00:00:00,14.299999999999999,0.0
1993-08-28 09:00:00,14.2,0.0
1993-08-29 00:00:00,14.35,0.0
1993-08-29 00:00:00,14.5,0.0
1993-08-29 09:00:00,14.65,0.0
1993-08-30 00:00:00,16.05,0.0
1993-08-30 00:00:00,17.450000000000003,0.0
1993-08-30 09:00:00,18.85,0.0
1993-08-31 00:00:00,18.400000000000002,0.0
1993-08-31 00:00:00,17.95,0.0
1993-08-31 09:00:00,17.5,0.0
1993-09-01 00:00:00,16.75,0.0
1993-09-01 00:00:00,16.0,0.0
1993-09-01 09:00:00,15.25,0.0
1993-09-02 00:00:00,16.25,0.0
1993-09-02 00:00:00,17.25,0.0
1993-09-02 09:00:00,18.25,0.0
1993-09-03 00:00:00,17.533333333333335,0.0
1993-09-03 00:00:00,16.816666666666666,0.0
1993-09-03 09:00:00,16.1,0.0
1993-09-04 00:00:00,15.4,0.0
1993-09-04 00:00:00,14.700000000000001,0.0
1993-09-04 09:00:00,14.0,0.0
1993-09-05 00:00:00,13.983333333333333,0.0
1993-09-05 00:00:00,13.966666666666667,0.0
1993-09-05 09:00:00,13.95,0.0
1993-09-06 00:00:00,13.833333333333332,0.0
1993-09-06 00:00:00,13.716666666666667,0.0
1993-09-06 09:00:00,13.6,0.0
1993-09-07 00:00:00,14.316666666666666,0.0
1993-09-07 00:00:00,15.033333333333333,0.0
1993-09-07 09:00:00,15.75,3.1
1993-09-08 00:00:00,16.6,6.2
1993-09-08 00:00:00,17.45,6.2
1993-09-08 09:00:00,18.3,4.7
1993-09-09 00:00:00,18.333333333333332,3.2
1993-09-09 00:00:00,18.366666666666667,3.2
1993-09-09 09:00:00,18.4,2.3
1993-09-10 00:00:00,18.0,1.4
1993-09-10 00:00:00,17.6,1.4
1993-09-10 09:00:00,17.200000000000003,1.0
1993-09-11 00:00:00,15.883333333333335,0.6
1993-09-11 00:00:00,14.566666666666668,0.6
1993-09-11 09:00:00,13.25,0.4
1993-09-12 00:00:00,13.516666666666667,0.2
1993-09-12 00:00:00,13.783333333333333,0.2
1993-09-12 09:00:00,14.05,5.000000000000001
1993-09-13 00:00:00,14.233333333333334,9.8
1993-09-13 00:00:00,14.416666666666666,9.8
1993-09-13 09:00:00,14.6,13.9
1993-09-14 00:00:00,14.716666666666667,18.0
1993-09-14 00:00:00,14.833333333333332,18.0
1993-09-14 09:00:00,14.95,9.0
1993-09-15 00:00:00,14.333333333333332,0.0
1993-09-15 00:00:00,13.716666666666667,0.0
1993-09-15 09:00:00,13.1,1.5
1993-09-16 00:00:00,13.516666666666666,3.0
1993-09-16 00:00:00,13.933333333333334,3.0
1993-09-16 09:00:00,14.35,2.9
1993-09-17 00:00:00,13.883333333333333,2.8
1993-09-17 00:00:00,13.416666666666666,2.8
1993-09-17 09:00:00,12.95,1.4
1993-09-18 00:00:00,12.9,0.0
1993-09-18 00:00:00,12.85,0.0
1993-09-18 09:00:00,12.8,0.0
1993-09-19 00:00:00,13.1,0.0
1993-09-19 00:00:00,13.4,0.0
1993-09-19 09:00:00,13.7,0.0
1993-09-20 00:00:00,14.916666666666666,0.0
1993-09-20 00:00:00,16.133333333333333,0.0
1993-09-20 09:00:00,17.35,3.4
1993-09-21 00:00:00,16.75,6.8
1993-09-21 00:00:00,16.150000000000002,6.8
1993-09-21 09:00:00,15.55,3.5
1993-09-22 00:00:00,15.733333333333334,0.2
1993-09-22 00:00:00,15.916666666666668,0.2
1993-09-22 09:00:00,16.1,2.7
1993-09-23 00:00:00,15.633333333333335,5.2
1993-09-23 00:00:00,15.166666666666666,5.2
1993-09-23 09:00:00,14.7,2.6
1993-09-24 00:00:00,14.299999999999999,0.0
1993-09-24 00:00:00,13.9,0.0
1993-09-24 09:00:00,13.5,0.1
1993-09-25 00:00:00,14.083333333333334,0.2
1993-09-25 00:00:00,14.666666666666666,0.2
1993-09-25 09:00:00,15.25,0.4
1993-09-26 00:00:00,14.066666666666666,0.6
1993-09-26 00:00:00,12.883333333333333,0.6
1993-09-26 09:00:00,11.7,1.0
1993-09-27 00:00:00,11.666666666666666,1.4
1993-09-27 00:00:00,11.633333333333333,1.4
1993-09-27 09:00:00,11.6,4.799999999999999
1993-09-28 00:00:00,11.033333333333333,8.2
1993-09-28 00:00:00,10.466666666666667,8.2
1993-09-28 09:00:00,9.9,6.6
1993-09-29 00:00:00,10.3,5.0
1993-09-29 00:00:00,10.7,5.0
1993-09-29 09:00:00,11.1,4.5
1993-09-30 00:00:00,11.299999999999999,4.0
1993-09-30 00:00:00,11.5,4.0
1993-09-30 09:00:00,11.7,7.8
1993-10-01 00:00:00,11.916666666666666,11.6
1993-10-01 00:00:00,12.133333333333333,11.6
1993-10-01 09:00:00,12.35,25.1
1993-10-02 00:00:00,12.35,38.6
1993-10-02 00:00:00,12.35,38.1
1993-10-02 09:00:00,12.35,22.35
1993-10-03 00:00:00,12.016666666666666,6.6
1993-10-03 00:00:00,11.683333333333334,8.0
1993-10-03 09:00:00,11.35,5.2
1993-10-04 00:00:00,12.35,2.4
1993-10-04 00:00:00,13.35,2.6
1993-10-04 09:00:00,14.35,3.25
1993-10-05 00:00:00,14.283333333333333,3.9
1993-10-05 00:00:00,14.216666666666667,6.0
1993-10-05 09:00:00,14.15,4.15
1993-10-06 00:00:00,14.166666666666666,2.3
1993-10-06 00:00:00,14.183333333333334,2.8
1993-10-06 09:00:00,14.2,5.1
1993-10-07 00:00:00,13.966666666666667,7.4
1993-10-07 00:00:00,13.733333333333333,8.0
1993-10-07 09:00:00,13.5,4.7
1993-10-08 00:00:00,13.233333333333333,1.4
1993-10-08 00:00:00,12.966666666666667,1.6
1993-10-08 09:00:00,12.7,1.1
1993-10-09 00:00:00,13.166666666666666,0.6
1993-10-09 00:00:00,13.633333333333333,0.6
1993-10-09 09:00:00,14.1,0.8
1993-10-10 00:00:00,13.433333333333334,1.0
1993-10-10 00:00:00,12.766666666666666,1.0
1993-10-10 09:00:00,12.1,4.4
1993-10-11 00:00:00,12.933333333333334,7.8
1993-10-11 00:00:00,13.766666666666666,7.8
1993-10-11 09:00:00,14.6,7.6
1993-10-12 00:00:00,15.033333333333333,7.4
1993-10-12 00:00:00,15.466666666666667,7.4
1993-10-12 09:00:00,15.9,10.9
1993-10-13 00:00:00,15.55,14.4
1993-10-13 00:00:00,15.2,14.4
1993-10-13 09:00:00,14.85,7.3
1993-10-14 00:00:00,14.083333333333334,0.2
1993-10-14 00:00:00,13.316666666666666,0.2
1993-10-14 09:00:00,12.55,0.1
1993-10-15 00:00:00,10.966666666666667,0.0
1993-10-15 00:00:00,9.383333333333335,0.0
1993-10-15 09:00:00,7.800000000000001,0.0
1993-10-16 00:00:00,7.45,0.0
1993-10-16 00:00:00,7.1000000000000005,0.0
1993-10-16 09:00:00,6.75,0.0
1993-10-17 00:00:00,6.6,0.0
1993-10-17 00:00:00,6.45,0.0
1993-10-17 09:00:00,6.3,0.0
1993-10-18 00:00:00,7.1499999999999995,0.0
1993-10-18 00:00:00,8.0,0.0
1993-10-18 09:00:00,8.85,0.0
1993-10-19 00:00:00,8.633333333333333,0.0
1993-10-19 00:00:00,8.416666666666666,0.0
1993-10-19 09:00:00,8.2,0.0
1993-10-20 00:00:00,7.666666666666666,0.0
1993-10-20 00:00:00,7.133333333333334,0.0
1993-10-20 09:00:00,6.6000000000000005,0.0
1993-10-21 00:00:00,6.966666666666667,0.0
1993-10-21 00:00:00,7.333333333333334,0.0
1993-10-21 09:00:00,7.7,0.0
1993-10-22 00:00:00,7.9,0.0
1993-10-22 00:00:00,8.100000000000001,0.0
1993-10-22 09:00:00,8.3,0.0
1993-10-23 00:00:00,9.066666666666666,0.0
1993-10-23 00:00:00,9.833333333333334,0.0
1993-10-23 09:00:00,10.6,0.0
1993-10-24 00:00:00,10.333333333333334,0.0
1993-10-24 00:00:00,10.066666666666666,0.0
1993-10-24 09:00:00,9.8,0.3
1993-10-25 00:00:00,9.6,0.6
1993-10-25 00:00:00,9.4,0.6
1993-10-25 09:00:00,9.2,0.3
1993-10-26 00:00:00,9.65,0.0
1993-10-26 00:00:00,10.1,0.0
1993-10-26 09:00:00,10.55,0.0
1993-10-27 00:00:00,10.75,0.0
1993-10-27 00:00:00,10.950000000000001,0.0
1993-10-27 09:00:00,11.15,0.2
1993-10-28 00:00:00,11.033333333333333,0.4
1993-10-28 00:00:00,10.916666666666668,0.4
1993-10-28 09:00:00,10.8,0.2
1993-10-29 00:00:00,10.666666666666668,0.0
1993-10-29 00:00:00,10.533333333333333,0.0
1993-10-29 09:00:00,10.4,0.0
1993-10-30 00:00:00,10.3,0.0
1993-10-30 00:00:00,10.2,0.0
1993-10-30 09:00:00,10.1,0.0
1993-10-31 00:00:00,9.9,0.0
1993-10-31 00:00:00,9.7,0.0
1993-10-31 09:00:00,9.5,0.0
1993-11-01 00:00:00,9.283333333333333,0.0
1993-11-01 00:00:00,9.066666666666666,0.0
1993-11-01 09:00:00,8.85,0.1
1993-11-02 00:00:00,8.383333333333333,0.2
1993-11-02 00:00:00,7.916666666666667,0.2
1993-11-02 09:00:00,7.45,0.1
1993-11-03 00:00:00,7.85,0.0
1993-11-03 00:00:00,8.25,0.0
1993-11-03 09:00:00,8.649999999999999,0.0
1993-11-04 00:00:00,10.033333333333333,0.0
1993-11-04 00:00:00,11.416666666666666,0.0
1993-11-04 09:00:00,12.8,0.1
1993-11-05 00:00:00,13.183333333333334,0.2
1993-11-05 00:00:00,13.566666666666666,0.2
1993-11-05 09:00:00,13.95,0.1
1993-11-06 00:00:00,13.549999999999999,0.0
1993-11-06 00:00:00,13.15,0.0
1993-11-06 09:00:00,12.75,0.0
1993-11-07 00:00:00,11.983333333333333,0.0
1993-11-07 00:00:00,11.216666666666667,0.0
1993-11-07 09:00:00,10.45,0.0
1993-11-08 00:00:00,10.083333333333332,0.0
1993-11-08 00:00:00,9.716666666666667,0.0
1993-11-08 09:00:00,9.35,0.0
1993-11-09 00:00:00,8.583333333333332,0.0
1993-11-09 00:00:00,7.816666666666666,0.0
1993-11-09 09:00:00,7.05,3.6
1993-11-10 00:00:00,8.016666666666666,7.2
1993-11-10 00:00:00,8.983333333333333,7.2
1993-11-10 09:00:00,9.95,4.6
1993-11-11 00:00:00,9.566666666666666,2.0
1993-11-11 00:00:00,9.183333333333334,2.0
1993-11-11 09:00:00,8.8,1.1
1993-11-12 00:00:00,8.333333333333334,0.2
1993-11-12 00:00:00,7.866666666666666,0.2
1993-11-12 09:00:00,7.399999999999999,3.6
1993-11-13 00:00:00,8.016666666666666,7.0
1993-11-13 00:00:00,8.633333333333333,7.0
1993-11-13 09:00:00,9.25,7.4
1993-11-14 00:00:00,9.566666666666666,7.8
1993-11-14 00:00:00,9.883333333333333,7.8
1993-11-14 09:00:00,10.2,4.0
1993-11-15 00:00:00,8.75,0.2
1993-11-15 00:00:00,7.299999999999999,0.2
1993-11-15 09:00:00,5.85,0.1
1993-11-16 00:00:00,6.033333333333333,0.0
1993-11-16 00:00:00,6.216666666666667,0.0
1993-11-16 09:00:00,6.4,0.0
1993-11-17 00:00:00,6.066666666666667,0.0
1993-11-17 00:00:00,5.733333333333333,0.0
1993-11-17 09:00:00,5.4,0.0
1993-11-18 00:00:00,4.9,0.0
1993-11-18 00:00:00,4.4,0.0
1993-11-18 09:00:00,3.9,0.0
1993-11-19 00:00:00,3.683333333333333,0.0
1993-11-19 00:00:00,3.466666666666667,0.0
1993-11-19 09:00:00,3.25,0.1
1993-11-20 00:00:00,3.433333333333333,0.2
1993-11-20 00:00:00,3.6166666666666667,0.2
1993-11-20 09:00:00,3.8,0.2
1993-11-21 00:00:00,3.583333333333333,0.2
1993-11-21 00:00:00,3.3666666666666667,0.2
1993-11-21 09:00:00,3.15,1.0
1993-11-22 00:00:00,2.1666666666666665,1.8
1993-11-22 00:00:00,1.1833333333333331,1.8
1993-11-22 09:00:00,0.1999999999999999,1.0
1993-11-23 00:00:00,0.3166666666666666,0.2
1993-11-23 00:00:00,0.43333333333333335,0.2
1993-11-23 09:00:00,0.55,0.1
1993-11-24 00:00:00,0.41666666666666663,0.0
1993-11-24 00:00:00,0.28333333333333327,0.0
1993-11-24 09:00:00,0.1499999999999999,0.0
1993-11-25 00:00:00,1.4333333333333333,0.0
1993-11-25 00:00:00,2.716666666666667,0.0
1993-11-25 09:00:00,4.0,0.0
1993-11-26 00:00:00,5.083333333333333,0.0
1993-11-26 00:00:00,6.166666666666666,0.0
1993-11-26 09:00:00,7.25,0.0
1993-11-27 00:00:00,6.483333333333333,0.0
1993-11-27 00:00:00,5.716666666666667,0.0
1993-11-27 09:00:00,4.95,0.0
1993-11-28 00:00:00,4.783333333333333,0.0
1993-11-28 00:00:00,4.616666666666667,0.0
1993-11-28 09:00:00,4.45,0.0
1993-11-29 00:00:00,2.966666666666667,0.0
1993-11-29 00:00:00,1.4833333333333334,0.0
1993-11-29 09:00:00,0.0,3.0
1993-11-30 00:00:00,1.0,6.0
1993-11-30 00:00:00,2.0,5.2
1993-11-30 09:00:00,3.0,2.8000000000000003
1993-12-01 00:00:00,4.683333333333334,0.4
1993-12-01 00:00:00,6.366666666666667,0.4
1993-12-01 09:00:00,8.05,0.30000000000000004
1993-12-02 00:00:00,7.9750000000000005,0.2
1993-12-02 09:00:00,7.9,0.1
1993-12-03 00:00:00,9.675,0.0
1993-12-03 09:00:00,11.45,0.1
1993-12-04 00:00:00,11.6,0.2
1993-12-04 09:00:00,11.75,0.7
1993-12-05 00:00:00,9.975,1.2
1993-12-05 09:00:00,8.2,0.6
1993-12-06 00:00:00,8.875,0.0
1993-12-06 09:00:00,9.55,2.1
1993-12-07 00:00:00,9.2,4.2
1993-12-07 09:00:00,8.85,3.9000000000000004
1993-12-08 00:00:00,8.0,3.6
1993-12-08 09:00:00,7.15,3.0
1993-12-09 00:00:00,7.575,2.4
1993-12-09 09:00:00,8.0,1.7
1993-12-10 00:00:00,9.075,1.0
1993-12-10 09:00:00,10.15,0.5
1993-12-11 00:00:00,8.4,0.0
1993-12-11 09:00:00,6.65,0.0
1993-12-12 00:00:00,6.3,0.0
1993-12-12 09:00:00,5.949999999999999,4.6
1993-12-13 00:00:00,7.35,9.2
1993-12-13 09:00:00,8.75,5.1
1993-12-14 00:00:00,7.85,1.0
1993-12-14 09:00:00,6.95,2.7
1993-12-15 00:00:00,5.625,4.4
1993-12-15 09:00:00,4.3,2.3000000000000003
1993-12-16 00:00:00,5.025,0.2
1993-12-16 09:00:00,5.75,0.2
1993-12-17 00:00:00,6.15,0.2
1993-12-17 09:00:00,6.55,0.30000000000000004
1993-12-18 00:00:00,7.05,0.4
1993-12-18 09:00:00,7.55,3.9999999999999996
1993-12-19 00:00:00,9.4,7.6
1993-12-19 09:00:00,11.25,7.6
1993-12-20 00:00:00,10.325,7.6
1993-12-20 09:00:00,9.4,5.699999999999999
1993-12-21 00:00:00,7.95,3.8
1993-12-21 09:00:00,6.5,2.4
1993-12-22 00:00:00,5.975,1.0
1993-12-22 09:00:00,5.45,2.5
1993-12-23 00:00:00,5.275,4.0
1993-12-23 09:00:00,5.1,3.3
1993-12-24 00:00:00,4.949999999999999,2.6
1993-12-24 09:00:00,4.8,1.3
1993-12-25 00:00:00,4.3,0.0
1993-12-25 09:00:00,3.8,0.0
1993-12-26 00:00:00,3.4,0.0
1993-12-26 09:00:00,3.0,0.0
1993-12-27 00:00:00,2.775,0.0
1993-12-27 09:00:00,2.55,0.8
1993-12-28 00:00:00,2.075,1.6
1993-12-28 09:00:00,1.6,1.6
1993-12-29 00:00:00,3.8750000000000004,1.6
1993-12-29 09:00:00,6.15,2.7
1993-12-30 00:00:00,7.2,3.8
1993-12-30 09:00:00,8.25,7.699999999999999
1993-12-31 00:00:00,8.525,11.6
1993-12-31 09:00:00,8.8,5.8
1994-01-01 00:00:00,6.95,0.0
1994-01-01 09:00:00,5.1,2.8
1994-01-02 00:00:00,4.925,5.6
1994-01-02 09:00:00,4.75,3.6999999999999997
1994-01-03 00:00:00,6.125,1.8
1994-01-03 09:00:00,7.5,5.6000000000000005
1994-01-04 00:00:00,7.65,9.4
1994-01-04 09:00:00,7.8,7.6
1994-01-05 00:00:00,6.975,5.8
1994-01-05 09:00:00,6.15,4.1
1994-01-06 00:00:00,6.35,2.4
1994-01-06 09:00:00,6.55,6.4
1994-01-07 00:00:00,4.275,10.4
1994-01-07 09:00:00,2.0,5.25
1994-01-08 00:00:00,1.625,0.1
1994-01-08 09:00:00,1.25,0.8999999999999999
1994-01-09 00:00:00,3.125,1.7
1994-01-09 09:00:00,5.0,8.65
1994-01-10 00:00:00,6.375,15.6
1994-01-10 09:00:00,7.75,7.95
1994-01-11 00:00:00,7.125,0.3
1994-01-11 09:00:00,6.5,1.4000000000000001
1994-01-12 00:00:00,7.25,2.5
1994-01-12 09:00:00,8.0,3.0
1994-01-13 00:00:00,9.275,3.5
1994-01-13 09:00:00,10.55,2.95
1994-01-14 00:00:00,10.175,2.4
1994-01-14 09:00:00,9.8,2.0
1994-01-15 00:00:00,8.775,1.6
1994-01-15 09:00:00,7.75,0.9
1994-01-16 00:00:00,6.975,0.2
1994-01-16 09:00:00,6.199999999999999,0.2
1994-01-17 00:00:00,5.55,0.2
1994-01-17 09:00:00,4.9,0.2
1994-01-18 00:00:00,3.875,0.2
1994-01-18 09:00:00,2.85,1.9
1994-01-19 00:00:00,4.3,3.6
1994-01-19 09:00:00,5.75,1.9000000000000001
1994-01-20 00:00:00,5.3,0.2
1994-01-20 09:00:00,4.85,0.1
1994-01-21 00:00:00,5.425,0.0
1994-01-21 09:00:00,6.0,0.0
1994-01-22 00:00:00,7.175,0.0
1994-01-22 09:00:00,8.35,0.7
1994-01-23 00:00:00,8.675,1.4
1994-01-23 09:00:00,9.0,1.0
1994-01-24 00:00:00,8.575,0.6
1994-01-24 09:00:00,8.149999999999999,0.7
1994-01-25 00:00:00,8.475,0.8
1994-01-25 09:00:00,8.8,1.6
1994-01-26 00:00:00,8.875,2.4
1994-01-26 09:00:00,8.95,1.2
1994-01-27 00:00:00,9.575,0.0
1994-01-27 09:00:00,10.2,1.1
1994-01-28 00:00:00,9.0,2.2
1994-01-28 09:00:00,7.800000000000001,1.3
1994-01-29 00:00:00,6.375,0.4
1994-01-29 09:00:00,4.949999999999999,0.5
1994-01-30 00:00:00,6.2749999999999995,0.6
1994-01-30 09:00:00,7.6,0.3
1994-01-31 00:00:00,7.025,0.0
1994-01-31 09:00:00,6.45,0.0
1994-02-01 00:00:00,6.800000000000001,0.0
1994-02-01 09:00:00,7.15,1.3
1994-02-02 00:00:00,6.533333333333333,2.6
1994-02-02 00:00:00,5.916666666666667,2.6
1994-02-02 09:00:00,5.3,3.9000000000000004
1994-02-03 00:00:00,5.333333333333333,5.2
1994-02-03 00:00:00,5.366666666666667,5.2
1994-02-03 09:00:00,5.4,4.5
1994-02-04 00:00:00,6.283333333333334,3.8
1994-02-04 00:00:00,7.166666666666667,3.8
1994-02-04 09:00:00,8.05,2.0
1994-02-05 00:00:00,7.616666666666667,0.2
1994-02-05 00:00:00,7.183333333333334,0.2
1994-02-05 09:00:00,6.75,0.1
1994-02-06 00:00:00,6.883333333333334,0.0
1994-02-06 00:00:00,7.016666666666667,0.0
1994-02-06 09:00:00,7.15,2.1
1994-02-07 00:00:00,7.333333333333334,4.2
1994-02-07 00:00:00,7.516666666666667,4.2
1994-02-07 09:00:00,7.7,2.2
1994-02-08 00:00:00,6.866666666666667,0.2
1994-02-08 00:00:00,6.033333333333333,0.0
1994-02-08 09:00:00,5.2,0.6
1994-02-09 00:00:00,5.683333333333334,1.2
1994-02-09 00:00:00,6.166666666666667,1.2
1994-02-09 09:00:00,6.65,0.6
1994-02-10 00:00:00,6.466666666666667,0.0
1994-02-10 00:00:00,6.283333333333334,0.0
1994-02-10 09:00:00,6.1000000000000005,0.3
1994-02-11 00:00:00,6.183333333333334,0.6
1994-02-11 00:00:00,6.2666666666666675,0.6
1994-02-11 09:00:00,6.3500000000000005,0.7
1994-02-12 00:00:00,5.783333333333334,0.8
1994-02-12 00:00:00,5.216666666666667,0.8
1994-02-12 09:00:00,4.65,0.4
1994-02-13 00:00:00,4.766666666666667,0.0
1994-02-13 00:00:00,4.883333333333334,0.0
1994-02-13 09:00:00,5.0,0.0
1994-02-14 00:00:00,3.25,0.0
1994-02-14 00:00:00,1.5,0.0
1994-02-14 09:00:00,-0.25,1.0
1994-02-15 00:00:00,-0.6833333333333333,2.0
1994-02-15 00:00:00,-1.1166666666666667,2.0
1994-02-15 09:00:00,-1.55,1.1
1994-02-16 00:00:00,0.3500000000000001,0.2
1994-02-16 00:00:00,2.25,0.2
1994-02-16 09:00:00,4.15,0.1
1994-02-17 00:00:00,4.833333333333333,0.0
1994-02-17 00:00:00,5.516666666666667,0.0
1994-02-17 09:00:00,6.199999999999999,0.0
1994-02-18 00:00:00,5.866666666666666,0.0
1994-02-18 00:00:00,5.533333333333332,0.0
1994-02-18 09:00:00,5.199999999999999,0.0
1994-02-19 00:00:00,4.883333333333333,0.0
1994-02-19 00:00:00,4.566666666666666,0.0
1994-02-19 09:00:00,4.25,0.0
1994-02-20 00:00:00,4.066666666666666,0.0
1994-02-20 00:00:00,3.8833333333333333,0.0
1994-02-20 09:00:00,3.7,0.0
1994-02-21 00:00:00,2.666666666666667,0.0
1994-02-21 00:00:00,1.6333333333333333,0.0
1994-02-21 09:00:00,0.6,0.2
1994-02-22 00:00:00,0.8166666666666667,0.4
1994-02-22 00:00:00,1.0333333333333332,0.4
1994-02-22 09:00:00,1.25,4.7
1994-02-23 00:00:00,1.45,9.0
1994-02-23 00:00:00,1.6500000000000001,9.0
1994-02-23 09:00:00,1.85,5.6
1994-02-24 00:00:00,2.5500000000000003,2.2
1994-02-24 00:00:00,3.25,2.2
1994-02-24 09:00:00,3.95,1.1
1994-02-25 00:00:00,3.8666666666666667,0.0
1994-02-25 00:00:00,3.7833333333333337,0.0
1994-02-25 09:00:00,3.7,0.9
1994-02-26 00:00:00,4.783333333333333,1.8
1994-02-26 00:00:00,5.866666666666667,1.8
1994-02-26 09:00:00,6.95,0.9
1994-02-27 00:00:00,8.25,0.0
1994-02-27 00:00:00,9.55,0.0
1994-02-27 09:00:00,10.85,0.2
1994-02-28 00:00:00,10.6,0.4
1994-02-28 00:00:00,10.35,0.4
1994-02-28 09:00:00,10.1,0.8
1994-03-01 00:00:00,9.766666666666666,1.2
1994-03-01 00:00:00,9.433333333333334,1.2
1994-03-01 09:00:00,9.1,2.1
1994-03-02 00:00:00,8.533333333333333,3.0
1994-03-02 00:00:00,7.966666666666666,3.0
1994-03-02 09:00:00,7.399999999999999,1.5
1994-03-03 00:00:00,7.966666666666666,0.0
1994-03-03 00:00:00,8.533333333333333,0.0
1994-03-03 09:00:00,9.1,0.5
1994-03-04 00:00:00,8.799999999999999,1.0
1994-03-04 00:00:00,8.5,1.0
1994-03-04 09:00:00,8.2,0.5
1994-03-05 00:00:00,8.716666666666667,0.0
1994-03-05 00:00:00,9.233333333333333,0.0
1994-03-05 09:00:00,9.75,0.0
1994-03-06 00:00:00,9.7,0.0
1994-03-06 00:00:00,9.65,0.0
1994-03-06 09:00:00,9.6,0.0
1994-03-07 00:00:00,9.549999999999999,0.0
1994-03-07 00:00:00,9.5,0.0
1994-03-07 09:00:00,9.45,0.7
1994-03-08 00:00:00,10.383333333333333,1.4
1994-03-08 00:00:00,11.316666666666666,1.4
1994-03-08 09:00:00,12.25,0.7
1994-03-09 00:00:00,12.183333333333334,0.0
1994-03-09 00:00:00,12.116666666666667,0.0
1994-03-09 09:00:00,12.05,0.6
1994-03-10 00:00:00,10.833333333333334,1.2
1994-03-10 00:00:00,9.616666666666667,0.0
1994-03-10 09:00:00,8.4,0.0
1994-03-11 00:00:00,8.2,0.0
1994-03-11 00:00:00,8.0,0.0
1994-03-11 09:00:00,7.8,0.0
1994-03-12 00:00:00,7.5,0.0
1994-03-12 00:00:00,7.2,0.0
1994-03-12 09:00:00,6.9,0.7
1994-03-13 00:00:00,7.533333333333334,1.4
1994-03-13 00:00:00,8.166666666666668,1.2
1994-03-13 09:00:00,8.8,0.6
1994-03-14 00:00:00,9.4,0.0
1994-03-14 00:00:00,10.0,0.0
1994-03-14 09:00:00,10.6,1.1
1994-03-15 00:00:00,11.366666666666667,2.2
1994-03-15 00:00:00,12.133333333333333,2.2
1994-03-15 09:00:00,12.9,2.1
1994-03-16 00:00:00,11.566666666666666,2.0
1994-03-16 00:00:00,10.233333333333334,2.0
1994-03-16 09:00:00,8.9,1.2
1994-03-17 00:00:00,8.333333333333334,0.4
1994-03-17 00:00:00,7.766666666666667,0.4
1994-03-17 09:00:00,7.199999999999999,0.8999999999999999
1994-03-18 00:00:00,7.366666666666666,1.4
1994-03-18 00:00:00,7.533333333333332,1.4
1994-03-18 09:00:00,7.699999999999999,4.699999999999999
1994-03-19 00:00:00,7.933333333333333,8.0
1994-03-19 00:00:00,8.166666666666666,8.0
1994-03-19 09:00:00,8.4,4.0
1994-03-20 00:00:00,7.683333333333334,0.0
1994-03-20 00:00:00,6.966666666666667,0.0
1994-03-20 09:00:00,6.25,0.0
1994-03-21 00:00:00,6.616666666666666,0.0
1994-03-21 00:00:00,6.983333333333333,0.0
1994-03-21 09:00:00,7.35,0.4
1994-03-22 00:00:00,7.733333333333333,0.8
1994-03-22 00:00:00,8.116666666666667,0.8
1994-03-22 09:00:00,8.5,2.3
1994-03-23 00:00:00,9.166666666666666,3.8
1994-03-23 00:00:00,9.833333333333334,3.9
1994-03-23 09:00:00,10.5,2.15
1994-03-24 00:00:00,10.783333333333333,0.4
1994-03-24 00:00:00,11.066666666666666,0.7
1994-03-24 09:00:00,11.35,0.55
1994-03-25 00:00:00,11.833333333333334,0.4
1994-03-25 00:00:00,12.316666666666666,0.4
1994-03-25 09:00:00,12.8,1.3000000000000003
1994-03-26 00:00:00,11.583333333333334,2.2
1994-03-26 00:00:00,10.366666666666667,2.2
1994-03-26 09:00:00,9.15,1.1
1994-03-27 00:00:00,8.65,0.0
1994-03-27 00:00:00,8.15,0.0
1994-03-27 09:00:00,7.65,0.0
1994-03-28 00:00:00,8.216666666666667,0.0
1994-03-28 00:00:00,8.783333333333333,0.0
1994-03-28 09:00:00,9.35,0.0
1994-03-29 00:00:00,10.266666666666666,0.0
1994-03-29 00:00:00,11.183333333333334,0.0
1994-03-29 09:00:00,12.1,0.0
1994-03-30 00:00:00,12.466666666666667,0.0
1994-03-30 00:00:00,12.833333333333332,0.0
1994-03-30 09:00:00,13.2,2.3
1994-03-31 00:00:00,12.883333333333333,4.6
1994-03-31 00:00:00,12.566666666666666,4.6
1994-03-31 09:00:00,12.25,6.0
1994-04-01 00:00:00,11.616666666666667,7.4
1994-04-01 00:00:00,10.983333333333333,7.4
1994-04-01 09:00:00,10.35,4.2
1994-04-02 00:00:00,9.3,1.0
1994-04-02 00:00:00,8.25,1.0
1994-04-02 09:00:00,7.2,1.3
1994-04-03 00:00:00,6.533333333333333,1.6
1994-04-03 00:00:00,5.866666666666667,1.6
1994-04-03 09:00:00,5.2,5.1
1994-04-04 00:00:00,6.25,8.6
1994-04-04 00:00:00,7.3,8.6
1994-04-04 09:00:00,8.35,4.3999999999999995
1994-04-05 00:00:00,8.066666666666666,0.2
1994-04-05 00:00:00,7.783333333333333,0.2
1994-04-05 09:00:00,7.5,0.30000000000000004
1994-04-06 00:00:00,7.516666666666667,0.4
1994-04-06 00:00:00,7.533333333333333,0.4
1994-04-06 09:00:00,7.55,0.8
1994-04-07 00:00:00,7.983333333333333,1.2
1994-04-07 00:00:00,8.416666666666666,1.0
1994-04-07 09:00:00,8.85,1.8
1994-04-08 00:00:00,8.666666666666666,2.6
1994-04-08 00:00:00,8.483333333333334,2.6
1994-04-08 09:00:00,8.3,6.800000000000001
1994-04-09 00:00:00,7.2,11.0
1994-04-09 00:00:00,6.1,10.0
1994-04-09 09:00:00,5.0,7.5
1994-04-10 00:00:00,4.75,5.0
1994-04-10 00:00:00,4.5,4.8
1994-04-10 09:00:00,4.25,3.0
1994-04-11 00:00:00,4.833333333333333,1.2
1994-04-11 00:00:00,5.416666666666667,1.0
1994-04-11 09:00:00,6.0,0.5
1994-04-12 00:00:00,6.5,0.0
1994-04-12 00:00:00,7.0,0.0
1994-04-12 09:00:00,7.5,3.3
1994-04-13 00:00:00,7.75,6.6
1994-04-13 00:00:00,8.0,6.8
1994-04-13 09:00:00,8.25,3.4
1994-04-14 00:00:00,7.833333333333333,0.0
1994-04-14 00:00:00,7.416666666666667,0.0
1994-04-14 09:00:00,7.0,1.5
1994-04-15 00:00:00,6.95,3.0
1994-04-15 00:00:00,6.8999999999999995,3.0
1994-04-15 09:00:00,6.85,3.0
1994-04-16 00:00:00,7.083333333333333,3.0
1994-04-16 00:00:00,7.316666666666666,3.0
1994-04-16 09:00:00,7.55,1.5
1994-04-17 00:00:00,7.933333333333333,0.0
1994-04-17 00:00:00,8.316666666666666,0.0
1994-04-17 09:00:00,8.7,0.0
1994-04-18 00:00:00,8.266666666666666,0.0
1994-04-18 00:00:00,7.833333333333333,0.0
1994-04-18 09:00:00,7.4,0.0
1994-04-19 00:00:00,7.1000000000000005,0.0
1994-04-19 00:00:00,6.8,0.0
1994-04-19 09:00:00,6.5,0.0
1994-04-20 00:00:00,7.8,0.0
1994-04-20 00:00:00,9.1,0.0
1994-04-20 09:00:00,10.4,0.0
1994-04-21 00:00:00,9.9,0.0
1994-04-21 00:00:00,9.4,0.0
1994-04-21 09:00:00,8.9,0.1
1994-04-22 00:00:00,9.6,0.2
1994-04-22 00:00:00,10.3,0.2
1994-04-22 09:00:00,11.0,1.2999999999999998
1994-04-23 00:00:00,11.916666666666666,2.4
1994-04-23 00:00:00,12.833333333333334,2.4
1994-04-23 09:00:00,13.75,1.7999999999999998
1994-04-24 00:00:00,13.766666666666667,1.2
1994-04-24 00:00:00,13.783333333333333,1.2
1994-04-24 09:00:00,13.8,0.7
1994-04-25 00:00:00,12.916666666666668,0.2
1994-04-25 00:00:00,12.033333333333333,0.2
1994-04-25 09:00:00,11.15,0.1
1994-04-26 00:00:00,11.833333333333334,0.0
1994-04-26 00:00:00,12.516666666666666,0.0
1994-04-26 09:00:00,13.2,0.5
1994-04-27 00:00:00,14.033333333333333,1.0
1994-04-27 00:00:00,14.866666666666665,1.0
1994-04-27 09:00:00,15.7,0.5
1994-04-28 00:00:00,15.916666666666666,0.0
1994-04-28 00:00:00,16.133333333333333,0.0
1994-04-28 09:00:00,16.35,0.0
1994-04-29 00:00:00,15.850000000000001,0.0
1994-04-29 00:00:00,15.35,0.0
1994-04-29 09:00:00,14.85,0.0
1994-04-30 00:00:00,16.03333333333333,0.0
1994-04-30 00:00:00,17.216666666666665,0.0
1994-04-30 09:00:00,18.4,0.0
1994-05-01 00:00:00,17.183333333333334,0.0
1994-05-01 00:00:00,15.966666666666667,0.0
1994-05-01 09:00:00,14.75,0.0
1994-05-02 00:00:00,13.95,0.0
1994-05-02 00:00:00,13.15,0.0
1994-05-02 09:00:00,12.35,0.0
1994-05-03 00:00:00,12.6,0.0
1994-05-03 00:00:00,12.85,0.0
1994-05-03 09:00:00,13.1,0.0
1994-05-04 00:00:00,13.983333333333333,0.0
1994-05-04 00:00:00,14.866666666666667,0.0
1994-05-04 09:00:00,15.75,1.1
1994-05-05 00:00:00,14.25,2.2
1994-05-05 00:00:00,12.75,2.2
1994-05-05 09:00:00,11.25,2.3
1994-05-06 00:00:00,11.45,2.4
1994-05-06 00:00:00,11.65,2.4
1994-05-06 09:00:00,11.85,1.3
1994-05-07 00:00:00,12.533333333333333,0.2
1994-05-07 00:00:00,13.216666666666667,0.2
1994-05-07 09:00:00,13.9,5.300000000000001
1994-05-08 00:00:00,13.0,10.4
1994-05-08 00:00:00,12.1,10.4
1994-05-08 09:00:00,11.2,5.2
1994-05-09 00:00:00,11.416666666666666,0.0
1994-05-09 00:00:00,11.633333333333333,0.0
1994-05-09 09:00:00,11.85,0.0
1994-05-10 00:00:00,12.35,0.0
1994-05-10 00:00:00,12.85,0.0
1994-05-10 09:00:00,13.35,0.0
1994-05-11 00:00:00,13.65,0.0
1994-05-11 00:00:00,13.95,0.0
1994-05-11 09:00:00,14.25,1.1
1994-05-12 00:00:00,14.45,2.2
1994-05-12 00:00:00,14.65,2.2
1994-05-12 09:00:00,14.85,2.2
1994-05-13 00:00:00,14.85,2.2
1994-05-13 00:00:00,14.85,2.2
1994-05-13 09:00:00,14.85,1.1
1994-05-14 00:00:00,15.166666666666666,0.0
1994-05-14 00:00:00,15.483333333333334,0.0
1994-05-14 09:00:00,15.8,5.9
1994-05-15 00:00:00,15.85,11.8
1994-05-15 00:00:00,15.9,11.8
1994-05-15 09:00:00,15.95,5.9
1994-05-16 00:00:00,16.0,0.0
1994-05-16 00:00:00,16.05,0.0
1994-05-16 09:00:00,16.1,5.6
1994-05-17 00:00:00,14.4,11.2
1994-05-17 00:00:00,12.700000000000001,11.2
1994-05-17 09:00:00,11.0,7.0
1994-05-18 00:00:00,10.166666666666666,2.8
1994-05-18 00:00:00,9.333333333333334,2.8
1994-05-18 09:00:00,8.5,1.4
1994-05-19 00:00:00,9.05,0.0
1994-05-19 00:00:00,9.6,0.0
1994-05-19 09:00:00,10.15,0.1
1994-05-20 00:00:00,10.65,0.2
1994-05-20 00:00:00,11.15,0.2
1994-05-20 09:00:00,11.65,3.6
1994-05-21 00:00:00,12.183333333333334,7.0
1994-05-21 00:00:00,12.716666666666667,7.0
1994-05-21 09:00:00,13.25,10.9
1994-05-22 00:00:00,12.95,14.8
1994-05-22 00:00:00,12.65,14.8
1994-05-22 09:00:00,12.35,8.0
1994-05-23 00:00:00,12.983333333333333,1.2
1994-05-23 00:00:00,13.616666666666667,1.2
1994-05-23 09:00:00,14.25,0.6
1994-05-24 00:00:00,14.383333333333333,0.0
1994-05-24 00:00:00,14.516666666666667,0.0
1994-05-24 09:00:00,14.65,0.4
1994-05-25 00:00:00,13.8,0.8
1994-05-25 00:00:00,12.95,0.8
1994-05-25 09:00:00,12.1,3.4000000000000004
1994-05-26 00:00:00,12.299999999999999,6.0
1994-05-26 00:00:00,12.5,6.0
1994-05-26 09:00:00,12.7,3.2
1994-05-27 00:00:00,11.883333333333333,0.4
1994-05-27 00:00:00,11.066666666666666,0.4
1994-05-27 09:00:00,10.25,0.30000000000000004
1994-05-28 00:00:00,10.166666666666666,0.2
1994-05-28 00:00:00,10.083333333333334,0.2
1994-05-28 09:00:00,10.0,0.1
1994-05-29 00:00:00,9.883333333333333,0.0
1994-05-29 00:00:00,9.766666666666667,0.0
1994-05-29 09:00:00,9.65,0.0
1994-05-30 00:00:00,10.383333333333333,0.0
1994-05-30 00:00:00,11.116666666666667,0.0
1994-05-30 09:00:00,11.85,0.0
1994-05-31 00:00:00,12.1,0.0
1994-05-31 00:00:00,12.35,0.0
1994-05-31 09:00:00,12.6,0.1
1994-06-01 00:00:00,13.266666666666666,0.2
1994-06-01 00:00:00,13.933333333333334,0.2
1994-06-01 09:00:00,14.6,0.1
1994-06-02 00:00:00,16.25,0.0
1994-06-02 00:00:00,17.9,0.0
1994-06-02 09:00:00,19.55,0.2
1994-06-03 00:00:00,18.283333333333335,0.4
1994-06-03 00:00:00,17.016666666666666,0.4
1994-06-03 09:00:00,15.75,0.7
1994-06-04 00:00:00,15.016666666666667,1.0
1994-06-04 00:00:00,14.283333333333333,1.0
1994-06-04 09:00:00,13.55,4.4
1994-06-05 00:00:00,12.483333333333334,7.8
1994-06-05 00:00:00,11.416666666666666,7.8
1994-06-05 09:00:00,10.35,3.9
1994-06-06 00:00:00,11.766666666666666,0.0
1994-06-06 00:00:00,13.183333333333334,0.0
1994-06-06 09:00:00,14.6,0.0
1994-06-07 00:00:00,15.666666666666666,0.0
1994-06-07 00:00:00,16.733333333333334,0.0
1994-06-07 09:00:00,17.8,0.9
1994-06-08 00:00:00,17.516666666666666,1.8
1994-06-08 00:00:00,17.233333333333334,1.8
1994-06-08 09:00:00,16.95,1.2
1994-06-09 00:00:00,15.45,0.6
1994-06-09 00:00:00,13.95,0.6
1994-06-09 09:00:00,12.45,0.3
1994-06-10 00:00:00,12.833333333333332,0.0
1994-06-10 00:00:00,13.216666666666667,0.0
1994-06-10 09:00:00,13.6,0.0
1994-06-11 00:00:00,13.65,0.0
1994-06-11 00:00:00,13.7,0.0
1994-06-11 09:00:00,13.75,0.0
1994-06-12 00:00:00,13.866666666666667,0.0
1994-06-12 00:00:00,13.983333333333333,0.0
1994-06-12 09:00:00,14.1,0.0
1994-06-13 00:00:00,14.65,0.0
1994-06-13 00:00:00,15.2,0.0
1994-06-13 09:00:00,15.75,0.0
1994-06-14 00:00:00,16.666666666666668,0.0
1994-06-14 00:00:00,17.583333333333332,0.0
1994-06-14 09:00:00,18.5,0.0
1994-06-15 00:00:00,18.133333333333333,0.0
1994-06-15 00:00:00,17.766666666666666,0.0
1994-06-15 09:00:00,17.4,0.0
1994-06-16 00:00:00,17.78333333333333,0.0
1994-06-16 00:00:00,18.166666666666668,0.0
1994-06-16 09:00:00,18.55,0.0
1994-06-17 00:00:00,18.416666666666668,0.0
1994-06-17 00:00:00,18.28333333333333,0.0
1994-06-17 09:00:00,18.15,0.0
1994-06-18 00:00:00,18.4,0.0
1994-06-18 00:00:00,18.65,0.0
1994-06-18 09:00:00,18.9,0.0
1994-06-19 00:00:00,18.616666666666667,0.0
1994-06-19 00:00:00,18.333333333333332,0.0
1994-06-19 09:00:00,18.05,0.0
1994-06-20 00:00:00,17.983333333333334,0.0
1994-06-20 00:00:00,17.916666666666668,0.0
1994-06-20 09:00:00,17.85,0.6
1994-06-21 00:00:00,17.316666666666666,1.2
1994-06-21 00:00:00,16.783333333333335,1.2
1994-06-21 09:00:00,16.25,0.6
1994-06-22 00:00:00,16.65,0.0
1994-06-22 00:00:00,17.05,0.0
1994-06-22 09:00:00,17.45,0.0
1994-06-23 00:00:00,17.116666666666667,0.0
1994-06-23 00:00:00,16.78333333333333,0.0
1994-06-23 09:00:00,16.45,0.0
1994-06-24 00:00:00,17.333333333333332,0.0
1994-06-24 00:00:00,18.21666666666667,0.0
1994-06-24 09:00:00,19.1,2.5
1994-06-25 00:00:00,20.116666666666667,5.0
1994-06-25 00:00:00,21.133333333333333,5.0
1994-06-25 09:00:00,22.15,2.5
1994-06-26 00:00:00,20.666666666666664,0.0
1994-06-26 00:00:00,19.183333333333334,0.0
1994-06-26 09:00:00,17.7,0.0
1994-06-27 00:00:00,17.78333333333333,0.0
1994-06-27 00:00:00,17.866666666666667,0.0
1994-06-27 09:00:00,17.95,0.0
1994-06-28 00:00:00,18.433333333333334,0.0
1994-06-28 00:00:00,18.916666666666664,0.0
1994-06-28 09:00:00,19.4,0.0
1994-06-29 00:00:00,20.266666666666666,0.0
1994-06-29 00:00:00,21.133333333333333,0.0
1994-06-29 09:00:00,22.0,0.0
1994-06-30 00:00:00,20.3,0.0
1994-06-30 00:00:00,18.599999999999998,0.0
1994-06-30 09:00:00,16.9,0.0
1994-07-01 00:00:00,17.433333333333334,0.0
1994-07-01 00:00:00,17.966666666666665,0.0
1994-07-01 09:00:00,18.5,0.0
1994-07-02 00:00:00,19.7,0.0
1994-07-02 00:00:00,20.900000000000002,0.0
1994-07-02 09:00:00,22.1,0.0
1994-07-03 00:00:00,21.95,0.0
1994-07-03 00:00:00,21.8,0.0
1994-07-03 09:00:00,21.65,1.7
1994-07-04 00:00:00,21.866666666666667,3.4
1994-07-04 00:00:00,22.083333333333332,3.4
1994-07-04 09:00:00,22.3,1.7
1994-07-05 00:00:00,21.35,0.0
1994-07-05 00:00:00,20.4,0.0
1994-07-05 09:00:00,19.45,0.0
1994-07-06 00:00:00,18.733333333333334,0.0
1994-07-06 00:00:00,18.016666666666666,0.0
1994-07-06 09:00:00,17.3,0.4
1994-07-07 00:00:00,17.066666666666666,0.8
1994-07-07 00:00:00,16.833333333333336,0.8
1994-07-07 09:00:00,16.6,1.5
1994-07-08 00:00:00,17.25,2.2
1994-07-08 00:00:00,17.900000000000002,2.2
1994-07-08 09:00:00,18.55,1.3
1994-07-09 00:00:00,17.983333333333334,0.4
1994-07-09 00:00:00,17.416666666666668,0.4
1994-07-09 09:00:00,16.85,0.2
1994-07-10 00:00:00,17.6,0.0
1994-07-10 00:00:00,18.35,0.0
1994-07-10 09:00:00,19.1,0.0
1994-07-11 00:00:00,19.383333333333333,0.0
1994-07-11 00:00:00,19.666666666666668,0.0
1994-07-11 09:00:00,19.95,0.0
1994-07-12 00:00:00,21.333333333333332,0.0
1994-07-12 00:00:00,22.71666666666667,0.0
1994-07-12 09:00:00,24.1,3.3
1994-07-13 00:00:00,24.45,6.6
1994-07-13 00:00:00,24.8,5.4
1994-07-13 09:00:00,25.15,2.7
1994-07-14 00:00:00,23.166666666666664,0.0
1994-07-14 00:00:00,21.183333333333334,0.0
1994-07-14 09:00:00,19.2,0.0
1994-07-15 00:00:00,19.599999999999998,0.0
1994-07-15 00:00:00,20.0,0.0
1994-07-15 09:00:00,20.4,0.0
1994-07-16 00:00:00,20.2,0.0
1994-07-16 00:00:00,20.0,0.0
1994-07-16 09:00:00,19.8,0.0
1994-07-17 00:00:00,19.900000000000002,0.0
1994-07-17 00:00:00,20.0,0.0
1994-07-17 09:00:00,20.1,0.0
1994-07-18 00:00:00,19.783333333333335,0.0
1994-07-18 00:00:00,19.466666666666665,0.0
1994-07-18 09:00:00,19.15,0.0
1994-07-19 00:00:00,19.349999999999998,0.0
1994-07-19 00:00:00,19.55,0.0
1994-07-19 09:00:00,19.75,0.0
1994-07-20 00:00:00,20.033333333333335,0.0
1994-07-20 00:00:00,20.316666666666666,0.0
1994-07-20 09:00:00,20.6,0.0
1994-07-21 00:00:00,21.033333333333335,0.0
1994-07-21 00:00:00,21.466666666666665,0.0
1994-07-21 09:00:00,21.9,0.0
1994-07-22 00:00:00,22.53333333333333,0.0
1994-07-22 00:00:00,23.166666666666668,0.0
1994-07-22 09:00:00,23.8,0.0
1994-07-23 00:00:00,23.033333333333335,0.0
1994-07-23 00:00:00,22.266666666666666,0.0
1994-07-23 09:00:00,21.5,0.0
1994-07-24 00:00:00,21.966666666666665,0.0
1994-07-24 00:00:00,22.433333333333334,0.0
1994-07-24 09:00:00,22.9,0.0
1994-07-25 00:00:00,23.716666666666665,0.0
1994-07-25 00:00:00,24.533333333333335,0.0
1994-07-25 09:00:00,25.35,0.0
1994-07-26 00:00:00,24.983333333333334,0.0
1994-07-26 00:00:00,24.616666666666667,0.0
1994-07-26 09:00:00,24.25,0.1
1994-07-27 00:00:00,23.183333333333334,0.2
1994-07-27 00:00:00,22.116666666666667,0.2
1994-07-27 09:00:00,21.05,2.4
1994-07-28 00:00:00,21.333333333333332,4.6
1994-07-28 00:00:00,21.616666666666667,4.8
1994-07-28 09:00:00,21.9,2.6
1994-07-29 00:00:00,20.566666666666666,0.4
1994-07-29 00:00:00,19.23333333333333,0.4
1994-07-29 09:00:00,17.9,0.2
1994-07-30 00:00:00,19.216666666666665,0.0
1994-07-30 00:00:00,20.533333333333335,0.0
1994-07-30 09:00:00,21.85,0.0
1994-07-31 00:00:00,23.083333333333336,0.0
1994-07-31 00:00:00,24.316666666666666,0.0
1994-07-31 09:00:00,25.55,0.0
1994-08-01 00:00:00,24.166666666666668,0.0
1994-08-01 00:00:00,22.78333333333333,0.0
1994-08-01 09:00:00,21.4,0.0
1994-08-02 00:00:00,20.866666666666667,0.0
1994-08-02 00:00:00,20.333333333333332,0.0
1994-08-02 09:00:00,19.8,0.1
1994-08-03 00:00:00,20.316666666666666,0.2
1994-08-03 00:00:00,20.833333333333336,0.2
1994-08-03 09:00:00,21.35,0.5
1994-08-04 00:00:00,22.733333333333334,0.8
1994-08-04 00:00:00,24.116666666666667,0.8
1994-08-04 09:00:00,25.5,1.0
1994-08-05 00:00:00,24.400000000000002,1.2
1994-08-05 00:00:00,23.3,1.2
1994-08-05 09:00:00,22.200000000000003,0.6
1994-08-06 00:00:00,22.333333333333336,0.0
1994-08-06 00:00:00,22.46666666666667,0.0
1994-08-06 09:00:00,22.6,0.0
1994-08-07 00:00:00,22.45,0.0
1994-08-07 00:00:00,22.3,0.0
1994-08-07 09:00:00,22.15,0.0
1994-08-08 00:00:00,21.48333333333333,0.0
1994-08-08 00:00:00,20.816666666666666,0.0
1994-08-08 09:00:00,20.15,0.0
1994-08-09 00:00:00,19.9,0.0
1994-08-09 00:00:00,19.65,0.0
1994-08-09 09:00:00,19.4,0.0
1994-08-10 00:00:00,19.566666666666666,0.0
1994-08-10 00:00:00,19.73333333333333,0.0
1994-08-10 09:00:00,19.9,19.8
1994-08-11 00:00:00,19.116666666666664,39.6
1994-08-11 00:00:00,18.333333333333332,39.4
1994-08-11 09:00:00,17.549999999999997,22.7
1994-08-12 00:00:00,17.266666666666666,6.0
1994-08-12 00:00:00,16.983333333333334,6.0
1994-08-12 09:00:00,16.700000000000003,3.0
1994-08-13 00:00:00,16.566666666666666,0.0
1994-08-13 00:00:00,16.433333333333334,0.0
1994-08-13 09:00:00,16.299999999999997,0.0
1994-08-14 00:00:00,16.599999999999998,0.0
1994-08-14 00:00:00,16.9,0.0
1994-08-14 09:00:00,17.2,0.0
1994-08-15 00:00:00,16.6,0.0
1994-08-15 00:00:00,16.0,0.0
1994-08-15 09:00:00,15.4,0.0
1994-08-16 00:00:00,16.233333333333334,0.0
1994-08-16 00:00:00,17.066666666666666,0.0
1994-08-16 09:00:00,17.9,0.3
1994-08-17 00:00:00,18.316666666666666,0.6
1994-08-17 00:00:00,18.73333333333333,0.6
1994-08-17 09:00:00,19.15,0.4
1994-08-18 00:00:00,18.15,0.2
1994-08-18 00:00:00,17.15,0.2
1994-08-18 09:00:00,16.15,1.0
1994-08-19 00:00:00,17.116666666666667,1.8
1994-08-19 00:00:00,18.083333333333332,1.8
1994-08-19 09:00:00,19.05,0.9
1994-08-20 00:00:00,18.5,0.0
1994-08-20 00:00:00,17.95,0.0
1994-08-20 09:00:00,17.4,0.0
1994-08-21 00:00:00,17.28333333333333,0.0
1994-08-21 00:00:00,17.166666666666668,0.0
1994-08-21 09:00:00,17.05,0.0
1994-08-22 00:00:00,18.05,0.0
1994-08-22 00:00:00,19.05,0.0
1994-08-22 09:00:00,20.05,0.0
1994-08-23 00:00:00,20.283333333333335,0.0
1994-08-23 00:00:00,20.516666666666666,0.0
1994-08-23 09:00:00,20.75,0.9
1994-08-24 00:00:00,19.666666666666668,1.8
1994-08-24 00:00:00,18.583333333333332,1.8
1994-08-24 09:00:00,17.5,1.5
1994-08-25 00:00:00,17.483333333333334,1.2
1994-08-25 00:00:00,17.46666666666667,1.2
1994-08-25 09:00:00,17.450000000000003,1.4
1994-08-26 00:00:00,17.31666666666667,1.6
1994-08-26 00:00:00,17.183333333333334,1.6
1994-08-26 09:00:00,17.05,0.9
1994-08-27 00:00:00,18.033333333333335,0.2
1994-08-27 00:00:00,19.016666666666666,0.2
1994-08-27 09:00:00,20.0,0.1
1994-08-28 00:00:00,18.866666666666667,0.0
1994-08-28 00:00:00,17.733333333333334,0.0
1994-08-28 09:00:00,16.6,0.0
1994-08-29 00:00:00,16.183333333333334,0.0
1994-08-29 00:00:00,15.766666666666667,0.0
1994-08-29 09:00:00,15.35,0.0
1994-08-30 00:00:00,15.516666666666666,0.0
1994-08-30 00:00:00,15.683333333333334,0.0
1994-08-30 09:00:00,15.85,0.2
1994-08-31 00:00:00,16.2,0.4
1994-08-31 00:00:00,16.549999999999997,0.4
1994-08-31 09:00:00,16.9,4.2
1994-09-01 00:00:00,17.016666666666666,8.0
1994-09-01 00:00:00,17.133333333333333,8.0
1994-09-01 09:00:00,17.25,4.6
1994-09-02 00:00:00,16.35,1.2
1994-09-02 00:00:00,15.450000000000001,1.2
1994-09-02 09:00:00,14.55,0.6
1994-09-03 00:00:00,15.183333333333334,0.0
1994-09-03 00:00:00,15.816666666666666,0.0
1994-09-03 09:00:00,16.45,1.9
1994-09-04 00:00:00,16.9,3.8
1994-09-04 00:00:00,17.35,3.8
1994-09-04 09:00:00,17.8,2.0
1994-09-05 00:00:00,17.766666666666666,0.2
1994-09-05 00:00:00,17.733333333333334,0.2
1994-09-05 09:00:00,17.7,0.1
1994-09-06 00:00:00,16.816666666666666,0.0
1994-09-06 00:00:00,15.933333333333334,0.0
1994-09-06 09:00:00,15.05,0.0
1994-09-07 00:00:00,14.700000000000001,0.0
1994-09-07 00:00:00,14.35,0.0
1994-09-07 09:00:00,14.0,7.0
1994-09-08 00:00:00,14.766666666666666,14.0
1994-09-08 00:00:00,15.533333333333331,14.0
1994-09-08 09:00:00,16.299999999999997,7.1
1994-09-09 00:00:00,15.716666666666665,0.2
1994-09-09 00:00:00,15.133333333333333,0.2
1994-09-09 09:00:00,14.55,1.7
1994-09-10 00:00:00,14.533333333333333,3.2
1994-09-10 00:00:00,14.516666666666667,3.2
1994-09-10 09:00:00,14.5,2.0
1994-09-11 00:00:00,14.183333333333334,0.8
1994-09-11 00:00:00,13.866666666666667,0.8
1994-09-11 09:00:00,13.55,2.9000000000000004
1994-09-12 00:00:00,14.5,5.0
1994-09-12 00:00:00,15.45,5.0
1994-09-12 09:00:00,16.4,2.5
1994-09-13 00:00:00,15.649999999999999,0.0
1994-09-13 00:00:00,14.9,0.0
1994-09-13 09:00:00,14.15,2.4
1994-09-14 00:00:00,14.950000000000001,4.8
1994-09-14 00:00:00,15.75,4.8
1994-09-14 09:00:00,16.55,3.4
1994-09-15 00:00:00,15.8,2.0
1994-09-15 00:00:00,15.05,2.0
1994-09-15 09:00:00,14.3,6.6
1994-09-16 00:00:00,13.25,11.2
1994-09-16 00:00:00,12.200000000000001,11.2
1994-09-16 09:00:00,11.15,5.699999999999999
1994-09-17 00:00:00,10.950000000000001,0.2
1994-09-17 00:00:00,10.75,0.2
1994-09-17 09:00:00,10.55,0.1
1994-09-18 00:00:00,11.35,0.0
1994-09-18 00:00:00,12.15,0.0
1994-09-18 09:00:00,12.95,1.4
1994-09-19 00:00:00,12.833333333333332,2.8
1994-09-19 00:00:00,12.716666666666667,2.8
1994-09-19 09:00:00,12.6,5.9
1994-09-20 00:00:00,12.6,9.0
1994-09-20 00:00:00,12.6,9.0
1994-09-20 09:00:00,12.6,5.3
1994-09-21 00:00:00,12.516666666666666,1.6
1994-09-21 00:00:00,12.433333333333334,1.6
1994-09-21 09:00:00,12.35,1.2000000000000002
1994-09-22 00:00:00,13.566666666666666,0.8
1994-09-22 00:00:00,14.783333333333333,0.8
1994-09-22 09:00:00,16.0,0.4
1994-09-23 00:00:00,15.966666666666667,0.0
1994-09-23 00:00:00,15.933333333333334,0.0
1994-09-23 09:00:00,15.9,0.1
1994-09-24 00:00:00,16.266666666666666,0.2
1994-09-24 00:00:00,16.633333333333333,0.2
1994-09-24 09:00:00,17.0,0.1
1994-09-25 00:00:00,16.833333333333332,0.0
1994-09-25 00:00:00,16.666666666666668,0.0
1994-09-25 09:00:00,16.5,0.0
1994-09-26 00:00:00,16.466666666666665,0.0
1994-09-26 00:00:00,16.433333333333334,0.0
1994-09-26 09:00:00,16.4,0.0
1994-09-27 00:00:00,16.066666666666666,0.0
1994-09-27 00:00:00,15.733333333333333,0.0
1994-09-27 09:00:00,15.4,0.0
1994-09-28 00:00:00,15.6,0.0
1994-09-28 00:00:00,15.8,0.0
1994-09-28 09:00:00,16.0,0.0
1994-09-29 00:00:00,15.616666666666667,0.0
1994-09-29 00:00:00,15.233333333333333,0.0
1994-09-29 09:00:00,14.85,0.0
1994-09-30 00:00:00,14.716666666666667,0.0
1994-09-30 00:00:00,14.583333333333332,0.0
1994-09-30 09:00:00,14.45,0.0
1994-10-01 00:00:00,14.133333333333333,0.0
1994-10-01 00:00:00,13.816666666666666,0.0
1994-10-01 09:00:00,13.5,0.4
1994-10-02 00:00:00,13.3,0.8
1994-10-02 09:00:00,13.1,2.4000000000000004
1994-10-03 00:00:00,13.475,4.0
1994-10-03 09:00:00,13.85,2.1
1994-10-04 00:00:00,10.85,0.2
1994-10-04 09:00:00,7.85,0.1
1994-10-05 00:00:00,7.675,0.0
1994-10-05 09:00:00,7.5,0.0
1994-10-06 00:00:00,8.675,0.0
1994-10-06 09:00:00,9.85,0.0
1994-10-07 00:00:00,10.399999999999999,0.0
1994-10-07 09:00:00,10.95,0.0
1994-10-08 00:00:00,11.45,0.0
1994-10-08 09:00:00,11.95,0.0
1994-10-09 00:00:00,12.95,0.0
1994-10-09 09:00:00,13.95,0.0
1994-10-10 00:00:00,12.825,0.0
1994-10-10 09:00:00,11.7,0.0
1994-10-11 00:00:00,13.175,0.0
1994-10-11 09:00:00,14.65,0.0
1994-10-12 00:00:00,14.175,0.0
1994-10-12 09:00:00,13.7,0.0
1994-10-13 00:00:00,13.774999999999999,0.0
1994-10-13 09:00:00,13.85,0.0
1994-10-14 00:00:00,14.0,0.0
1994-10-14 09:00:00,14.15,0.0
1994-10-15 00:00:00,13.7,0.0
1994-10-15 09:00:00,13.25,0.0
1994-10-16 00:00:00,13.425,0.0
1994-10-16 09:00:00,13.6,0.0
1994-10-17 00:00:00,12.45,0.0
1994-10-17 09:00:00,11.3,0.0
1994-10-18 00:00:00,10.125,0.0
1994-10-18 09:00:00,8.95,0.0
1994-10-19 00:00:00,9.675,0.0
1994-10-19 09:00:00,10.4,2.6
1994-10-20 00:00:00,12.175,5.2
1994-10-20 09:00:00,13.95,3.2
1994-10-21 00:00:00,13.475,1.2
1994-10-21 09:00:00,13.0,3.8999999999999995
1994-10-22 00:00:00,13.95,6.6
1994-10-22 09:00:00,14.9,7.199999999999999
1994-10-23 00:00:00,14.475000000000001,7.8
1994-10-23 09:00:00,14.05,3.9
1994-10-24 00:00:00,12.975000000000001,0.0
1994-10-24 09:00:00,11.9,2.4
1994-10-25 00:00:00,12.075,4.8
1994-10-25 09:00:00,12.25,4.9
1994-10-26 00:00:00,10.95,5.0
1994-10-26 09:00:00,9.65,2.5
1994-10-27 00:00:00,9.600000000000001,0.0
1994-10-27 09:00:00,9.55,0.5
1994-10-28 00:00:00,8.975000000000001,1.0
1994-10-28 09:00:00,8.4,4.4
1994-10-29 00:00:00,9.25,7.8
1994-10-29 09:00:00,10.1,8.0
1994-10-30 00:00:00,11.8,8.2
1994-10-30 09:00:00,13.5,12.7
1994-10-31 00:00:00,14.025,17.2
1994-10-31 09:00:00,14.55,12.5
1994-11-01 00:00:00,12.725000000000001,7.8
1994-11-01 09:00:00,10.9,3.9
1994-11-02 00:00:00,10.233333333333334,0.0
1994-11-02 00:00:00,9.566666666666666,0.0
1994-11-02 09:00:00,8.9,0.0
1994-11-03 00:00:00,9.766666666666667,0.0
1994-11-03 00:00:00,10.633333333333333,0.0
1994-11-03 09:00:00,11.5,0.4
1994-11-04 00:00:00,12.933333333333334,0.8
1994-11-04 00:00:00,14.366666666666667,0.8
1994-11-04 09:00:00,15.8,5.999999999999999
1994-11-05 00:00:00,15.1,11.2
1994-11-05 00:00:00,14.4,11.2
1994-11-05 09:00:00,13.7,6.699999999999999
1994-11-06 00:00:00,12.549999999999999,2.2
1994-11-06 00:00:00,11.4,2.2
1994-11-06 09:00:00,10.25,1.2000000000000002
1994-11-07 00:00:00,10.7,0.2
1994-11-07 00:00:00,11.15,0.2
1994-11-07 09:00:00,11.6,0.1
1994-11-08 00:00:00,11.516666666666666,0.0
1994-11-08 00:00:00,11.433333333333334,0.0
1994-11-08 09:00:00,11.35,0.4
1994-11-09 00:00:00,12.066666666666666,0.8
1994-11-09 00:00:00,12.783333333333333,0.8
1994-11-09 09:00:00,13.5,2.7
1994-11-10 00:00:00,12.733333333333333,4.6
1994-11-10 00:00:00,11.966666666666667,4.6
1994-11-10 09:00:00,11.2,2.3
1994-11-11 00:00:00,11.85,0.0
1994-11-11 00:00:00,12.5,0.0
1994-11-11 09:00:00,13.15,1.0
1994-11-12 00:00:00,12.866666666666667,2.0
1994-11-12 00:00:00,12.583333333333334,2.0
1994-11-12 09:00:00,12.3,2.7
1994-11-13 00:00:00,11.766666666666667,3.4
1994-11-13 00:00:00,11.233333333333333,3.4
1994-11-13 09:00:00,10.7,1.8
1994-11-14 00:00:00,11.616666666666665,0.2
1994-11-14 00:00:00,12.533333333333333,0.2
1994-11-14 09:00:00,13.45,0.1
1994-11-15 00:00:00,13.583333333333332,0.0
1994-11-15 00:00:00,13.716666666666667,0.0
1994-11-15 09:00:00,13.85,0.0
1994-11-16 00:00:00,12.783333333333333,0.0
1994-11-16 00:00:00,11.716666666666667,0.0
1994-11-16 09:00:00,10.65,0.1
1994-11-17 00:00:00,10.3,0.2
1994-11-17 00:00:00,9.95,0.2
1994-11-17 09:00:00,9.6,1.0
1994-11-18 00:00:00,9.75,1.8
1994-11-18 00:00:00,9.9,1.8
1994-11-18 09:00:00,10.05,3.3
1994-11-19 00:00:00,11.1,4.8
1994-11-19 00:00:00,12.15,4.8
1994-11-19 09:00:00,13.2,2.4
1994-11-20 00:00:00,14.066666666666666,0.0
1994-11-20 00:00:00,14.933333333333334,0.0
1994-11-20 09:00:00,15.8,0.0
1994-11-21 00:00:00,14.700000000000001,0.0
1994-11-21 00:00:00,13.6,0.0
1994-11-21 09:00:00,12.5,0.0
1994-11-22 00:00:00,11.733333333333333,0.0
1994-11-22 00:00:00,10.966666666666667,0.0
1994-11-22 09:00:00,10.2,0.0
1994-11-23 00:00:00,10.966666666666667,0.0
1994-11-23 00:00:00,11.733333333333333,0.0
1994-11-23 09:00:00,12.5,0.0
1994-11-24 00:00:00,12.816666666666666,0.0
1994-11-24 00:00:00,13.133333333333333,0.0
1994-11-24 09:00:00,13.45,0.0
1994-11-25 00:00:00,13.433333333333334,0.0
1994-11-25 00:00:00,13.416666666666666,0.0
1994-11-25 09:00:00,13.4,0.1
1994-11-26 00:00:00,12.883333333333333,0.2
1994-11-26 00:00:00,12.366666666666667,0.2
1994-11-26 09:00:00,11.85,0.1
1994-11-27 00:00:00,11.9,0.0
1994-11-27 00:00:00,11.95,0.0
1994-11-27 09:00:00,12.0,0.0
1994-11-28 00:00:00,11.616666666666667,0.0
1994-11-28 00:00:00,11.233333333333333,0.0
1994-11-28 09:00:00,10.85,0.1
1994-11-29 00:00:00,10.116666666666665,0.2
1994-11-29 00:00:00,9.383333333333333,0.2
1994-11-29 09:00:00,8.649999999999999,0.30000000000000004
1994-11-30 00:00:00,8.833333333333332,0.4
1994-11-30 00:00:00,9.016666666666666,0.4
1994-11-30 09:00:00,9.2,0.30000000000000004
1994-12-01 00:00:00,8.883333333333333,0.2
1994-12-01 00:00:00,8.566666666666666,0.2
1994-12-01 09:00:00,8.25,0.1
1994-12-02 00:00:00,8.416666666666666,0.0
1994-12-02 00:00:00,8.583333333333334,0.0
1994-12-02 09:00:00,8.75,0.0
1994-12-03 00:00:00,9.2,0.0
1994-12-03 00:00:00,9.65,0.0
1994-12-03 09:00:00,10.1,2.8
1994-12-04 00:00:00,10.299999999999999,5.6
1994-12-04 00:00:00,10.5,5.6
1994-12-04 09:00:00,10.7,2.8
1994-12-05 00:00:00,10.5,0.0
1994-12-05 00:00:00,10.299999999999999,0.0
1994-12-05 09:00:00,10.1,0.7
1994-12-06 00:00:00,9.683333333333334,1.4
1994-12-06 00:00:00,9.266666666666666,1.4
1994-12-06 09:00:00,8.85,2.3
1994-12-07 00:00:00,8.983333333333333,3.2
1994-12-07 00:00:00,9.116666666666667,3.2
1994-12-07 09:00:00,9.25,4.4
1994-12-08 00:00:00,9.333333333333334,5.6
1994-12-08 00:00:00,9.416666666666666,5.6
1994-12-08 09:00:00,9.5,10.1
1994-12-09 00:00:00,8.866666666666667,14.6
1994-12-09 00:00:00,8.233333333333333,14.6
1994-12-09 09:00:00,7.6,7.3999999999999995
1994-12-10 00:00:00,7.666666666666666,0.2
1994-12-10 00:00:00,7.733333333333333,0.2
1994-12-10 09:00:00,7.8,0.1
1994-12-11 00:00:00,9.8,0.0
1994-12-11 00:00:00,11.8,0.0
1994-12-11 09:00:00,13.8,0.0
1994-12-12 00:00:00,13.8,0.0
1994-12-12 00:00:00,13.8,0.0
1994-12-12 09:00:00,13.8,0.0
1994-12-13 00:00:00,13.75,0.0
1994-12-13 00:00:00,13.700000000000001,0.0
1994-12-13 09:00:00,13.65,1.0
1994-12-14 00:00:00,12.0,2.0
1994-12-14 00:00:00,10.35,2.0
1994-12-14 09:00:00,8.7,1.0
1994-12-15 00:00:00,6.866666666666666,0.0
1994-12-15 00:00:00,5.033333333333333,0.0
1994-12-15 09:00:00,3.2,0.1
1994-12-16 00:00:00,3.983333333333334,0.2
1994-12-16 00:00:00,4.7666666666666675,0.2
1994-12-16 09:00:00,5.550000000000001,0.1
1994-12-17 00:00:00,5.9,0.0
1994-12-17 00:00:00,6.250000000000001,0.0
1994-12-17 09:00:00,6.6000000000000005,3.2
1994-12-18 00:00:00,8.083333333333334,6.4
1994-12-18 00:00:00,9.566666666666666,6.4
1994-12-18 09:00:00,11.05,3.3000000000000003
1994-12-19 00:00:00,9.850000000000001,0.2
1994-12-19 00:00:00,8.65,0.2
1994-12-19 09:00:00,7.45,0.1
1994-12-20 00:00:00,6.4,0.0
1994-12-20 00:00:00,5.35,0.0
1994-12-20 09:00:00,4.3,0.4
1994-12-21 00:00:00,4.35,0.8
1994-12-21 00:00:00,4.4,0.8
1994-12-21 09:00:00,4.45,0.4
1994-12-22 00:00:00,4.216666666666667,0.0
1994-12-22 00:00:00,3.9833333333333334,0.0
1994-12-22 09:00:00,3.75,0.1
1994-12-23 00:00:00,3.2666666666666666,0.2
1994-12-23 00:00:00,2.783333333333333,0.2
1994-12-23 09:00:00,2.3,0.2
1994-12-24 00:00:00,1.7333333333333334,0.2
1994-12-24 00:00:00,1.1666666666666667,0.2
1994-12-24 09:00:00,0.6000000000000001,0.1
1994-12-25 00:00:00,1.15,0.0
1994-12-25 00:00:00,1.7,0.0
1994-12-25 09:00:00,2.25,1.3
1994-12-26 00:00:00,4.133333333333334,2.6
1994-12-26 00:00:00,6.0166666666666675,2.6
1994-12-26 09:00:00,7.9,3.3
1994-12-27 00:00:00,8.483333333333334,4.0
1994-12-27 00:00:00,9.066666666666666,4.0
1994-12-27 09:00:00,9.65,3.4
1994-12-28 00:00:00,10.933333333333334,2.8
1994-12-28 00:00:00,12.216666666666667,2.8
1994-12-28 09:00:00,13.5,2.3
1994-12-29 00:00:00,13.45,1.8
1994-12-29 00:00:00,13.4,1.8
1994-12-29 09:00:00,13.35,3.6000000000000005
1994-12-30 00:00:00,12.299999999999999,5.4
1994-12-30 00:00:00,11.25,5.4
1994-12-30 09:00:00,10.2,2.8000000000000003
1994-12-31 00:00:00,9.133333333333333,0.2
1994-12-31 00:00:00,8.066666666666666,0.2
1994-12-31 09:00:00,7.0,1.2999999999999998
1995-01-01 00:00:00,5.833333333333333,2.4
1995-01-01 00:00:00,4.666666666666666,2.4
1995-01-01 09:00:00,3.5,1.7
1995-01-02 00:00:00,3.0166666666666666,1.0
1995-01-02 00:00:00,2.5333333333333337,1.0
1995-01-02 09:00:00,2.0500000000000003,0.5
1995-01-03 00:00:00,1.3333333333333335,0.0
1995-01-03 00:00:00,0.6166666666666667,0.0
1995-01-03 09:00:00,-0.1,0.0
1995-01-04 00:00:00,0.14999999999999997,0.0
1995-01-04 00:00:00,0.3999999999999999,0.0
1995-01-04 09:00:00,0.6499999999999999,0.1
1995-01-05 00:00:00,2.033333333333333,0.2
1995-01-05 00:00:00,3.416666666666667,1.4
1995-01-05 09:00:00,4.800000000000001,2.55
1995-01-06 00:00:00,4.633333333333334,3.7
1995-01-06 00:00:00,4.466666666666668,3.8
1995-01-06 09:00:00,4.300000000000001,1.9
1995-01-07 00:00:00,4.366666666666667,0.0
1995-01-07 00:00:00,4.433333333333334,0.0
1995-01-07 09:00:00,4.5,0.0
1995-01-08 00:00:00,4.9,0.0
1995-01-08 00:00:00,5.3,0.2
1995-01-08 09:00:00,5.7,1.3499999999999999
1995-01-09 00:00:00,6.033333333333333,2.5
1995-01-09 00:00:00,6.366666666666666,2.4
1995-01-09 09:00:00,6.699999999999999,1.2
1995-01-10 00:00:00,7.166666666666666,0.0
1995-01-10 00:00:00,7.633333333333333,0.0
1995-01-10 09:00:00,8.1,1.45
1995-01-11 00:00:00,7.95,2.9
1995-01-11 00:00:00,7.8,3.0
1995-01-11 09:00:00,7.65,1.5
1995-01-12 00:00:00,6.166666666666667,0.0
1995-01-12 00:00:00,4.683333333333334,0.0
1995-01-12 09:00:00,3.2,0.0
1995-01-13 00:00:00,3.2833333333333337,0.0
1995-01-13 00:00:00,3.3666666666666667,0.0
1995-01-13 09:00:00,3.45,0.25
1995-01-14 00:00:00,4.166666666666667,0.5
1995-01-14 00:00:00,4.883333333333333,0.1
1995-01-14 09:00:00,5.6,0.15000000000000002
1995-01-15 00:00:00,6.8,0.2
1995-01-15 00:00:00,8.0,0.2
1995-01-15 09:00:00,9.2,0.1
1995-01-16 00:00:00,9.516666666666666,0.0
1995-01-16 00:00:00,9.833333333333334,0.0
1995-01-16 09:00:00,10.15,1.1
1995-01-17 00:00:00,9.766666666666667,2.2
1995-01-17 00:00:00,9.383333333333333,2.2
1995-01-17 09:00:00,9.0,7.3999999999999995
1995-01-18 00:00:00,8.75,12.6
1995-01-18 00:00:00,8.5,12.6
1995-01-18 09:00:00,8.25,6.6
1995-01-19 00:00:00,7.35,0.6
1995-01-19 00:00:00,6.45,0.6
1995-01-19 09:00:00,5.55,6.8999999999999995
1995-01-20 00:00:00,6.383333333333334,13.2
1995-01-20 00:00:00,7.216666666666667,13.2
1995-01-20 09:00:00,8.05,7.8999999999999995
1995-01-21 00:00:00,7.750000000000001,2.6
1995-01-21 00:00:00,7.45,2.6
1995-01-21 09:00:00,7.15,7.0
1995-01-22 00:00:00,7.5,11.4
1995-01-22 00:00:00,7.85,11.4
1995-01-22 09:00:00,8.2,10.2
1995-01-23 00:00:00,7.333333333333333,9.0
1995-01-23 00:00:00,6.466666666666666,9.0
1995-01-23 09:00:00,5.6,4.5
1995-01-24 00:00:00,6.116666666666666,0.0
1995-01-24 00:00:00,6.633333333333334,0.0
1995-01-24 09:00:00,7.15,1.9
1995-01-25 00:00:00,6.966666666666667,3.8
1995-01-25 00:00:00,6.783333333333333,3.8
1995-01-25 09:00:00,6.6,7.199999999999999
1995-01-26 00:00:00,7.333333333333333,10.6
1995-01-26 00:00:00,8.066666666666666,10.6
1995-01-26 09:00:00,8.8,5.5
1995-01-27 00:00:00,6.733333333333334,0.4
1995-01-27 00:00:00,4.666666666666667,0.4
1995-01-27 09:00:00,2.6,3.4
1995-01-28 00:00:00,4.033333333333333,6.4
1995-01-28 00:00:00,5.466666666666667,6.4
1995-01-28 09:00:00,6.9,4.800000000000001
1995-01-29 00:00:00,7.666666666666667,3.2
1995-01-29 00:00:00,8.433333333333334,3.2
1995-01-29 09:00:00,9.2,10.7
1995-01-30 00:00:00,8.7,18.2
1995-01-30 00:00:00,8.2,18.2
1995-01-30 09:00:00,7.7,10.1
1995-01-31 00:00:00,7.233333333333333,2.0
1995-01-31 00:00:00,6.766666666666667,2.0
1995-01-31 09:00:00,6.3,3.8
1995-02-01 00:00:00,7.983333333333333,5.6
1995-02-01 00:00:00,9.666666666666666,5.6
1995-02-01 09:00:00,11.35,4.699999999999999
1995-02-02 00:00:00,9.733333333333333,3.8
1995-02-02 00:00:00,8.116666666666667,3.8
1995-02-02 09:00:00,6.5,1.9
1995-02-03 00:00:00,6.6499999999999995,0.0
1995-02-03 00:00:00,6.8,0.0
1995-02-03 09:00:00,6.949999999999999,0.0
1995-02-04 00:00:00,8.066666666666666,0.0
1995-02-04 00:00:00,9.183333333333334,0.0
1995-02-04 09:00:00,10.3,0.0
1995-02-05 00:00:00,9.866666666666667,0.0
1995-02-05 00:00:00,9.433333333333334,0.0
1995-02-05 09:00:00,9.0,0.0
1995-02-06 00:00:00,9.3,0.0
1995-02-06 00:00:00,9.6,0.0
1995-02-06 09:00:00,9.9,0.0
1995-02-07 00:00:00,10.35,0.0
1995-02-07 00:00:00,10.8,0.0
1995-02-07 09:00:00,11.25,1.6
1995-02-08 00:00:00,10.75,3.2
1995-02-08 00:00:00,10.25,3.2
1995-02-08 09:00:00,9.75,3.6
1995-02-09 00:00:00,8.783333333333333,4.0
1995-02-09 00:00:00,7.816666666666666,4.0
1995-02-09 09:00:00,6.85,4.1
1995-02-10 00:00:00,6.483333333333333,4.2
1995-02-10 00:00:00,6.116666666666666,4.2
1995-02-10 09:00:00,5.75,3.6
1995-02-11 00:00:00,7.05,3.0
1995-02-11 00:00:00,8.35,3.0
1995-02-11 09:00:00,9.65,2.7
1995-02-12 00:00:00,9.733333333333334,2.4
1995-02-12 00:00:00,9.816666666666666,2.4
1995-02-12 09:00:00,9.9,1.7
1995-02-13 00:00:00,10.133333333333333,1.0
1995-02-13 00:00:00,10.366666666666667,1.0
1995-02-13 09:00:00,10.6,2.8
1995-02-14 00:00:00,9.933333333333334,4.6
1995-02-14 00:00:00,9.266666666666666,4.6
1995-02-14 09:00:00,8.6,3.6999999999999997
1995-02-15 00:00:00,9.2,2.8
1995-02-15 00:00:00,9.8,2.8
1995-02-15 09:00:00,10.4,2.5999999999999996
1995-02-16 00:00:00,10.0,2.4
1995-02-16 00:00:00,9.6,2.4
1995-02-16 09:00:00,9.2,3.8
1995-02-17 00:00:00,8.883333333333333,5.2
1995-02-17 00:00:00,8.566666666666666,5.2
1995-02-17 09:00:00,8.25,2.7
1995-02-18 00:00:00,7.8999999999999995,0.2
1995-02-18 00:00:00,7.55,0.2
1995-02-18 09:00:00,7.199999999999999,1.4999999999999998
1995-02-19 00:00:00,7.733333333333333,2.8
1995-02-19 00:00:00,8.266666666666667,2.8
1995-02-19 09:00:00,8.8,2.5999999999999996
1995-02-20 00:00:00,9.0,2.4
1995-02-20 00:00:00,9.200000000000001,2.4
1995-02-20 09:00:00,9.4,3.7
1995-02-21 00:00:00,9.416666666666666,5.0
1995-02-21 00:00:00,9.433333333333334,5.0
1995-02-21 09:00:00,9.45,2.9
1995-02-22 00:00:00,8.549999999999999,0.8
1995-02-22 00:00:00,7.6499999999999995,0.8
1995-02-22 09:00:00,6.75,4.5
1995-02-23 00:00:00,6.6000000000000005,8.2
1995-02-23 00:00:00,6.45,8.2
1995-02-23 09:00:00,6.300000000000001,5.8999999999999995
1995-02-24 00:00:00,6.6000000000000005,3.6
1995-02-24 00:00:00,6.9,3.4
1995-02-24 09:00:00,7.2,2.0
1995-02-25 00:00:00,7.1000000000000005,0.6
1995-02-25 00:00:00,7.0,0.6
1995-02-25 09:00:00,6.9,0.4
1995-02-26 00:00:00,6.616666666666667,0.2
1995-02-26 00:00:00,6.333333333333333,0.2
1995-02-26 09:00:00,6.05,0.1
1995-02-27 00:00:00,5.633333333333333,0.0
1995-02-27 00:00:00,5.216666666666667,0.0
1995-02-27 09:00:00,4.8,0.7
1995-02-28 00:00:00,5.733333333333333,1.4
1995-02-28 00:00:00,6.666666666666666,1.4
1995-02-28 09:00:00,7.6,2.0999999999999996
1995-03-01 00:00:00,8.783333333333333,2.8
1995-03-01 00:00:00,9.966666666666667,2.8
1995-03-01 09:00:00,11.15,1.4
1995-03-02 00:00:00,9.416666666666666,0.0
1995-03-02 00:00:00,7.683333333333334,1.8
1995-03-02 09:00:00,5.949999999999999,4.2
1995-03-03 00:00:00,5.516666666666667,6.6
1995-03-03 00:00:00,5.083333333333333,6.6
1995-03-03 09:00:00,4.65,3.4
1995-03-04 00:00:00,3.816666666666667,0.2
1995-03-04 00:00:00,2.9833333333333334,0.2
1995-03-04 09:00:00,2.15,1.9
1995-03-05 00:00:00,3.216666666666667,3.6
1995-03-05 00:00:00,4.283333333333333,3.6
1995-03-05 09:00:00,5.35,1.9000000000000001
1995-03-06 00:00:00,5.6499999999999995,0.2
1995-03-06 00:00:00,5.95,0.2
1995-03-06 09:00:00,6.25,0.9000000000000001
1995-03-07 00:00:00,5.666666666666667,1.6
1995-03-07 00:00:00,5.083333333333333,1.6
1995-03-07 09:00:00,4.5,7.1
1995-03-08 00:00:00,4.55,12.6
1995-03-08 00:00:00,4.6000000000000005,12.6
1995-03-08 09:00:00,4.65,6.3999999999999995
1995-03-09 00:00:00,4.683333333333334,0.2
1995-03-09 00:00:00,4.716666666666667,0.2
1995-03-09 09:00:00,4.75,0.1
1995-03-10 00:00:00,5.816666666666666,0.0
1995-03-10 00:00:00,6.883333333333333,0.0
1995-03-10 09:00:00,7.95,0.1
1995-03-11 00:00:00,8.8,0.2
1995-03-11 00:00:00,9.65,0.2
1995-03-11 09:00:00,10.5,0.7
1995-03-12 00:00:00,10.95,1.2
1995-03-12 00:00:00,11.4,1.2
1995-03-12 09:00:00,11.85,0.6
1995-03-13 00:00:00,10.633333333333333,0.0
1995-03-13 00:00:00,9.416666666666668,0.0
1995-03-13 09:00:00,8.200000000000001,0.0
1995-03-14 00:00:00,7.333333333333334,0.0
1995-03-14 00:00:00,6.466666666666667,0.0
1995-03-14 09:00:00,5.6,2.1
1995-03-15 00:00:00,6.633333333333333,4.2
1995-03-15 00:00:00,7.666666666666666,4.2
1995-03-15 09:00:00,8.7,2.7
1995-03-16 00:00:00,7.699999999999999,1.2
1995-03-16 00:00:00,6.699999999999999,1.2
1995-03-16 09:00:00,5.699999999999999,2.5999999999999996
1995-03-17 00:00:00,6.733333333333333,4.0
1995-03-17 00:00:00,7.7666666666666675,4.0
1995-03-17 09:00:00,8.8,3.5
1995-03-18 00:00:00,8.85,3.0
1995-03-18 00:00:00,8.9,3.0
1995-03-18 09:00:00,8.95,1.6
1995-03-19 00:00:00,8.65,0.2
1995-03-19 00:00:00,8.35,0.4
1995-03-19 09:00:00,8.05,0.4
1995-03-20 00:00:00,7.65,0.4
1995-03-20 00:00:00,7.25,0.4
1995-03-20 09:00:00,6.85,0.2
1995-03-21 00:00:00,6.316666666666666,0.0
1995-03-21 00:00:00,5.783333333333333,0.0
1995-03-21 09:00:00,5.25,0.0
1995-03-22 00:00:00,5.8500000000000005,0.0
1995-03-22 00:00:00,6.45,0.0
1995-03-22 09:00:00,7.050000000000001,0.0
1995-03-23 00:00:00,7.083333333333334,0.0
1995-03-23 00:00:00,7.116666666666667,0.0
1995-03-23 09:00:00,7.15,0.0
1995-03-24 00:00:00,8.6,0.0
1995-03-24 00:00:00,10.05,0.0
1995-03-24 09:00:00,11.5,0.9
1995-03-25 00:00:00,11.716666666666667,1.8
1995-03-25 00:00:00,11.933333333333334,1.8
1995-03-25 09:00:00,12.15,0.9
1995-03-26 00:00:00,11.950000000000001,0.0
1995-03-26 00:00:00,11.75,0.0
1995-03-26 09:00:00,11.55,0.5
1995-03-27 00:00:00,10.216666666666667,1.0
1995-03-27 00:00:00,8.883333333333333,1.0
1995-03-27 09:00:00,7.55,0.6
1995-03-28 00:00:00,6.466666666666667,0.2
1995-03-28 00:00:00,5.383333333333333,0.2
1995-03-28 09:00:00,4.3,5.1000000000000005
1995-03-29 00:00:00,4.916666666666667,10.0
1995-03-29 00:00:00,5.533333333333333,10.0
1995-03-29 09:00:00,6.15,5.0
1995-03-30 00:00:00,5.766666666666667,0.0
1995-03-30 00:00:00,5.383333333333334,0.0
1995-03-30 09:00:00,5.0,0.0
1995-03-31 00:00:00,6.916666666666667,0.0
1995-03-31 00:00:00,8.833333333333334,0.0
1995-03-31 09:00:00,10.75,0.0
1995-04-01 00:00:00,11.516666666666667,0.0
1995-04-01 00:00:00,12.283333333333333,0.0
1995-04-01 09:00:00,13.05,0.0
1995-04-02 00:00:00,13.95,0.0
1995-04-02 09:00:00,14.85,0.0
1995-04-03 00:00:00,14.625,0.0
1995-04-03 09:00:00,14.4,0.0
1995-04-04 00:00:00,13.875,0.0
1995-04-04 09:00:00,13.35,0.0
1995-04-05 00:00:00,13.1,0.0
1995-04-05 09:00:00,12.85,0.0
1995-04-06 00:00:00,13.1,0.0
1995-04-06 09:00:00,13.35,0.0
1995-04-07 00:00:00,14.175,0.0
1995-04-07 09:00:00,15.0,0.0
1995-04-08 00:00:00,13.875,0.0
1995-04-08 09:00:00,12.75,0.0
1995-04-09 00:00:00,10.475,0.0
1995-04-09 09:00:00,8.2,0.0
1995-04-10 00:00:00,9.925,0.0
1995-04-10 09:00:00,11.65,0.0
1995-04-11 00:00:00,11.600000000000001,0.0
1995-04-11 09:00:00,11.55,0.0
1995-04-12 00:00:00,12.625,0.0
1995-04-12 09:00:00,13.7,0.0
1995-04-13 00:00:00,12.375,0.0
1995-04-13 09:00:00,11.05,0.0
1995-04-14 00:00:00,11.575,0.0
1995-04-14 09:00:00,12.1,0.0
1995-04-15 00:00:00,13.274999999999999,0.0
1995-04-15 09:00:00,14.45,0.0
1995-04-16 00:00:00,12.575,0.0
1995-04-16 09:00:00,10.7,0.0
1995-04-17 00:00:00,10.899999999999999,0.0
1995-04-17 09:00:00,11.1,0.2
1995-04-18 00:00:00,10.649999999999999,0.4
1995-04-18 09:00:00,10.2,0.30000000000000004
1995-04-19 00:00:00,8.35,0.2
1995-04-19 09:00:00,6.5,0.1
1995-04-20 00:00:00,6.5,0.0
1995-04-20 09:00:00,6.5,0.1
1995-04-21 00:00:00,6.625,0.2
1995-04-21 09:00:00,6.75,0.9000000000000001
1995-04-22 00:00:00,8.625,1.6
1995-04-22 09:00:00,10.5,1.3
1995-04-23 00:00:00,10.15,1.0
1995-04-23 09:00:00,9.8,2.2
1995-04-24 00:00:00,10.775,3.4
1995-04-24 09:00:00,11.75,1.7
1995-04-25 00:00:00,11.8,0.0
1995-04-25 09:00:00,11.85,2.4
1995-04-26 00:00:00,13.475,4.8
1995-04-26 09:00:00,15.1,2.4
1995-04-27 00:00:00,11.55,0.0
1995-04-27 09:00:00,8.0,0.0
1995-04-28 00:00:00,8.75,0.0
1995-04-28 09:00:00,9.5,0.0
1995-04-29 00:00:00,9.9,0.0
1995-04-29 09:00:00,10.3,0.0
1995-04-30 00:00:00,10.4,0.0
1995-04-30 09:00:00,10.5,0.0
1995-05-01 00:00:00,11.775,0.0
1995-05-01 09:00:00,13.05,0.0
1995-05-02 00:00:00,13.683333333333334,0.0
1995-05-02 00:00:00,14.316666666666666,0.0
1995-05-02 09:00:00,14.95,0.0
1995-05-03 00:00:00,15.733333333333333,0.0
1995-05-03 00:00:00,16.516666666666666,0.0
1995-05-03 09:00:00,17.3,0.0
1995-05-04 00:00:00,17.45,0.0
1995-05-04 00:00:00,17.6,0.0
1995-05-04 09:00:00,17.75,0.0
1995-05-05 00:00:00,18.083333333333332,0.0
1995-05-05 00:00:00,18.416666666666668,0.0
1995-05-05 09:00:00,18.75,0.0
1995-05-06 00:00:00,19.1,0.0
1995-05-06 00:00:00,19.45,0.0
1995-05-06 09:00:00,19.8,0.0
1995-05-07 00:00:00,19.95,0.0
1995-05-07 00:00:00,20.1,0.0
1995-05-07 09:00:00,20.25,0.0
1995-05-08 00:00:00,20.066666666666666,0.0
1995-05-08 00:00:00,19.883333333333333,0.0
1995-05-08 09:00:00,19.7,0.0
1995-05-09 00:00:00,17.45,0.0
1995-05-09 00:00:00,15.2,0.0
1995-05-09 09:00:00,12.95,0.0
1995-05-10 00:00:00,12.483333333333333,0.0
1995-05-10 00:00:00,12.016666666666667,0.0
1995-05-10 09:00:00,11.55,0.0
1995-05-11 00:00:00,11.466666666666667,0.0
1995-05-11 00:00:00,11.383333333333335,0.0
1995-05-11 09:00:00,11.3,0.0
1995-05-12 00:00:00,10.433333333333334,0.0
1995-05-12 00:00:00,9.566666666666666,0.0
1995-05-12 09:00:00,8.7,0.1
1995-05-13 00:00:00,8.65,0.2
1995-05-13 00:00:00,8.6,0.2
1995-05-13 09:00:00,8.55,0.1
1995-05-14 00:00:00,8.516666666666667,0.0
1995-05-14 00:00:00,8.483333333333333,0.0
1995-05-14 09:00:00,8.45,0.0
1995-05-15 00:00:00,8.65,0.0
1995-05-15 00:00:00,8.85,0.0
1995-05-15 09:00:00,9.05,0.0
1995-05-16 00:00:00,10.033333333333333,0.0
1995-05-16 00:00:00,11.016666666666667,0.0
1995-05-16 09:00:00,12.0,4.3
1995-05-17 00:00:00,12.016666666666667,8.6
1995-05-17 00:00:00,12.033333333333333,8.6
1995-05-17 09:00:00,12.05,8.899999999999999
1995-05-18 00:00:00,10.966666666666667,9.2
1995-05-18 00:00:00,9.883333333333335,9.2
1995-05-18 09:00:00,8.8,5.1
1995-05-19 00:00:00,9.283333333333333,1.0
1995-05-19 00:00:00,9.766666666666667,1.0
1995-05-19 09:00:00,10.25,2.7
1995-05-20 00:00:00,10.733333333333333,4.4
1995-05-20 00:00:00,11.216666666666667,4.4
1995-05-20 09:00:00,11.7,2.2
1995-05-21 00:00:00,11.633333333333333,0.0
1995-05-21 00:00:00,11.566666666666666,0.0
1995-05-21 09:00:00,11.5,0.0
1995-05-22 00:00:00,11.883333333333333,0.0
1995-05-22 00:00:00,12.266666666666667,0.0
1995-05-22 09:00:00,12.65,0.0
1995-05-23 00:00:00,13.383333333333333,0.0
1995-05-23 00:00:00,14.116666666666667,0.0
1995-05-23 09:00:00,14.85,0.0
1995-05-24 00:00:00,15.616666666666665,0.0
1995-05-24 00:00:00,16.383333333333333,0.0
1995-05-24 09:00:00,17.15,0.1
1995-05-25 00:00:00,16.666666666666664,0.2
1995-05-25 00:00:00,16.183333333333334,0.2
1995-05-25 09:00:00,15.7,0.1
1995-05-26 00:00:00,15.616666666666665,0.0
1995-05-26 00:00:00,15.533333333333333,0.0
1995-05-26 09:00:00,15.45,0.1
1995-05-27 00:00:00,15.833333333333334,0.2
1995-05-27 00:00:00,16.21666666666667,0.2
1995-05-27 09:00:00,16.6,1.0
1995-05-28 00:00:00,16.900000000000002,1.8
1995-05-28 00:00:00,17.2,1.8
1995-05-28 09:00:00,17.5,0.9
1995-05-29 00:00:00,16.866666666666667,0.0
1995-05-29 00:00:00,16.233333333333334,0.0
1995-05-29 09:00:00,15.6,0.0
1995-05-30 00:00:00,15.45,0.0
1995-05-30 00:00:00,15.3,0.0
1995-05-30 09:00:00,15.15,0.8
1995-05-31 00:00:00,15.566666666666666,1.6
1995-05-31 00:00:00,15.983333333333333,1.6
1995-05-31 09:00:00,16.4,0.8
1995-06-01 00:00:00,15.966666666666665,0.0
1995-06-01 00:00:00,15.533333333333333,0.0
1995-06-01 09:00:00,15.1,0.0
1995-06-02 00:00:00,15.166666666666666,0.0
1995-06-02 00:00:00,15.233333333333334,0.0
1995-06-02 09:00:00,15.3,0.0
1995-06-03 00:00:00,15.516666666666667,0.0
1995-06-03 00:00:00,15.733333333333333,0.0
1995-06-03 09:00:00,15.95,3.6
1995-06-04 00:00:00,15.333333333333332,7.2
1995-06-04 00:00:00,14.716666666666667,7.2
1995-06-04 09:00:00,14.1,5.1
1995-06-05 00:00:00,14.133333333333333,3.0
1995-06-05 00:00:00,14.166666666666666,3.0
1995-06-05 09:00:00,14.2,1.5
1995-06-06 00:00:00,14.766666666666666,0.0
1995-06-06 00:00:00,15.333333333333334,0.0
1995-06-06 09:00:00,15.9,0.5
1995-06-07 00:00:00,15.966666666666667,1.0
1995-06-07 00:00:00,16.033333333333335,1.0
1995-06-07 09:00:00,16.1,0.5
1995-06-08 00:00:00,15.350000000000001,0.0
1995-06-08 00:00:00,14.6,0.0
1995-06-08 09:00:00,13.85,0.1
1995-06-09 00:00:00,13.549999999999999,0.2
1995-06-09 00:00:00,13.25,0.2
1995-06-09 09:00:00,12.95,0.1
1995-06-10 00:00:00,13.1,0.0
1995-06-10 00:00:00,13.25,0.0
1995-06-10 09:00:00,13.4,1.5
1995-06-11 00:00:00,13.4,3.0
1995-06-11 00:00:00,13.4,3.0
1995-06-11 09:00:00,13.4,3.4
1995-06-12 00:00:00,13.166666666666666,3.8
1995-06-12 00:00:00,12.933333333333334,3.8
1995-06-12 09:00:00,12.7,1.9
1995-06-13 00:00:00,12.416666666666666,0.0
1995-06-13 00:00:00,12.133333333333333,0.0
1995-06-13 09:00:00,11.85,0.0
1995-06-14 00:00:00,11.916666666666666,0.0
1995-06-14 00:00:00,11.983333333333334,0.0
1995-06-14 09:00:00,12.05,0.0
1995-06-15 00:00:00,12.35,0.0
1995-06-15 00:00:00,12.65,0.0
1995-06-15 09:00:00,12.95,0.0
1995-06-16 00:00:00,13.533333333333333,0.0
1995-06-16 00:00:00,14.116666666666665,0.0
1995-06-16 09:00:00,14.7,0.6
1995-06-17 00:00:00,15.25,1.2
1995-06-17 00:00:00,15.8,1.2
1995-06-17 09:00:00,16.35,1.5
1995-06-18 00:00:00,15.883333333333335,1.8
1995-06-18 00:00:00,15.416666666666666,1.8
1995-06-18 09:00:00,14.95,0.9
1995-06-19 00:00:00,15.733333333333333,0.0
1995-06-19 00:00:00,16.516666666666666,0.0
1995-06-19 09:00:00,17.3,0.0
1995-06-20 00:00:00,17.95,0.0
1995-06-20 00:00:00,18.6,0.0
1995-06-20 09:00:00,19.25,0.0
1995-06-21 00:00:00,19.283333333333335,0.0
1995-06-21 00:00:00,19.316666666666666,0.0
1995-06-21 09:00:00,19.35,0.0
1995-06-22 00:00:00,18.833333333333336,0.0
1995-06-22 00:00:00,18.316666666666666,0.0
1995-06-22 09:00:00,17.8,0.0
1995-06-23 00:00:00,17.46666666666667,0.0
1995-06-23 00:00:00,17.133333333333333,0.0
1995-06-23 09:00:00,16.8,0.0
1995-06-24 00:00:00,17.0,0.0
1995-06-24 00:00:00,17.2,0.0
1995-06-24 09:00:00,17.4,0.0
1995-06-25 00:00:00,16.53333333333333,0.0
1995-06-25 00:00:00,15.666666666666666,0.0
1995-06-25 09:00:00,14.8,0.0
1995-06-26 00:00:00,15.983333333333334,0.0
1995-06-26 00:00:00,17.166666666666668,0.0
1995-06-26 09:00:00,18.35,0.0
1995-06-27 00:00:00,18.816666666666666,0.0
1995-06-27 00:00:00,19.283333333333335,0.0
1995-06-27 09:00:00,19.75,0.0
1995-06-28 00:00:00,20.05,0.0
1995-06-28 00:00:00,20.349999999999998,0.0
1995-06-28 09:00:00,20.65,0.0
1995-06-29 00:00:00,21.216666666666665,0.0
1995-06-29 00:00:00,21.783333333333335,0.0
1995-06-29 09:00:00,22.35,0.0
1995-06-30 00:00:00,21.733333333333334,0.0
1995-06-30 00:00:00,21.116666666666667,0.0
1995-06-30 09:00:00,20.5,0.0
1995-07-01 00:00:00,21.4,0.0
1995-07-01 00:00:00,22.3,0.0
1995-07-01 09:00:00,23.2,0.0
1995-07-02 00:00:00,20.174999999999997,0.0
1995-07-02 09:00:00,17.15,8.6
1995-07-03 00:00:00,17.325,17.2
1995-07-03 09:00:00,17.5,8.6
1995-07-04 00:00:00,17.2,0.0
1995-07-04 09:00:00,16.9,0.0
1995-07-05 00:00:00,18.424999999999997,0.0
1995-07-05 09:00:00,19.95,0.0
1995-07-06 00:00:00,19.275,0.0
1995-07-06 09:00:00,18.6,0.0
1995-07-07 00:00:00,20.150000000000002,0.0
1995-07-07 09:00:00,21.700000000000003,0.0
1995-07-08 00:00:00,20.450000000000003,0.0
1995-07-08 09:00:00,19.2,0.0
1995-07-09 00:00:00,20.75,0.0
1995-07-09 09:00:00,22.3,0.0
1995-07-10 00:00:00,22.425,0.0
1995-07-10 09:00:00,22.55,0.0
1995-07-11 00:00:00,23.675,0.0
1995-07-11 09:00:00,24.8,0.2
1995-07-12 00:00:00,23.700000000000003,0.4
1995-07-12 09:00:00,22.6,1.7000000000000002
1995-07-13 00:00:00,21.975,3.0
1995-07-13 09:00:00,21.35,1.9
1995-07-14 00:00:00,21.1,0.8
1995-07-14 09:00:00,20.85,1.6
1995-07-15 00:00:00,20.400000000000002,2.4
1995-07-15 09:00:00,19.950000000000003,1.7
1995-07-16 00:00:00,19.375,1.0
1995-07-16 09:00:00,18.8,1.0
1995-07-17 00:00:00,18.875,1.0
1995-07-17 09:00:00,18.95,0.6
1995-07-18 00:00:00,19.424999999999997,0.2
1995-07-18 09:00:00,19.9,0.1
1995-07-19 00:00:00,21.325,0.0
1995-07-19 09:00:00,22.75,0.0
1995-07-20 00:00:00,21.95,0.0
1995-07-20 09:00:00,21.15,0.0
1995-07-21 00:00:00,23.05,0.0
1995-07-21 09:00:00,24.950000000000003,0.0
1995-07-22 00:00:00,23.675,0.0
1995-07-22 09:00:00,22.4,0.0
1995-07-23 00:00:00,20.15,0.0
1995-07-23 09:00:00,17.9,0.0
1995-07-24 00:00:00,18.675,0.0
1995-07-24 09:00:00,19.450000000000003,0.0
1995-07-25 00:00:00,21.05,0.0
1995-07-25 09:00:00,22.65,0.0
1995-07-26 00:00:00,22.9,0.0
1995-07-26 09:00:00,23.15,5.6
1995-07-27 00:00:00,22.5,11.2
1995-07-27 09:00:00,21.85,5.6
1995-07-28 00:00:00,21.525000000000002,0.0
1995-07-28 09:00:00,21.200000000000003,0.0
1995-07-29 00:00:00,22.05,0.0
1995-07-29 09:00:00,22.9,0.0
1995-07-30 00:00:00,23.475,0.0
1995-07-30 09:00:00,24.05,0.0
1995-07-31 00:00:00,24.75,0.0
1995-07-31 09:00:00,25.450000000000003,0.0
1995-08-01 00:00:00,25.950000000000003,0.0
1995-08-01 09:00:00,26.45,0.0
1995-08-02 00:00:00,27.049999999999997,0.0
1995-08-02 09:00:00,27.65,0.0
1995-08-03 00:00:00,27.025,0.0
1995-08-03 09:00:00,26.4,0.0
1995-08-04 00:00:00,25.1,0.0
1995-08-04 09:00:00,23.8,0.0
1995-08-05 00:00:00,22.35,0.0
1995-08-05 09:00:00,20.9,0.0
1995-08-06 00:00:00,20.799999999999997,0.0
1995-08-06 09:00:00,20.7,0.0
1995-08-07 00:00:00,21.15,0.0
1995-08-07 09:00:00,21.6,0.0
1995-08-08 00:00:00,20.025,0.0
1995-08-08 09:00:00,18.45,0.0
1995-08-09 00:00:00,18.1,0.0
1995-08-09 09:00:00,17.75,0.0
1995-08-10 00:00:00,19.15,0.0
1995-08-10 09:00:00,20.55,0.0
1995-08-11 00:00:00,21.65,0.0
1995-08-11 09:00:00,22.75,0.0
1995-08-12 00:00:00,23.525,0.0
1995-08-12 09:00:00,24.3,0.0
1995-08-13 00:00:00,24.575000000000003,0.0
1995-08-13 09:00:00,24.85,0.0
1995-08-14 00:00:00,22.275,0.0
1995-08-14 09:00:00,19.7,0.0
1995-08-15 00:00:00,19.875,0.0
1995-08-15 09:00:00,20.05,0.0
1995-08-16 00:00:00,22.025,0.0
1995-08-16 09:00:00,24.0,0.0
1995-08-17 00:00:00,24.35,0.0
1995-08-17 09:00:00,24.7,0.0
1995-08-18 00:00:00,23.799999999999997,0.0
1995-08-18 09:00:00,22.9,0.0
1995-08-19 00:00:00,23.45,0.0
1995-08-19 09:00:00,24.0,0.0
1995-08-20 00:00:00,24.325,0.0
1995-08-20 09:00:00,24.65,0.0
1995-08-21 00:00:00,24.049999999999997,0.0
1995-08-21 09:00:00,23.45,0.0
1995-08-22 00:00:00,23.775,0.0
1995-08-22 09:00:00,24.1,0.0
1995-08-23 00:00:00,23.575000000000003,0.0
1995-08-23 09:00:00,23.05,0.2
1995-08-24 00:00:00,21.05,0.4
1995-08-24 09:00:00,19.05,0.2
1995-08-25 00:00:00,20.05,0.0
1995-08-25 09:00:00,21.05,0.0
1995-08-26 00:00:00,21.3,0.0
1995-08-26 09:00:00,21.55,0.0
1995-08-27 00:00:00,21.125,0.0
1995-08-27 09:00:00,20.7,0.5
1995-08-28 00:00:00,18.475,1.0
1995-08-28 09:00:00,16.25,0.6
1995-08-29 00:00:00,16.475,0.2
1995-08-29 09:00:00,16.700000000000003,0.1
1995-08-30 00:00:00,15.55,0.0
1995-08-30 09:00:00,14.4,0.0
1995-08-31 00:00:00,16.85,0.0
1995-08-31 09:00:00,19.3,0.6
1995-09-01 00:00:00,18.6,1.2
1995-09-01 09:00:00,17.9,1.2999999999999998
1995-09-02 00:00:00,17.78333333333333,1.4
1995-09-02 00:00:00,17.666666666666668,1.4
1995-09-02 09:00:00,17.55,1.7
1995-09-03 00:00:00,16.45,2.0
1995-09-03 00:00:00,15.35,2.0
1995-09-03 09:00:00,14.25,1.0
1995-09-04 00:00:00,14.533333333333333,0.0
1995-09-04 00:00:00,14.816666666666666,0.0
1995-09-04 09:00:00,15.1,0.0
1995-09-05 00:00:00,15.666666666666666,0.0
1995-09-05 00:00:00,16.23333333333333,0.0
1995-09-05 09:00:00,16.799999999999997,3.3
1995-09-06 00:00:00,16.716666666666665,6.6
1995-09-06 00:00:00,16.63333333333333,6.6
1995-09-06 09:00:00,16.549999999999997,5.1
1995-09-07 00:00:00,16.966666666666665,3.6
1995-09-07 00:00:00,17.38333333333333,3.6
1995-09-07 09:00:00,17.799999999999997,4.8
1995-09-08 00:00:00,17.73333333333333,6.0
1995-09-08 00:00:00,17.666666666666668,6.0
1995-09-08 09:00:00,17.6,3.2
1995-09-09 00:00:00,17.1,0.4
1995-09-09 00:00:00,16.6,0.4
1995-09-09 09:00:00,16.1,0.2
1995-09-10 00:00:00,16.45,0.0
1995-09-10 00:00:00,16.8,0.0
1995-09-10 09:00:00,17.15,5.4
1995-09-11 00:00:00,16.866666666666667,10.8
1995-09-11 00:00:00,16.583333333333332,10.8
1995-09-11 09:00:00,16.3,6.5
1995-09-12 00:00:00,16.433333333333334,2.2
1995-09-12 00:00:00,16.566666666666666,2.2
1995-09-12 09:00:00,16.7,1.9000000000000001
1995-09-13 00:00:00,16.15,1.6
1995-09-13 00:00:00,15.6,1.6
1995-09-13 09:00:00,15.05,0.8
1995-09-14 00:00:00,15.033333333333333,0.0
1995-09-14 00:00:00,15.016666666666667,0.0
1995-09-14 09:00:00,15.0,2.6
1995-09-15 00:00:00,15.033333333333333,5.2
1995-09-15 00:00:00,15.066666666666666,5.2
1995-09-15 09:00:00,15.1,2.6
1995-09-16 00:00:00,15.4,0.0
1995-09-16 00:00:00,15.7,0.0
1995-09-16 09:00:00,16.0,5.8
1995-09-17 00:00:00,15.716666666666667,11.6
1995-09-17 00:00:00,15.433333333333334,11.6
1995-09-17 09:00:00,15.15,6.3
1995-09-18 00:00:00,15.6,1.0
1995-09-18 00:00:00,16.05,1.0
1995-09-18 09:00:00,16.5,1.6
1995-09-19 00:00:00,16.833333333333332,2.2
1995-09-19 00:00:00,17.166666666666668,2.2
1995-09-19 09:00:00,17.5,1.1
1995-09-20 00:00:00,16.766666666666666,0.0
1995-09-20 00:00:00,16.033333333333335,0.0
1995-09-20 09:00:00,15.3,0.0
1995-09-21 00:00:00,14.933333333333334,0.0
1995-09-21 00:00:00,14.566666666666666,0.0
1995-09-21 09:00:00,14.2,0.0
1995-09-22 00:00:00,14.75,0.0
1995-09-22 00:00:00,15.299999999999999,0.0
1995-09-22 09:00:00,15.85,0.2
1995-09-23 00:00:00,15.983333333333333,0.4
1995-09-23 00:00:00,16.116666666666667,0.4
1995-09-23 09:00:00,16.25,3.4
1995-09-24 00:00:00,16.016666666666666,6.4
1995-09-24 00:00:00,15.783333333333333,6.8
1995-09-24 09:00:00,15.55,6.1
1995-09-25 00:00:00,14.200000000000001,5.4
1995-09-25 00:00:00,12.85,5.4
1995-09-25 09:00:00,11.5,2.8000000000000003
1995-09-26 00:00:00,12.516666666666667,0.2
1995-09-26 00:00:00,13.533333333333333,0.2
1995-09-26 09:00:00,14.55,9.0
1995-09-27 00:00:00,14.6,17.8
1995-09-27 00:00:00,14.65,17.8
1995-09-27 09:00:00,14.7,9.0
1995-09-28 00:00:00,13.633333333333333,0.2
1995-09-28 00:00:00,12.566666666666666,0.2
1995-09-28 09:00:00,11.5,0.4
1995-09-29 00:00:00,11.15,0.6
1995-09-29 00:00:00,10.799999999999999,0.6
1995-09-29 09:00:00,10.45,0.3
1995-09-30 00:00:00,10.966666666666667,0.0
1995-09-30 00:00:00,11.483333333333333,0.0
1995-09-30 09:00:00,12.0,1.1
1995-10-01 00:00:00,13.05,2.2
1995-10-01 00:00:00,14.1,2.2
1995-10-01 09:00:00,15.15,1.1
1995-10-02 00:00:00,15.35,0.0
1995-10-02 00:00:00,15.55,0.0
1995-10-02 09:00:00,15.75,0.0
1995-10-03 00:00:00,15.666666666666666,0.0
1995-10-03 00:00:00,15.583333333333334,0.0
1995-10-03 09:00:00,15.5,2.1
1995-10-04 00:00:00,15.933333333333334,4.2
1995-10-04 00:00:00,16.366666666666667,4.2
1995-10-04 09:00:00,16.8,3.0
1995-10-05 00:00:00,15.866666666666667,1.8
1995-10-05 00:00:00,14.933333333333334,1.8
1995-10-05 09:00:00,14.0,0.9
1995-10-06 00:00:00,14.366666666666667,0.0
1995-10-06 00:00:00,14.733333333333333,0.0
1995-10-06 09:00:00,15.1,1.0
1995-10-07 00:00:00,15.549999999999999,2.0
1995-10-07 00:00:00,16.0,2.0
1995-10-07 09:00:00,16.45,1.1
1995-10-08 00:00:00,16.466666666666665,0.2
1995-10-08 00:00:00,16.483333333333334,0.2
1995-10-08 09:00:00,16.5,0.1
1995-10-09 00:00:00,17.8,0.0
1995-10-09 00:00:00,19.099999999999998,0.0
1995-10-09 09:00:00,20.4,0.0
1995-10-10 00:00:00,20.15,0.0
1995-10-10 00:00:00,19.9,0.0
1995-10-10 09:00:00,19.65,0.0
1995-10-11 00:00:00,18.916666666666664,0.0
1995-10-11 00:00:00,18.183333333333334,0.0
1995-10-11 09:00:00,17.45,0.0
1995-10-12 00:00:00,18.03333333333333,0.0
1995-10-12 00:00:00,18.616666666666667,0.0
1995-10-12 09:00:00,19.2,0.0
1995-10-13 00:00:00,18.8,0.0
1995-10-13 00:00:00,18.4,0.0
1995-10-13 09:00:00,18.0,0.0
1995-10-14 00:00:00,18.016666666666666,0.0
1995-10-14 00:00:00,18.033333333333335,0.0
1995-10-14 09:00:00,18.05,0.0
1995-10-15 00:00:00,17.683333333333334,0.0
1995-10-15 00:00:00,17.316666666666666,0.0
1995-10-15 09:00:00,16.95,0.0
1995-10-16 00:00:00,16.65,0.0
1995-10-16 00:00:00,16.35,0.0
1995-10-16 09:00:00,16.05,0.0
1995-10-17 00:00:00,16.433333333333334,0.0
1995-10-17 00:00:00,16.816666666666666,0.0
1995-10-17 09:00:00,17.2,0.0
1995-10-18 00:00:00,16.65,0.0
1995-10-18 00:00:00,16.1,0.0
1995-10-18 09:00:00,15.55,0.0
1995-10-19 00:00:00,14.366666666666667,0.0
1995-10-19 00:00:00,13.183333333333334,0.0
1995-10-19 09:00:00,12.0,0.0
1995-10-20 00:00:00,12.5,0.0
1995-10-20 00:00:00,13.0,0.0
1995-10-20 09:00:00,13.5,0.1
1995-10-21 00:00:00,12.35,0.2
1995-10-21 00:00:00,11.200000000000001,0.2
1995-10-21 09:00:00,10.05,0.1
1995-10-22 00:00:00,10.933333333333334,0.0
1995-10-22 00:00:00,11.816666666666666,0.0
1995-10-22 09:00:00,12.7,0.0
1995-10-23 00:00:00,12.383333333333333,0.0
1995-10-23 00:00:00,12.066666666666666,0.0
1995-10-23 09:00:00,11.75,0.0
1995-10-24 00:00:00,12.666666666666666,0.0
1995-10-24 00:00:00,13.583333333333334,0.0
1995-10-24 09:00:00,14.5,0.0
1995-10-25 00:00:00,14.792857142857143,0.0
1995-10-25 00:00:00,15.085714285714285,0.0
1995-10-26 00:00:00,15.37857142857143,0.0
1995-10-26 00:00:00,15.671428571428573,0.0
1995-10-27 00:00:00,15.964285714285715,0.8
1995-10-27 00:00:00,16.25714285714286,0.8
1995-10-27 09:00:00,16.55,0.4
1995-10-28 00:00:00,14.366666666666667,0.0
1995-10-28 00:00:00,12.183333333333334,0.0
1995-10-28 09:00:00,10.0,0.0
1995-10-29 00:00:00,10.166666666666666,0.0
1995-10-29 00:00:00,10.333333333333334,0.0
1995-10-29 09:00:00,10.5,0.0
1995-10-30 00:00:00,10.466666666666667,0.0
1995-10-30 00:00:00,10.433333333333334,0.0
1995-10-30 09:00:00,10.4,0.0
1995-10-31 00:00:00,10.5,0.0
1995-10-31 00:00:00,10.6,0.0
1995-10-31 09:00:00,10.7,0.0
1995-11-01 00:00:00,10.9,0.0
1995-11-01 00:00:00,11.1,0.0
1995-11-01 09:00:00,11.3,0.0
1995-11-02 00:00:00,10.9,0.0
1995-11-02 00:00:00,10.5,0.0
1995-11-02 09:00:00,10.1,0.0
1995-11-03 00:00:00,9.5,0.0
1995-11-03 00:00:00,8.9,0.0
1995-11-03 09:00:00,8.3,0.0
1995-11-04 00:00:00,8.116666666666667,0.0
1995-11-04 00:00:00,7.933333333333334,0.0
1995-11-04 09:00:00,7.75,0.0
1995-11-05 00:00:00,7.55,0.0
1995-11-05 00:00:00,7.3500000000000005,0.0
1995-11-05 09:00:00,7.15,0.0
1995-11-06 00:00:00,6.4,0.0
1995-11-06 00:00:00,5.65,0.0
1995-11-06 09:00:00,4.9,0.0
1995-11-07 00:00:00,5.466666666666667,0.0
1995-11-07 00:00:00,6.033333333333334,0.0
1995-11-07 09:00:00,6.6000000000000005,0.0
1995-11-08 00:00:00,7.166666666666667,0.0
1995-11-08 00:00:00,7.733333333333334,0.0
1995-11-08 09:00:00,8.3,0.0
1995-11-09 00:00:00,9.733333333333334,0.0
1995-11-09 00:00:00,11.166666666666666,0.0
1995-11-09 09:00:00,12.6,3.2
1995-11-10 00:00:00,12.433333333333334,6.4
1995-11-10 00:00:00,12.266666666666666,6.4
1995-11-10 09:00:00,12.1,3.5
1995-11-11 00:00:00,11.65,0.6
1995-11-11 00:00:00,11.2,0.6
1995-11-11 09:00:00,10.75,0.5
1995-11-12 00:00:00,11.783333333333333,0.4
1995-11-12 00:00:00,12.816666666666666,0.4
1995-11-12 09:00:00,13.85,0.2
1995-11-13 00:00:00,13.466666666666667,0.0
1995-11-13 00:00:00,13.083333333333332,0.0
1995-11-13 09:00:00,12.7,0.3
1995-11-14 00:00:00,12.45,0.6
1995-11-14 00:00:00,12.2,0.6
1995-11-14 09:00:00,11.95,1.2000000000000002
1995-11-15 00:00:00,11.816666666666666,1.8
1995-11-15 00:00:00,11.683333333333334,1.8
1995-11-15 09:00:00,11.55,1.0
1995-11-16 00:00:00,12.016666666666667,0.2
1995-11-16 00:00:00,12.483333333333333,0.2
1995-11-16 09:00:00,12.95,0.5
1995-11-17 00:00:00,11.033333333333333,0.8
1995-11-17 00:00:00,9.116666666666667,0.8
1995-11-17 09:00:00,7.2,0.4
1995-11-18 00:00:00,5.666666666666667,0.0
1995-11-18 00:00:00,4.133333333333334,0.0
1995-11-18 09:00:00,2.6,0.0
1995-11-19 00:00:00,3.066666666666667,0.0
1995-11-19 00:00:00,3.533333333333333,0.0
1995-11-19 09:00:00,4.0,0.0
1995-11-20 00:00:00,4.466666666666667,0.0
1995-11-20 00:00:00,4.933333333333334,0.0
1995-11-20 09:00:00,5.4,0.0
1995-11-21 00:00:00,5.8500000000000005,0.0
1995-11-21 00:00:00,6.3,0.0
1995-11-21 09:00:00,6.75,0.0
1995-11-22 00:00:00,7.816666666666666,0.0
1995-11-22 00:00:00,8.883333333333333,0.0
1995-11-22 09:00:00,9.95,0.0
1995-11-23 00:00:00,9.866666666666665,0.0
1995-11-23 00:00:00,9.783333333333333,0.0
1995-11-23 09:00:00,9.7,0.0
1995-11-24 00:00:00,10.183333333333334,0.0
1995-11-24 00:00:00,10.666666666666666,0.0
1995-11-24 09:00:00,11.15,0.0
1995-11-25 00:00:00,11.466666666666667,0.0
1995-11-25 00:00:00,11.783333333333333,0.0
1995-11-25 09:00:00,12.1,4.0
1995-11-26 00:00:00,11.766666666666666,8.0
1995-11-26 00:00:00,11.433333333333334,8.0
1995-11-26 09:00:00,11.1,4.4
1995-11-27 00:00:00,10.6,0.8
1995-11-27 00:00:00,10.1,0.8
1995-11-27 09:00:00,9.6,1.4
1995-11-28 00:00:00,9.666666666666666,2.0
1995-11-28 00:00:00,9.733333333333334,2.0
1995-11-28 09:00:00,9.8,1.0
1995-11-29 00:00:00,10.183333333333334,0.0
1995-11-29 00:00:00,10.566666666666666,0.0
1995-11-29 09:00:00,10.95,0.1
1995-11-30 00:00:00,10.35,0.2
1995-11-30 00:00:00,9.75,0.2
1995-11-30 09:00:00,9.15,0.1
1995-12-01 00:00:00,8.4,0.0
1995-12-01 00:00:00,7.65,0.0
1995-12-01 09:00:00,6.9,1.3
1995-12-02 00:00:00,7.8,2.6
1995-12-02 00:00:00,8.7,2.6
1995-12-02 09:00:00,9.6,1.6
1995-12-03 00:00:00,10.25,0.6
1995-12-03 00:00:00,10.9,0.6
1995-12-03 09:00:00,11.55,3.5000000000000004
1995-12-04 00:00:00,10.766666666666667,6.4
1995-12-04 00:00:00,9.983333333333333,6.4
1995-12-04 09:00:00,9.2,3.2
1995-12-05 00:00:00,7.716666666666666,0.0
1995-12-05 00:00:00,6.2333333333333325,0.0
1995-12-05 09:00:00,4.75,0.75
1995-12-06 00:00:00,3.533333333333333,1.5
1995-12-06 00:00:00,2.316666666666667,1.5
1995-12-06 09:00:00,1.1,2.05
1995-12-07 00:00:00,0.8333333333333335,2.6
1995-12-07 00:00:00,0.5666666666666668,2.6
1995-12-07 09:00:00,0.3,1.35
1995-12-08 00:00:00,0.7333333333333334,0.1
1995-12-08 00:00:00,1.1666666666666667,0.1
1995-12-08 09:00:00,1.6,0.05
1995-12-09 00:00:00,1.8833333333333335,0.0
1995-12-09 00:00:00,2.166666666666667,0.0
1995-12-09 09:00:00,2.45,0.0
1995-12-10 00:00:00,2.4833333333333334,0.0
1995-12-10 00:00:00,2.5166666666666666,0.0
1995-12-10 09:00:00,2.55,0.1
1995-12-11 00:00:00,2.083333333333333,0.2
1995-12-11 00:00:00,1.6166666666666667,0.2
1995-12-11 09:00:00,1.15,0.1
1995-12-12 00:00:00,2.3666666666666663,0.0
1995-12-12 00:00:00,3.583333333333333,0.0
1995-12-12 09:00:00,4.8,0.2
1995-12-13 00:00:00,5.366666666666666,0.4
1995-12-13 00:00:00,5.933333333333334,0.4
1995-12-13 09:00:00,6.5,0.30000000000000004
1995-12-14 00:00:00,6.45,0.2
1995-12-14 00:00:00,6.4,0.2
1995-12-14 09:00:00,6.3500000000000005,0.2
1995-12-15 00:00:00,5.666666666666667,0.2
1995-12-15 00:00:00,4.983333333333333,0.2
1995-12-15 09:00:00,4.3,0.5
1995-12-16 00:00:00,4.116666666666666,0.8
1995-12-16 00:00:00,3.933333333333333,0.8
1995-12-16 09:00:00,3.75,0.4
1995-12-17 00:00:00,4.3,0.0
1995-12-17 00:00:00,4.8500000000000005,0.0
1995-12-17 09:00:00,5.4,1.0
1995-12-18 00:00:00,5.183333333333334,2.0
1995-12-18 00:00:00,4.966666666666667,2.0
1995-12-18 09:00:00,4.75,1.1
1995-12-19 00:00:00,4.883333333333334,0.2
1995-12-19 00:00:00,5.016666666666667,0.2
1995-12-19 09:00:00,5.15,14.6
1995-12-20 00:00:00,4.8500000000000005,29.0
1995-12-20 00:00:00,4.55,29.0
1995-12-20 09:00:00,4.25,14.8
1995-12-21 00:00:00,4.0,0.6
1995-12-21 00:00:00,3.75,0.6
1995-12-21 09:00:00,3.5,6.8999999999999995
1995-12-22 00:00:00,4.7,13.2
1995-12-22 00:00:00,5.9,13.2
1995-12-22 09:00:00,7.1000000000000005,11.1
1995-12-23 00:00:00,8.133333333333333,9.0
1995-12-23 00:00:00,9.166666666666666,9.0
1995-12-23 09:00:00,10.2,8.5
1995-12-24 00:00:00,8.549999999999999,8.0
1995-12-24 00:00:00,6.9,8.0
1995-12-24 09:00:00,5.25,4.0
1995-12-25 00:00:00,4.15,0.0
1995-12-25 00:00:00,3.0500000000000003,0.0
1995-12-25 09:00:00,1.95,0.0
1995-12-26 00:00:00,1.4166666666666665,0.0
1995-12-26 00:00:00,0.8833333333333333,0.0
1995-12-26 09:00:00,0.3500000000000001,0.0
1995-12-27 00:00:00,0.26666666666666666,0.0
1995-12-27 00:00:00,0.18333333333333326,0.0
1995-12-27 09:00:00,0.0999999999999999,0.1
1995-12-28 00:00:00,-0.4833333333333334,0.2
1995-12-28 00:00:00,-1.0666666666666667,0.2
1995-12-28 09:00:00,-1.65,0.1
1995-12-29 00:00:00,-1.45,0.0
1995-12-29 00:00:00,-1.25,0.0
1995-12-29 09:00:00,-1.05,0.0
1995-12-30 00:00:00,-0.5,0.0
1995-12-30 00:00:00,0.050000000000000044,0.0
1995-12-30 09:00:00,0.6000000000000001,4.2
1995-12-31 00:00:00,0.8833333333333333,8.4
1995-12-31 00:00:00,1.1666666666666665,8.4
1995-12-31 09:00:00,1.45,4.2
1996-01-01 00:00:00,1.9833333333333334,0.0
1996-01-01 00:00:00,2.5166666666666666,0.0
1996-01-01 09:00:00,3.05,0.1
1996-01-02 00:00:00,3.5833333333333335,0.2
1996-01-02 00:00:00,4.116666666666667,0.2
1996-01-02 09:00:00,4.65,0.1
1996-01-03 00:00:00,5.016666666666667,0.0
1996-01-03 00:00:00,5.383333333333334,0.0
1996-01-03 09:00:00,5.75,0.0
1996-01-04 00:00:00,5.45,0.0
1996-01-04 00:00:00,5.1499999999999995,0.0
1996-01-04 09:00:00,4.85,1.1
1996-01-05 00:00:00,5.3999999999999995,2.2
1996-01-05 00:00:00,5.95,2.2
1996-01-05 09:00:00,6.5,4.7
1996-01-06 00:00:00,6.783333333333333,7.2
1996-01-06 00:00:00,7.066666666666666,7.2
1996-01-06 09:00:00,7.35,6.5
1996-01-07 00:00:00,7.733333333333333,5.8
1996-01-07 00:00:00,8.116666666666667,5.8
1996-01-07 09:00:00,8.5,2.9
1996-01-08 00:00:00,8.933333333333334,0.0
1996-01-08 00:00:00,9.366666666666667,0.0
1996-01-08 09:00:00,9.8,10.1
1996-01-09 00:00:00,10.066666666666666,20.2
1996-01-09 00:00:00,10.333333333333334,20.2
1996-01-09 09:00:00,10.6,10.1
1996-01-10 00:00:00,10.283333333333333,0.0
1996-01-10 00:00:00,9.966666666666667,0.0
1996-01-10 09:00:00,9.65,0.0
1996-01-11 00:00:00,9.466666666666667,0.0
1996-01-11 00:00:00,9.283333333333333,0.0
1996-01-11 09:00:00,9.1,0.9
1996-01-12 00:00:00,9.25,1.8
1996-01-12 00:00:00,9.4,1.8
1996-01-12 09:00:00,9.55,1.1
1996-01-13 00:00:00,10.05,0.4
1996-01-13 00:00:00,10.55,0.4
1996-01-13 09:00:00,11.05,0.2
1996-01-14 00:00:00,10.65,0.0
1996-01-14 00:00:00,10.25,0.0
1996-01-14 09:00:00,9.85,0.0
1996-01-15 00:00:00,9.549999999999999,0.0
1996-01-15 00:00:00,9.25,0.0
1996-01-15 09:00:00,8.95,0.0
1996-01-16 00:00:00,8.633333333333333,0.0
1996-01-16 00:00:00,8.316666666666666,0.0
1996-01-16 09:00:00,8.0,0.0
1996-01-17 00:00:00,8.166666666666666,0.0
1996-01-17 00:00:00,8.333333333333334,0.0
1996-01-17 09:00:00,8.5,0.0
1996-01-18 00:00:00,8.133333333333333,0.0
1996-01-18 00:00:00,7.766666666666666,0.0
1996-01-18 09:00:00,7.399999999999999,0.0
1996-01-19 00:00:00,6.716666666666666,0.0
1996-01-19 00:00:00,6.033333333333332,0.0
1996-01-19 09:00:00,5.35,0.0
1996-01-20 00:00:00,5.516666666666667,0.0
1996-01-20 00:00:00,5.683333333333333,0.0
1996-01-20 09:00:00,5.85,0.0
1996-01-21 00:00:00,4.85,0.0
1996-01-21 00:00:00,3.8499999999999996,0.0
1996-01-21 09:00:00,2.85,0.0
1996-01-22 00:00:00,3.0833333333333335,0.0
1996-01-22 00:00:00,3.3166666666666664,0.0
1996-01-22 09:00:00,3.55,0.0
1996-01-23 00:00:00,4.2,0.0
1996-01-23 00:00:00,4.85,0.0
1996-01-23 09:00:00,5.5,3.7
1996-01-24 00:00:00,4.883333333333333,7.4
1996-01-24 00:00:00,4.266666666666667,7.4
1996-01-24 09:00:00,3.65,3.7
1996-01-25 00:00:00,3.2666666666666666,0.0
1996-01-25 00:00:00,2.8833333333333333,0.0
1996-01-25 09:00:00,2.5,0.0
1996-01-26 00:00:00,1.2833333333333334,0.0
1996-01-26 00:00:00,0.06666666666666687,0.0
1996-01-26 09:00:00,-1.15,0.0
1996-01-27 00:00:00,-1.5999999999999999,0.0
1996-01-27 00:00:00,-2.05,0.0
1996-01-27 09:00:00,-2.5,0.1
1996-01-28 00:00:00,-1.8333333333333335,0.2
1996-01-28 00:00:00,-1.1666666666666667,0.2
1996-01-28 09:00:00,-0.5,0.1
1996-01-29 00:00:00,0.09999999999999998,0.0
1996-01-29 00:00:00,0.7,0.0
1996-01-29 09:00:00,1.3,0.0
1996-01-30 00:00:00,1.3833333333333333,0.0
1996-01-30 00:00:00,1.4666666666666666,0.0
1996-01-30 09:00:00,1.5499999999999998,0.1
1996-01-31 00:00:00,1.8666666666666665,0.2
1996-01-31 00:00:00,2.183333333333333,0.2
1996-01-31 09:00:00,2.5,0.1
1996-02-01 00:00:00,2.533333333333333,0.0
1996-02-01 00:00:00,2.566666666666667,0.0
1996-02-01 09:00:00,2.6,0.0
1996-02-02 00:00:00,2.716666666666667,0.0
1996-02-02 00:00:00,2.8333333333333335,0.0
1996-02-02 09:00:00,2.95,0.0
1996-02-03 00:00:00,2.5,0.0
1996-02-03 00:00:00,2.0500000000000003,0.0
1996-02-03 09:00:00,1.6,0.0
1996-02-04 00:00:00,1.9666666666666668,0.0
1996-02-04 00:00:00,2.3333333333333335,0.0
1996-02-04 09:00:00,2.7,0.0
1996-02-05 00:00:00,2.6166666666666667,0.0
1996-02-05 00:00:00,2.5333333333333337,0.0
1996-02-05 09:00:00,2.45,0.0
1996-02-06 00:00:00,1.7833333333333337,0.0
1996-02-06 00:00:00,1.116666666666667,0.0
1996-02-06 09:00:00,0.45,0.0
1996-02-07 00:00:00,0.2166666666666667,0.0
1996-02-07 00:00:00,-0.016666666666666607,0.0
1996-02-07 09:00:00,-0.25,0.0
1996-02-08 00:00:00,-0.01666666666666669,0.0
1996-02-08 00:00:00,0.21666666666666662,0.0
1996-02-08 09:00:00,0.4499999999999999,0.1
1996-02-09 00:00:00,1.3666666666666667,0.2
1996-02-09 00:00:00,2.2833333333333337,0.2
1996-02-09 09:00:00,3.2,0.9000000000000001
1996-02-10 00:00:00,4.3500000000000005,1.6
1996-02-10 00:00:00,5.5,1.6
1996-02-10 09:00:00,6.65,1.5
1996-02-11 00:00:00,7.5,1.4
1996-02-11 00:00:00,8.35,1.4
1996-02-11 09:00:00,9.2,5.6
1996-02-12 00:00:00,8.799999999999999,9.8
1996-02-12 00:00:00,8.4,9.8
1996-02-12 09:00:00,8.0,5.6000000000000005
1996-02-13 00:00:00,6.7,1.4
1996-02-13 00:00:00,5.4,1.4
1996-02-13 09:00:00,4.1,0.7
1996-02-14 00:00:00,3.6333333333333333,0.0
1996-02-14 00:00:00,3.1666666666666665,0.0
1996-02-14 09:00:00,2.7,0.0
1996-02-15 00:00:00,2.6833333333333336,0.0
1996-02-15 00:00:00,2.666666666666667,0.0
1996-02-15 09:00:00,2.6500000000000004,0.0
1996-02-16 00:00:00,3.1833333333333336,0.0
1996-02-16 00:00:00,3.716666666666667,0.0
1996-02-16 09:00:00,4.25,0.0
1996-02-17 00:00:00,6.1499999999999995,0.0
1996-02-17 00:00:00,8.049999999999999,0.0
1996-02-17 09:00:00,9.95,2.7
1996-02-18 00:00:00,9.35,5.4
1996-02-18 00:00:00,8.75,5.4
1996-02-18 09:00:00,8.15,3.0
1996-02-19 00:00:00,7.133333333333334,0.6
1996-02-19 00:00:00,6.116666666666667,0.6
1996-02-19 09:00:00,5.1,0.3
1996-02-20 00:00:00,3.833333333333333,0.0
1996-02-20 00:00:00,2.5666666666666664,0.0
1996-02-20 09:00:00,1.3,0.3
1996-02-21 00:00:00,0.9833333333333334,0.6
1996-02-21 00:00:00,0.6666666666666666,0.6
1996-02-21 09:00:00,0.35,0.3
1996-02-22 00:00:00,0.4333333333333333,0.0
1996-02-22 00:00:00,0.5166666666666666,0.0
1996-02-22 09:00:00,0.5999999999999999,0.9
1996-02-23 00:00:00,1.2333333333333334,1.8
1996-02-23 00:00:00,1.8666666666666667,1.8
1996-02-23 09:00:00,2.5,1.5
1996-02-24 00:00:00,3.6833333333333336,1.2
1996-02-24 00:00:00,4.866666666666667,1.2
1996-02-24 09:00:00,6.05,5.4
1996-02-25 00:00:00,6.616666666666666,9.6
1996-02-25 00:00:00,7.183333333333334,9.6
1996-02-25 09:00:00,7.75,6.9
1996-02-26 00:00:00,6.816666666666666,4.2
1996-02-26 00:00:00,5.883333333333333,4.2
1996-02-26 09:00:00,4.949999999999999,2.1
1996-02-27 00:00:00,4.883333333333333,0.0
1996-02-27 00:00:00,4.816666666666666,0.0
1996-02-27 09:00:00,4.75,0.0
1996-02-28 00:00:00,5.3,0.0
1996-02-28 00:00:00,5.8500000000000005,0.0
1996-02-28 09:00:00,6.4,0.0
1996-02-29 00:00:00,6.216666666666667,0.0
1996-02-29 00:00:00,6.033333333333333,0.0
1996-02-29 09:00:00,5.85,0.0
1996-03-01 00:00:00,6.925,0.0
1996-03-01 09:00:00,8.0,0.3
1996-03-02 00:00:00,7.3,0.6
1996-03-02 09:00:00,6.6,0.5
1996-03-03 00:00:00,6.35,0.4
1996-03-03 09:00:00,6.1,0.5
1996-03-04 00:00:00,6.2749999999999995,0.6
1996-03-04 09:00:00,6.449999999999999,0.3
1996-03-05 00:00:00,6.6499999999999995,0.0
1996-03-05 09:00:00,6.85,0.1
1996-03-06 00:00:00,6.525,0.2
1996-03-06 09:00:00,6.2,0.1
1996-03-07 00:00:00,6.575,0.0
1996-03-07 09:00:00,6.95,0.0
1996-03-08 00:00:00,5.6,0.0
1996-03-08 09:00:00,4.25,3.1
1996-03-09 00:00:00,4.15,6.2
1996-03-09 09:00:00,4.05,3.6
1996-03-10 00:00:00,4.75,1.0
1996-03-10 09:00:00,5.449999999999999,0.5
1996-03-11 00:00:00,5.0,0.0
1996-03-11 09:00:00,4.55,0.0
1996-03-12 00:00:00,4.175,0.0
1996-03-12 09:00:00,3.8,0.0
1996-03-13 00:00:00,2.7,0.0
1996-03-13 09:00:00,1.6,0.0
1996-03-14 00:00:00,1.625,0.0
1996-03-14 09:00:00,1.65,0.0
1996-03-15 00:00:00,2.575,0.0
1996-03-15 09:00:00,3.5,0.3
1996-03-16 00:00:00,5.775,0.6
1996-03-16 09:00:00,8.05,0.6
1996-03-17 00:00:00,6.825,0.6
1996-03-17 09:00:00,5.6,0.3
1996-03-18 00:00:00,6.925,0.0
1996-03-18 09:00:00,8.25,0.0
1996-03-19 00:00:00,7.6,0.0
1996-03-19 09:00:00,6.95,0.0
1996-03-20 00:00:00,5.875,0.0
1996-03-20 09:00:00,4.8,2.8
1996-03-21 00:00:00,4.925,5.6
1996-03-21 09:00:00,5.05,4.1
1996-03-22 00:00:00,6.675000000000001,2.6
1996-03-22 09:00:00,8.3,3.5
1996-03-23 00:00:00,8.975000000000001,4.4
1996-03-23 09:00:00,9.65,2.2
1996-03-24 00:00:00,10.475000000000001,0.0
1996-03-24 09:00:00,11.3,0.0
1996-03-25 00:00:00,8.925,0.0
1996-03-25 09:00:00,6.550000000000001,1.1
1996-03-26 00:00:00,7.3500000000000005,2.2
1996-03-26 09:00:00,8.15,1.4000000000000001
1996-03-27 00:00:00,4.575,0.6
1996-03-27 09:00:00,1.0,0.3
1996-03-28 00:00:00,2.6,0.0
1996-03-28 09:00:00,4.2,0.2
1996-03-29 00:00:00,5.125,0.4
1996-03-29 09:00:00,6.050000000000001,0.8
1996-03-30 00:00:00,5.925000000000001,1.2
1996-03-30 09:00:00,5.800000000000001,0.6
1996-03-31 00:00:00,6.1000000000000005,0.0
1996-03-31 09:00:00,6.4,0.0
1996-04-01 00:00:00,5.65,0.0
1996-04-01 00:00:00,4.9,0.0
1996-04-01 09:00:00,4.15,0.0
1996-04-02 00:00:00,3.975,0.0
1996-04-02 09:00:00,3.8,0.0
1996-04-03 00:00:00,4.55,0.0
1996-04-03 09:00:00,5.3,0.0
1996-04-04 00:00:00,5.075,0.0
1996-04-04 09:00:00,4.8500000000000005,0.0
1996-04-05 00:00:00,6.050000000000001,0.0
1996-04-05 09:00:00,7.25,0.0
1996-04-06 00:00:00,7.7,0.0
1996-04-06 09:00:00,8.15,0.0
1996-04-07 00:00:00,7.825,0.0
1996-04-07 09:00:00,7.5,0.0
1996-04-08 00:00:00,7.325,0.0
1996-04-08 09:00:00,7.15,0.0
1996-04-09 00:00:00,10.0,0.0
1996-04-09 09:00:00,12.85,0.0
1996-04-10 00:00:00,12.25,0.0
1996-04-10 09:00:00,11.65,0.2
1996-04-11 00:00:00,10.600000000000001,0.4
1996-04-11 09:00:00,9.55,0.5
1996-04-12 00:00:00,9.95,0.6
1996-04-12 09:00:00,10.35,5.2
1996-04-13 00:00:00,7.55,9.8
1996-04-13 09:00:00,4.75,4.9
1996-04-14 00:00:00,5.85,0.0
1996-04-14 09:00:00,6.949999999999999,0.0
1996-04-15 00:00:00,7.6499999999999995,0.0
1996-04-15 09:00:00,8.35,0.0
1996-04-16 00:00:00,11.05,0.0
1996-04-16 09:00:00,13.75,0.5
1996-04-17 00:00:00,14.175,1.0
1996-04-17 09:00:00,14.6,0.5
1996-04-18 00:00:00,13.125,0.0
1996-04-18 09:00:00,11.65,0.2
1996-04-19 00:00:00,11.95,0.4
1996-04-19 09:00:00,12.25,0.2
1996-04-20 00:00:00,12.9,0.0
1996-04-20 09:00:00,13.55,0.0
1996-04-21 00:00:00,15.475,0.0
1996-04-21 09:00:00,17.4,0.0
1996-04-22 00:00:00,16.75,0.0
1996-04-22 09:00:00,16.1,2.3
1996-04-23 00:00:00,13.625,4.6
1996-04-23 09:00:00,11.15,2.9
1996-04-24 00:00:00,10.775,1.2
1996-04-24 09:00:00,10.4,0.6
1996-04-25 00:00:00,10.75,0.0
1996-04-25 09:00:00,11.1,0.0
1996-04-26 00:00:00,11.825,0.0
1996-04-26 09:00:00,12.55,0.0
1996-04-27 00:00:00,13.5,0.0
1996-04-27 09:00:00,14.45,0.0
1996-04-28 00:00:00,15.125,0.0
1996-04-28 09:00:00,15.8,0.0
1996-04-29 00:00:00,13.175,0.0
1996-04-29 09:00:00,10.55,0.3
1996-04-30 00:00:00,9.75,0.6
1996-04-30 09:00:00,8.95,0.8
1996-05-01 00:00:00,9.055882352941175,1.0
1996-05-02 00:00:00,9.161764705882351,1.8
1996-05-03 00:00:00,9.26764705882353,0.0
1996-05-04 00:00:00,9.373529411764705,0.0
1996-05-05 00:00:00,9.479411764705882,0.0
1996-05-06 00:00:00,,0.0
1996-05-07 00:00:00,,0.0
1996-05-08 00:00:00,,0.0
1996-05-09 00:00:00,,0.0
1996-05-10 00:00:00,,0.0
1996-05-11 00:00:00,,0.2
1996-05-12 00:00:00,,0.0
1996-05-13 00:00:00,,0.0
1996-05-14 00:00:00,,0.0
1996-05-15 00:00:00,,0.0
1996-05-16 00:00:00,,0.0
1996-05-17 00:00:00,,7.8
1996-05-18 00:00:00,,0.8
1996-05-19 00:00:00,,0.6
1996-05-20 00:00:00,,0.0
1996-05-21 00:00:00,,0.2
1996-05-22 00:00:00,,0.8
1996-05-23 00:00:00,,3.8
1996-05-24 00:00:00,,1.2
1996-05-25 00:00:00,,5.0
1996-05-26 00:00:00,,0.0
1996-05-27 00:00:00,,2.2
1996-05-28 00:00:00,,0.0
1996-05-29 00:00:00,12.020588235294118,0.0
1996-05-30 00:00:00,12.126470588235295,0.0
1996-05-31 00:00:00,12.23235294117647,0.0
1996-06-01 00:00:00,12.338235294117649,0.4
1996-06-02 00:00:00,12.444117647058825,1.0
1996-06-02 09:00:00,12.55,0.5
1996-06-03 00:00:00,13.15,0.0
1996-06-03 09:00:00,13.75,0.0
1996-06-04 00:00:00,14.8,0.0
1996-06-04 09:00:00,15.85,0.0
1996-06-05 00:00:00,16.35,0.0
1996-06-05 09:00:00,16.85,0.0
1996-06-06 00:00:00,18.675,0.0
1996-06-06 09:00:00,20.5,0.0
1996-06-07 00:00:00,22.0,0.0
1996-06-07 09:00:00,23.5,1.1
1996-06-08 00:00:00,23.75,2.2
1996-06-08 09:00:00,24.0,1.1
1996-06-09 00:00:00,20.575,0.0
1996-06-09 09:00:00,17.15,0.0
1996-06-10 00:00:00,17.375,0.0
1996-06-10 09:00:00,17.6,0.0
1996-06-11 00:00:00,18.200000000000003,0.0
1996-06-11 09:00:00,18.8,0.0
1996-06-12 00:00:00,18.75,0.0
1996-06-12 09:00:00,18.7,0.0
1996-06-13 00:00:00,17.45,0.0
1996-06-13 09:00:00,16.2,0.0
1996-06-14 00:00:00,16.375,0.0
1996-06-14 09:00:00,16.55,0.0
1996-06-15 00:00:00,16.3,0.0
1996-06-15 09:00:00,16.05,0.0
1996-06-16 00:00:00,16.35,0.0
1996-06-16 09:00:00,16.65,0.0
1996-06-17 00:00:00,17.65,0.0
1996-06-17 09:00:00,18.65,0.0
1996-06-18 00:00:00,19.65,0.0
1996-06-18 09:00:00,20.65,0.0
1996-06-19 00:00:00,18.95,0.0
1996-06-19 09:00:00,17.25,0.1
1996-06-20 00:00:00,16.75,0.2
1996-06-20 09:00:00,16.25,0.1
1996-06-21 00:00:00,14.75,0.0
1996-06-21 09:00:00,13.25,0.0
1996-06-22 00:00:00,13.525,0.0
1996-06-22 09:00:00,13.8,0.0
1996-06-23 00:00:00,13.3,0.0
1996-06-23 09:00:00,12.8,0.0
1996-06-24 00:00:00,14.275,0.0
1996-06-24 09:00:00,15.75,0.0
1996-06-25 00:00:00,16.275,0.0
1996-06-25 09:00:00,16.8,0.0
1996-06-26 00:00:00,18.200000000000003,0.0
1996-06-26 09:00:00,19.6,0.0
1996-06-27 00:00:00,20.125,0.0
1996-06-27 09:00:00,20.65,0.1
1996-06-28 00:00:00,19.725,0.2
1996-06-28 09:00:00,18.8,1.0
1996-06-29 00:00:00,17.1,1.8
1996-06-29 09:00:00,15.4,0.9
1996-06-30 00:00:00,14.975000000000001,0.0
1996-06-30 09:00:00,14.55,0.0
1996-07-01 00:00:00,15.9,0.0
1996-07-01 09:00:00,17.25,0.9
1996-07-02 00:00:00,16.28333333333333,1.8
1996-07-02 00:00:00,15.316666666666666,1.8
1996-07-02 09:00:00,14.35,0.9
1996-07-03 00:00:00,14.95,0.0
1996-07-03 00:00:00,15.549999999999999,0.0
1996-07-03 09:00:00,16.15,0.3
1996-07-04 00:00:00,15.649999999999999,0.6
1996-07-04 00:00:00,15.15,0.6
1996-07-04 09:00:00,14.65,3.2
1996-07-05 00:00:00,14.9,5.8
1996-07-05 00:00:00,15.15,5.8
1996-07-05 09:00:00,15.4,9.4
1996-07-06 00:00:00,15.55,13.0
1996-07-06 00:00:00,15.7,13.0
1996-07-06 09:00:00,15.85,6.5
1996-07-07 00:00:00,15.666666666666666,0.0
1996-07-07 00:00:00,15.483333333333334,0.0
1996-07-07 09:00:00,15.3,0.0
1996-07-08 00:00:00,15.366666666666667,0.0
1996-07-08 00:00:00,15.433333333333334,0.0
1996-07-08 09:00:00,15.5,0.0
1996-07-09 00:00:00,15.700000000000001,0.0
1996-07-09 00:00:00,15.9,0.0
1996-07-09 09:00:00,16.1,0.0
1996-07-10 00:00:00,16.183333333333334,0.0
1996-07-10 00:00:00,16.26666666666667,0.0
1996-07-10 09:00:00,16.35,0.0
1996-07-11 00:00:00,17.733333333333334,0.0
1996-07-11 00:00:00,19.116666666666667,0.0
1996-07-11 09:00:00,20.5,0.0
1996-07-12 00:00:00,20.466666666666665,0.0
1996-07-12 00:00:00,20.433333333333334,0.0
1996-07-12 09:00:00,20.4,0.0
1996-07-13 00:00:00,20.23333333333333,0.0
1996-07-13 00:00:00,20.066666666666666,0.0
1996-07-13 09:00:00,19.9,0.0
1996-07-14 00:00:00,20.3,0.0
1996-07-14 00:00:00,20.7,0.0
1996-07-14 09:00:00,21.1,0.0
1996-07-15 00:00:00,20.25,0.0
1996-07-15 00:00:00,19.400000000000002,0.0
1996-07-15 09:00:00,18.55,0.0
1996-07-16 00:00:00,18.616666666666667,0.0
1996-07-16 00:00:00,18.683333333333334,0.0
1996-07-16 09:00:00,18.75,0.0
1996-07-17 00:00:00,18.0,0.0
1996-07-17 00:00:00,17.25,0.0
1996-07-17 09:00:00,16.5,0.0
1996-07-18 00:00:00,16.7,0.0
1996-07-18 00:00:00,16.900000000000002,0.0
1996-07-18 09:00:00,17.1,0.0
1996-07-19 00:00:00,18.25,0.0
1996-07-19 00:00:00,19.400000000000002,0.0
1996-07-19 09:00:00,20.55,0.0
1996-07-20 00:00:00,20.05,0.0
1996-07-20 00:00:00,19.55,0.0
1996-07-20 09:00:00,19.05,0.0
1996-07-21 00:00:00,19.633333333333333,0.0
1996-07-21 00:00:00,20.21666666666667,0.0
1996-07-21 09:00:00,20.8,0.0
1996-07-22 00:00:00,21.1,0.0
1996-07-22 00:00:00,21.4,0.0
1996-07-22 09:00:00,21.7,0.0
1996-07-23 00:00:00,23.099999999999998,0.0
1996-07-23 00:00:00,24.5,0.0
1996-07-23 09:00:00,25.9,4.7
1996-07-24 00:00:00,24.349999999999998,9.4
1996-07-24 00:00:00,22.8,9.4
1996-07-24 09:00:00,21.25,5.5
1996-07-25 00:00:00,19.783333333333335,1.6
1996-07-25 00:00:00,18.316666666666666,1.6
1996-07-25 09:00:00,16.85,0.8
1996-07-26 00:00:00,17.916666666666668,0.0
1996-07-26 00:00:00,18.983333333333334,0.0
1996-07-26 09:00:00,20.05,0.8
1996-07-27 00:00:00,20.650000000000002,1.6
1996-07-27 00:00:00,21.25,1.6
1996-07-27 09:00:00,21.85,1.2000000000000002
1996-07-28 00:00:00,21.25,0.8
1996-07-28 00:00:00,20.650000000000002,0.8
1996-07-28 09:00:00,20.05,0.7
1996-07-29 00:00:00,20.166666666666668,0.6
1996-07-29 00:00:00,20.28333333333333,0.6
1996-07-29 09:00:00,20.4,1.2999999999999998
1996-07-30 00:00:00,20.333333333333332,2.0
1996-07-30 00:00:00,20.26666666666667,2.0
1996-07-30 09:00:00,20.200000000000003,2.0
1996-07-31 00:00:00,20.000000000000004,2.0
1996-07-31 00:00:00,19.8,2.0
1996-07-31 09:00:00,19.6,1.0
1996-08-01 00:00:00,19.333333333333336,0.0
1996-08-01 00:00:00,19.066666666666666,0.0
1996-08-01 09:00:00,18.8,0.0
1996-08-02 00:00:00,18.216666666666665,0.0
1996-08-02 00:00:00,17.633333333333333,0.0
1996-08-02 09:00:00,17.049999999999997,0.0
1996-08-03 00:00:00,17.03333333333333,0.0
1996-08-03 00:00:00,17.016666666666666,0.0
1996-08-03 09:00:00,17.0,0.0
1996-08-04 00:00:00,17.383333333333333,0.0
1996-08-04 00:00:00,17.766666666666666,0.0
1996-08-04 09:00:00,18.15,0.0
1996-08-05 00:00:00,18.73333333333333,0.0
1996-08-05 00:00:00,19.316666666666666,0.0
1996-08-05 09:00:00,19.9,0.0
1996-08-06 00:00:00,20.616666666666667,0.0
1996-08-06 00:00:00,21.333333333333332,0.0
1996-08-06 09:00:00,22.05,0.2
1996-08-07 00:00:00,20.633333333333333,0.4
1996-08-07 00:00:00,19.21666666666667,0.4
1996-08-07 09:00:00,17.8,0.2
1996-08-08 00:00:00,17.7,0.0
1996-08-08 00:00:00,17.6,0.0
1996-08-08 09:00:00,17.5,0.0
1996-08-09 00:00:00,17.95,0.0
1996-08-09 00:00:00,18.400000000000002,0.0
1996-08-09 09:00:00,18.85,1.3
1996-08-10 00:00:00,18.733333333333334,2.6
1996-08-10 00:00:00,18.616666666666667,2.6
1996-08-10 09:00:00,18.5,3.8
1996-08-11 00:00:00,18.6,5.0
1996-08-11 00:00:00,18.7,5.0
1996-08-11 09:00:00,18.8,7.8
1996-08-12 00:00:00,18.35,10.6
1996-08-12 00:00:00,17.9,10.6
1996-08-12 09:00:00,17.45,5.5
1996-08-13 00:00:00,17.849999999999998,0.4
1996-08-13 00:00:00,18.25,0.4
1996-08-13 09:00:00,18.65,0.2
1996-08-14 00:00:00,18.8,0.0
1996-08-14 00:00:00,18.95,0.0
1996-08-14 09:00:00,19.1,0.0
1996-08-15 00:00:00,18.6,0.0
1996-08-15 00:00:00,18.1,0.0
1996-08-15 09:00:00,17.6,0.0
1996-08-16 00:00:00,17.583333333333332,0.0
1996-08-16 00:00:00,17.566666666666666,0.0
1996-08-16 09:00:00,17.549999999999997,0.0
1996-08-17 00:00:00,18.416666666666664,0.0
1996-08-17 00:00:00,19.28333333333333,0.0
1996-08-17 09:00:00,20.15,0.0
1996-08-18 00:00:00,20.48333333333333,0.0
1996-08-18 00:00:00,20.816666666666666,0.0
1996-08-18 09:00:00,21.15,0.0
1996-08-19 00:00:00,21.95,0.0
1996-08-19 00:00:00,22.75,0.0
1996-08-19 09:00:00,23.55,0.0
1996-08-20 00:00:00,23.733333333333334,0.0
1996-08-20 00:00:00,23.916666666666668,0.0
1996-08-20 09:00:00,24.1,0.1
1996-08-21 00:00:00,22.6,0.2
1996-08-21 00:00:00,21.1,0.2
1996-08-21 09:00:00,19.6,0.1
1996-08-22 00:00:00,19.366666666666667,0.0
1996-08-22 00:00:00,19.133333333333333,0.0
1996-08-22 09:00:00,18.9,8.7
1996-08-23 00:00:00,18.849999999999998,17.4
1996-08-23 00:00:00,18.8,17.4
1996-08-23 09:00:00,18.75,9.7
1996-08-24 00:00:00,18.45,2.0
1996-08-24 00:00:00,18.150000000000002,2.0
1996-08-24 09:00:00,17.85,2.1
1996-08-25 00:00:00,17.683333333333334,2.2
1996-08-25 00:00:00,17.51666666666667,2.2
1996-08-25 09:00:00,17.35,2.0
1996-08-26 00:00:00,16.733333333333334,1.8
1996-08-26 00:00:00,16.116666666666667,1.8
1996-08-26 09:00:00,15.5,0.9
1996-08-27 00:00:00,15.683333333333332,0.0
1996-08-27 00:00:00,15.866666666666665,0.0
1996-08-27 09:00:00,16.049999999999997,0.0
1996-08-28 00:00:00,16.349999999999998,0.0
1996-08-28 00:00:00,16.65,0.0
1996-08-28 09:00:00,16.95,1.6
1996-08-29 00:00:00,17.0,3.2
1996-08-29 00:00:00,17.05,3.2
1996-08-29 09:00:00,17.1,1.7000000000000002
1996-08-30 00:00:00,16.233333333333334,0.2
1996-08-30 00:00:00,15.366666666666667,0.2
1996-08-30 09:00:00,14.5,0.1
1996-08-31 00:00:00,14.4,0.0
1996-08-31 00:00:00,14.299999999999999,0.0
1996-08-31 09:00:00,14.2,0.0
1996-09-01 00:00:00,14.15,0.0
1996-09-01 00:00:00,14.1,0.0
1996-09-01 09:00:00,14.05,0.0
1996-09-02 00:00:00,15.3,0.0
1996-09-02 00:00:00,16.55,0.0
1996-09-02 09:00:00,17.8,1.2
1996-09-03 00:00:00,17.933333333333334,2.4
1996-09-03 00:00:00,18.066666666666666,2.4
1996-09-03 09:00:00,18.2,1.3
1996-09-04 00:00:00,18.216666666666665,0.2
1996-09-04 00:00:00,18.233333333333334,0.2
1996-09-04 09:00:00,18.25,0.1
1996-09-05 00:00:00,17.85,0.0
1996-09-05 00:00:00,17.45,0.0
1996-09-05 09:00:00,17.05,0.0
1996-09-06 00:00:00,17.133333333333333,0.0
1996-09-06 00:00:00,17.21666666666667,0.0
1996-09-06 09:00:00,17.3,0.0
1996-09-07 00:00:00,17.25,0.0
1996-09-07 00:00:00,17.2,0.0
1996-09-07 09:00:00,17.15,0.0
1996-09-08 00:00:00,17.183333333333334,0.0
1996-09-08 00:00:00,17.216666666666665,0.0
1996-09-08 09:00:00,17.25,0.0
1996-09-09 00:00:00,17.083333333333332,0.0
1996-09-09 00:00:00,16.916666666666668,0.0
1996-09-09 09:00:00,16.75,0.0
1996-09-10 00:00:00,16.366666666666667,0.0
1996-09-10 00:00:00,15.983333333333333,0.0
1996-09-10 09:00:00,15.6,0.0
1996-09-11 00:00:00,14.799999999999999,0.0
1996-09-11 00:00:00,14.0,0.0
1996-09-11 09:00:00,13.2,0.1
1996-09-12 00:00:00,14.216666666666667,0.2
1996-09-12 00:00:00,15.233333333333333,0.2
1996-09-12 09:00:00,16.25,0.1
1996-09-13 00:00:00,15.233333333333333,0.0
1996-09-13 00:00:00,14.216666666666667,0.0
1996-09-13 09:00:00,13.2,0.0
1996-09-14 00:00:00,13.266666666666666,0.0
1996-09-14 00:00:00,13.333333333333334,0.0
1996-09-14 09:00:00,13.4,0.0
1996-09-15 00:00:00,13.516666666666667,0.0
1996-09-15 00:00:00,13.633333333333333,0.0
1996-09-15 09:00:00,13.75,0.0
1996-09-16 00:00:00,14.45,0.0
1996-09-16 00:00:00,15.15,0.0
1996-09-16 09:00:00,15.85,0.0
1996-09-17 00:00:00,16.133333333333333,0.0
1996-09-17 00:00:00,16.416666666666664,0.0
1996-09-17 09:00:00,16.7,0.0
1996-09-18 00:00:00,16.266666666666666,0.0
1996-09-18 00:00:00,15.833333333333334,0.0
1996-09-18 09:00:00,15.4,1.3
1996-09-19 00:00:00,14.683333333333334,2.6
1996-09-19 00:00:00,13.966666666666667,2.6
1996-09-19 09:00:00,13.25,2.4000000000000004
1996-09-20 00:00:00,13.083333333333334,2.2
1996-09-20 00:00:00,12.916666666666666,2.2
1996-09-20 09:00:00,12.75,1.1
1996-09-21 00:00:00,13.0,0.0
1996-09-21 00:00:00,13.25,0.0
1996-09-21 09:00:00,13.5,0.0
1996-09-22 00:00:00,13.6,0.0
1996-09-22 00:00:00,13.700000000000001,0.0
1996-09-22 09:00:00,13.8,0.0
1996-09-23 00:00:00,13.65,0.0
1996-09-23 00:00:00,13.5,0.0
1996-09-23 09:00:00,13.35,0.6
1996-09-24 00:00:00,12.4,1.2
1996-09-24 00:00:00,11.45,1.2
1996-09-24 09:00:00,10.5,0.8
1996-09-25 00:00:00,11.9,0.4
1996-09-25 00:00:00,13.299999999999999,0.4
1996-09-25 09:00:00,14.7,0.2
1996-09-26 00:00:00,14.666666666666666,0.0
1996-09-26 00:00:00,14.633333333333333,0.0
1996-09-26 09:00:00,14.6,0.0
1996-09-27 00:00:00,14.7,0.0
1996-09-27 00:00:00,14.8,0.0
1996-09-27 09:00:00,14.9,0.1
1996-09-28 00:00:00,15.083333333333334,0.2
1996-09-28 00:00:00,15.266666666666666,0.2
1996-09-28 09:00:00,15.45,0.5
1996-09-29 00:00:00,16.0,0.8
1996-09-29 00:00:00,16.55,0.8
1996-09-29 09:00:00,17.1,2.0
1996-09-30 00:00:00,16.6,3.2
1996-09-30 00:00:00,16.1,3.2
1996-09-30 09:00:00,15.6,7.3
1996-10-01 00:00:00,14.466666666666667,11.4
1996-10-01 00:00:00,13.333333333333332,11.4
1996-10-01 09:00:00,12.2,5.7
1996-10-02 00:00:00,12.016666666666666,0.0
1996-10-02 00:00:00,11.833333333333334,0.0
1996-10-02 09:00:00,11.65,0.0
1996-10-03 00:00:00,12.25,0.0
1996-10-03 00:00:00,12.85,0.0
1996-10-03 09:00:00,13.45,0.7
1996-10-04 00:00:00,13.266666666666666,1.4
1996-10-04 00:00:00,13.083333333333334,1.4
1996-10-04 09:00:00,12.9,1.2999999999999998
1996-10-05 00:00:00,12.166666666666666,1.2
1996-10-05 00:00:00,11.433333333333334,1.2
1996-10-05 09:00:00,10.7,0.8
1996-10-06 00:00:00,10.7,0.4
1996-10-06 00:00:00,10.7,0.4
1996-10-06 09:00:00,10.7,0.2
1996-10-07 00:00:00,10.883333333333333,0.0
1996-10-07 00:00:00,11.066666666666666,0.0
1996-10-07 09:00:00,11.25,0.0
1996-10-08 00:00:00,12.466666666666667,0.0
1996-10-08 00:00:00,13.683333333333334,0.0
1996-10-08 09:00:00,14.9,5.1
1996-10-09 00:00:00,14.333333333333334,10.2
1996-10-09 00:00:00,13.766666666666666,10.2
1996-10-09 09:00:00,13.2,5.1
1996-10-10 00:00:00,13.116666666666665,0.0
1996-10-10 00:00:00,13.033333333333333,0.0
1996-10-10 09:00:00,12.95,0.0
1996-10-11 00:00:00,12.216666666666667,0.0
1996-10-11 00:00:00,11.483333333333333,0.0
1996-10-11 09:00:00,10.75,0.0
1996-10-12 00:00:00,11.616666666666667,0.0
1996-10-12 00:00:00,12.483333333333333,0.0
1996-10-12 09:00:00,13.35,0.0
1996-10-13 00:00:00,13.416666666666666,0.0
1996-10-13 00:00:00,13.483333333333334,0.0
1996-10-13 09:00:00,13.55,0.0
1996-10-14 00:00:00,14.366666666666667,0.0
1996-10-14 00:00:00,15.183333333333334,0.0
1996-10-14 09:00:00,16.0,2.6
1996-10-15 00:00:00,15.783333333333333,5.2
1996-10-15 00:00:00,15.566666666666666,5.2
1996-10-15 09:00:00,15.35,2.6
1996-10-16 00:00:00,14.15,0.0
1996-10-16 00:00:00,12.95,0.0
1996-10-16 09:00:00,11.75,0.0
1996-10-17 00:00:00,11.466666666666667,0.0
1996-10-17 00:00:00,11.183333333333334,0.0
1996-10-17 09:00:00,10.9,1.3
1996-10-18 00:00:00,11.3,2.6
1996-10-18 00:00:00,11.7,2.6
1996-10-18 09:00:00,12.1,2.5
1996-10-19 00:00:00,12.1,2.4
1996-10-19 00:00:00,12.1,2.4
1996-10-19 09:00:00,12.1,1.2
1996-10-20 00:00:00,12.833333333333334,0.0
1996-10-20 00:00:00,13.566666666666666,0.0
1996-10-20 09:00:00,14.3,1.5
1996-10-21 00:00:00,14.283333333333333,3.0
1996-10-21 00:00:00,14.266666666666667,3.0
1996-10-21 09:00:00,14.25,1.5
1996-10-22 00:00:00,13.833333333333334,0.0
1996-10-22 00:00:00,13.416666666666666,0.0
1996-10-22 09:00:00,13.0,0.0
1996-10-23 00:00:00,13.25,0.0
1996-10-23 00:00:00,13.5,0.0
1996-10-23 09:00:00,13.75,0.0
1996-10-24 00:00:00,14.25,0.0
1996-10-24 00:00:00,14.75,0.0
1996-10-24 09:00:00,15.25,0.2
1996-10-25 00:00:00,15.566666666666666,0.4
1996-10-25 00:00:00,15.883333333333333,0.4
1996-10-25 09:00:00,16.2,0.8999999999999999
1996-10-26 00:00:00,15.166666666666666,1.4
1996-10-26 00:00:00,14.133333333333333,1.4
1996-10-26 09:00:00,13.1,3.0
1996-10-27 00:00:00,13.083333333333334,4.6
1996-10-27 00:00:00,13.066666666666666,4.6
1996-10-27 09:00:00,13.05,2.8
1996-10-28 00:00:00,13.65,1.0
1996-10-28 00:00:00,14.25,1.0
1996-10-28 09:00:00,14.85,1.5
1996-10-29 00:00:00,14.35,2.0
1996-10-29 00:00:00,13.85,2.0
1996-10-29 09:00:00,13.35,1.0
1996-10-30 00:00:00,11.783333333333333,0.0
1996-10-30 00:00:00,10.216666666666667,0.0
1996-10-30 09:00:00,8.65,1.1
1996-10-31 00:00:00,9.016666666666667,2.2
1996-10-31 00:00:00,9.383333333333333,2.2
1996-10-31 09:00:00,9.75,1.8
1996-11-01 00:00:00,10.5,1.4
1996-11-01 00:00:00,11.25,1.4
1996-11-01 09:00:00,12.0,0.7
1996-11-02 00:00:00,12.55,0.0
1996-11-02 00:00:00,13.1,0.0
1996-11-02 09:00:00,13.65,2.1
1996-11-03 00:00:00,14.433333333333334,4.2
1996-11-03 00:00:00,15.216666666666667,4.2
1996-11-03 09:00:00,16.0,11.0
1996-11-04 00:00:00,15.683333333333334,17.8
1996-11-04 00:00:00,15.366666666666667,17.8
1996-11-04 09:00:00,15.05,8.9
1996-11-05 00:00:00,14.216666666666667,0.0
1996-11-05 00:00:00,13.383333333333335,0.0
1996-11-05 09:00:00,12.55,0.6
1996-11-06 00:00:00,12.5,1.2
1996-11-06 00:00:00,12.450000000000001,1.2
1996-11-06 09:00:00,12.4,0.8999999999999999
1996-11-07 00:00:00,12.15,0.6
1996-11-07 00:00:00,11.9,0.6
1996-11-07 09:00:00,11.65,0.3
1996-11-08 00:00:00,9.983333333333334,0.0
1996-11-08 00:00:00,8.316666666666666,0.0
1996-11-08 09:00:00,6.65,0.0
1996-11-09 00:00:00,7.05,0.0
1996-11-09 00:00:00,7.45,0.0
1996-11-09 09:00:00,7.85,9.1
1996-11-10 00:00:00,7.85,18.2
1996-11-10 00:00:00,7.85,18.2
1996-11-10 09:00:00,7.85,9.4
1996-11-11 00:00:00,6.55,0.6
1996-11-11 00:00:00,5.25,0.6
1996-11-11 09:00:00,3.95,0.3
1996-11-12 00:00:00,4.55,0.0
1996-11-12 00:00:00,5.15,0.0
1996-11-12 09:00:00,5.75,0.6
1996-11-13 00:00:00,5.916666666666667,1.2
1996-11-13 00:00:00,6.083333333333333,1.2
1996-11-13 09:00:00,6.25,0.6
1996-11-14 00:00:00,5.55,0.0
1996-11-14 00:00:00,4.8500000000000005,0.0
1996-11-14 09:00:00,4.15,0.1
1996-11-15 00:00:00,4.566666666666667,0.2
1996-11-15 00:00:00,4.983333333333333,0.2
1996-11-15 09:00:00,5.4,0.1
1996-11-16 00:00:00,5.266666666666667,0.0
1996-11-16 00:00:00,5.133333333333334,0.0
1996-11-16 09:00:00,5.0,0.6
1996-11-17 00:00:00,5.1,1.2
1996-11-17 00:00:00,5.2,1.2
1996-11-17 09:00:00,5.3,3.3999999999999995
1996-11-18 00:00:00,5.6,5.6
1996-11-18 00:00:00,5.9,5.6
1996-11-18 09:00:00,6.2,6.5
1996-11-19 00:00:00,5.066666666666666,7.4
1996-11-19 00:00:00,3.933333333333333,7.4
1996-11-19 09:00:00,2.8,9.5
1996-11-20 00:00:00,3.283333333333333,11.6
1996-11-20 00:00:00,3.7666666666666666,11.6
1996-11-20 09:00:00,4.25,6.2
1996-11-21 00:00:00,3.9833333333333334,0.8
1996-11-21 00:00:00,3.716666666666667,0.8
1996-11-21 09:00:00,3.45,0.4
1996-11-22 00:00:00,3.0833333333333335,0.0
1996-11-22 00:00:00,2.716666666666667,0.0
1996-11-22 09:00:00,2.35,0.3
1996-11-23 00:00:00,3.1166666666666667,0.6
1996-11-23 00:00:00,3.8833333333333337,0.6
1996-11-23 09:00:00,4.65,0.3
1996-11-24 00:00:00,4.050000000000001,0.0
1996-11-24 00:00:00,3.45,0.0
1996-11-24 09:00:00,2.85,6.3
1996-11-25 00:00:00,3.916666666666667,12.6
1996-11-25 00:00:00,4.983333333333334,12.6
1996-11-25 09:00:00,6.050000000000001,6.3999999999999995
1996-11-26 00:00:00,6.366666666666667,0.2
1996-11-26 00:00:00,6.683333333333334,0.2
1996-11-26 09:00:00,7.0,0.1
1996-11-27 00:00:00,6.183333333333334,0.0
1996-11-27 00:00:00,5.366666666666666,0.0
1996-11-27 09:00:00,4.55,0.0
1996-11-28 00:00:00,4.183333333333334,0.0
1996-11-28 00:00:00,3.816666666666667,0.0
1996-11-28 09:00:00,3.45,2.8
1996-11-29 00:00:00,4.166666666666667,5.6
1996-11-29 00:00:00,4.883333333333334,5.6
1996-11-29 09:00:00,5.6000000000000005,3.3
1996-11-30 00:00:00,6.45,1.0
1996-11-30 00:00:00,7.299999999999999,1.0
1996-11-30 09:00:00,8.149999999999999,0.9
1996-12-01 00:00:00,7.833333333333332,0.8
1996-12-01 00:00:00,7.516666666666666,0.8
1996-12-01 09:00:00,7.199999999999999,0.5
1996-12-02 00:00:00,7.699999999999999,0.2
1996-12-02 00:00:00,8.2,0.2
1996-12-02 09:00:00,8.7,3.5
1996-12-03 00:00:00,8.333333333333332,6.8
1996-12-03 00:00:00,7.966666666666666,6.8
1996-12-03 09:00:00,7.6,3.5
1996-12-04 00:00:00,7.7,0.2
1996-12-04 00:00:00,7.8,0.2
1996-12-04 09:00:00,7.9,0.1
1996-12-05 00:00:00,6.95,0.0
1996-12-05 00:00:00,6.0,0.0
1996-12-05 09:00:00,5.05,0.1
1996-12-06 00:00:00,5.133333333333333,0.2
1996-12-06 00:00:00,5.216666666666667,0.2
1996-12-06 09:00:00,5.3,0.1
1996-12-07 00:00:00,4.8,0.0
1996-12-07 00:00:00,4.3,0.0
1996-12-07 09:00:00,3.8,0.0
1996-12-08 00:00:00,4.416666666666667,0.0
1996-12-08 00:00:00,5.033333333333333,0.0
1996-12-08 09:00:00,5.65,0.0
1996-12-09 00:00:00,5.383333333333334,0.0
1996-12-09 00:00:00,5.116666666666666,0.0
1996-12-09 09:00:00,4.85,0.0
1996-12-10 00:00:00,4.583333333333333,0.0
1996-12-10 00:00:00,4.316666666666666,0.0
1996-12-10 09:00:00,4.05,0.0
1996-12-11 00:00:00,4.083333333333333,0.0
1996-12-11 00:00:00,4.116666666666667,0.0
1996-12-11 09:00:00,4.15,0.0
1996-12-12 00:00:00,4.116666666666667,0.0
1996-12-12 00:00:00,4.083333333333333,0.0
1996-12-12 09:00:00,4.05,0.0
1996-12-13 00:00:00,3.9,0.0
1996-12-13 00:00:00,3.75,0.0
1996-12-13 09:00:00,3.6,0.3
1996-12-14 00:00:00,3.0,0.6
1996-12-14 00:00:00,2.4,0.6
1996-12-14 09:00:00,1.7999999999999998,0.3
1996-12-15 00:00:00,2.183333333333333,0.0
1996-12-15 00:00:00,2.566666666666667,0.0
1996-12-15 09:00:00,2.95,0.0
1996-12-16 00:00:00,4.533333333333333,0.0
1996-12-16 00:00:00,6.116666666666667,0.0
1996-12-16 09:00:00,7.7,0.1
1996-12-17 00:00:00,7.333333333333333,0.2
1996-12-17 00:00:00,6.966666666666667,0.2
1996-12-17 09:00:00,6.6,0.5
1996-12-18 00:00:00,6.916666666666666,0.8
1996-12-18 00:00:00,7.233333333333333,0.8
1996-12-18 09:00:00,7.55,1.9000000000000001
1996-12-19 00:00:00,8.3,3.0
1996-12-19 00:00:00,9.05,3.0
1996-12-19 09:00:00,9.8,1.8
1996-12-20 00:00:00,9.083333333333334,0.6
1996-12-20 00:00:00,8.366666666666667,0.6
1996-12-20 09:00:00,7.65,0.8
1996-12-21 00:00:00,7.0,1.0
1996-12-21 00:00:00,6.3500000000000005,1.0
1996-12-21 09:00:00,5.7,0.5
1996-12-22 00:00:00,4.983333333333333,0.0
1996-12-22 00:00:00,4.266666666666667,0.0
1996-12-22 09:00:00,3.55,0.0
1996-12-23 00:00:00,3.6999999999999997,0.0
1996-12-23 00:00:00,3.85,0.0
1996-12-23 09:00:00,4.0,0.0
1996-12-24 00:00:00,3.45,0.0
1996-12-24 00:00:00,2.9000000000000004,0.0
1996-12-24 09:00:00,2.35,0.1
1996-12-25 00:00:00,2.066666666666667,0.2
1996-12-25 00:00:00,1.7833333333333332,0.2
1996-12-25 09:00:00,1.5,0.1
1996-12-26 00:00:00,1.7,0.0
1996-12-26 00:00:00,1.9000000000000001,0.0
1996-12-26 09:00:00,2.1,0.3
1996-12-27 00:00:00,1.5666666666666669,0.6
1996-12-27 00:00:00,1.0333333333333334,0.6
1996-12-27 09:00:00,0.5,0.6
1996-12-28 00:00:00,0.95,0.6
1996-12-28 00:00:00,1.4,0.6
1996-12-28 09:00:00,1.85,0.3
1996-12-29 00:00:00,1.25,0.0
1996-12-29 00:00:00,0.6499999999999999,0.0
1996-12-29 09:00:00,0.0499999999999999,0.4
1996-12-30 00:00:00,0.7,0.8
1996-12-30 00:00:00,1.3499999999999999,0.8
1996-12-30 09:00:00,2.0,0.4
1996-12-31 00:00:00,1.4333333333333331,0.0
1996-12-31 00:00:00,0.8666666666666665,0.0
1996-12-31 09:00:00,0.2999999999999998,0.0
1997-01-01 00:00:00,-0.4500000000000002,0.0
1997-01-01 00:00:00,-1.2000000000000002,0.0
1997-01-01 09:00:00,-1.95,0.0
1997-01-02 00:00:00,-2.1833333333333336,0.0
1997-01-02 00:00:00,-2.416666666666667,0.0
1997-01-02 09:00:00,-2.6500000000000004,0.0
1997-01-03 00:00:00,-2.25,0.0
1997-01-03 00:00:00,-1.85,0.0
1997-01-03 09:00:00,-1.45,0.0
1997-01-04 00:00:00,-1.2666666666666666,0.0
1997-01-04 00:00:00,-1.0833333333333333,0.0
1997-01-04 09:00:00,-0.8999999999999999,0.1
1997-01-05 00:00:00,-0.4166666666666666,0.2
1997-01-05 00:00:00,0.06666666666666676,0.2
1997-01-05 09:00:00,0.55,0.1
1997-01-06 00:00:00,0.8166666666666667,0.0
1997-01-06 00:00:00,1.0833333333333335,0.0
1997-01-06 09:00:00,1.35,0.0
1997-01-07 00:00:00,1.15,0.0
1997-01-07 00:00:00,0.95,0.0
1997-01-07 09:00:00,0.7499999999999999,0.0
1997-01-08 00:00:00,0.016666666666666496,0.0
1997-01-08 00:00:00,-0.7166666666666669,0.0
1997-01-08 09:00:00,-1.4500000000000002,0.0
1997-01-09 00:00:00,-1.2666666666666668,0.0
1997-01-09 00:00:00,-1.0833333333333335,0.0
1997-01-09 09:00:00,-0.9,0.5
1997-01-10 00:00:00,-0.41666666666666663,1.0
1997-01-10 00:00:00,0.06666666666666676,1.0
1997-01-10 09:00:00,0.55,0.5
1997-01-11 00:00:00,0.45,0.0
1997-01-11 00:00:00,0.35,0.0
1997-01-11 09:00:00,0.2499999999999999,0.2
1997-01-12 00:00:00,1.5499999999999998,0.4
1997-01-12 00:00:00,2.85,0.4
1997-01-12 09:00:00,4.15,0.2
1997-01-13 00:00:00,4.916666666666667,0.0
1997-01-13 00:00:00,5.683333333333333,0.0
1997-01-13 09:00:00,6.449999999999999,0.0
1997-01-14 00:00:00,5.8999999999999995,0.0
1997-01-14 00:00:00,5.35,0.0
1997-01-14 09:00:00,4.8,0.0
1997-01-15 00:00:00,4.3,0.0
1997-01-15 00:00:00,3.8,0.0
1997-01-15 09:00:00,3.3,0.1
1997-01-16 00:00:00,2.55,0.2
1997-01-16 00:00:00,1.7999999999999998,0.2
1997-01-16 09:00:00,1.0499999999999998,0.1
1997-01-17 00:00:00,2.3499999999999996,0.0
1997-01-17 00:00:00,3.6499999999999995,0.0
1997-01-17 09:00:00,4.949999999999999,0.4
1997-01-18 00:00:00,5.55,0.8
1997-01-18 00:00:00,6.1499999999999995,0.8
1997-01-18 09:00:00,6.75,1.7999999999999998
1997-01-19 00:00:00,6.566666666666666,2.8
1997-01-19 00:00:00,6.383333333333334,2.8
1997-01-19 09:00:00,6.2,1.4
1997-01-20 00:00:00,5.766666666666667,0.0
1997-01-20 00:00:00,5.333333333333334,0.0
1997-01-20 09:00:00,4.9,0.0
1997-01-21 00:00:00,5.083333333333334,0.0
1997-01-21 00:00:00,5.266666666666667,0.0
1997-01-21 09:00:00,5.45,2.5
1997-01-22 00:00:00,4.933333333333334,5.0
1997-01-22 00:00:00,4.416666666666667,5.0
1997-01-22 09:00:00,3.9,4.3
1997-01-23 00:00:00,4.816666666666666,3.6
1997-01-23 00:00:00,5.733333333333333,3.6
1997-01-23 09:00:00,6.65,1.8
1997-01-24 00:00:00,6.300000000000001,0.0
1997-01-24 00:00:00,5.95,0.0
1997-01-24 09:00:00,5.6000000000000005,0.0
1997-01-25 00:00:00,6.1000000000000005,0.0
1997-01-25 00:00:00,6.6,0.0
1997-01-25 09:00:00,7.1,0.0
1997-01-26 00:00:00,6.45,0.0
1997-01-26 00:00:00,5.8,0.0
1997-01-26 09:00:00,5.15,0.0
1997-01-27 00:00:00,4.933333333333334,0.0
1997-01-27 00:00:00,4.716666666666667,0.0
1997-01-27 09:00:00,4.5,0.0
1997-01-28 00:00:00,4.7,0.0
1997-01-28 00:00:00,4.8999999999999995,0.0
1997-01-28 09:00:00,5.1,0.1
1997-01-29 00:00:00,5.3,0.2
1997-01-29 00:00:00,5.5,0.2
1997-01-29 09:00:00,5.7,0.1
1997-01-30 00:00:00,5.4,0.0
1997-01-30 00:00:00,5.1,0.0
1997-01-30 09:00:00,4.8,0.0
1997-01-31 00:00:00,4.766666666666667,0.0
1997-01-31 00:00:00,4.7333333333333325,0.0
1997-01-31 09:00:00,4.699999999999999,0.0
1997-02-01 00:00:00,4.816666666666666,0.0
1997-02-01 00:00:00,4.933333333333334,0.0
1997-02-01 09:00:00,5.050000000000001,0.0
1997-02-02 00:00:00,5.025,0.0
1997-02-02 09:00:00,5.0,0.0
1997-02-03 00:00:00,4.15,0.0
1997-02-03 09:00:00,3.3,0.0
1997-02-04 00:00:00,4.075,0.0
1997-02-04 09:00:00,4.8500000000000005,3.3
1997-02-05 00:00:00,5.800000000000001,6.6
1997-02-05 09:00:00,6.75,3.3
1997-02-06 00:00:00,7.025,0.0
1997-02-06 09:00:00,7.300000000000001,0.0
1997-02-07 00:00:00,8.15,0.0
1997-02-07 09:00:00,9.0,1.0
1997-02-08 00:00:00,7.35,2.0
1997-02-08 09:00:00,5.699999999999999,1.0
1997-02-09 00:00:00,5.925,0.0
1997-02-09 09:00:00,6.15,0.1
1997-02-10 00:00:00,8.075,0.2
1997-02-10 09:00:00,10.0,1.9999999999999998
1997-02-11 00:00:00,8.775,3.8
1997-02-11 09:00:00,7.55,4.4
1997-02-12 00:00:00,8.575,5.0
1997-02-12 09:00:00,9.6,4.5
1997-02-13 00:00:00,8.85,4.0
1997-02-13 09:00:00,8.1,2.1
1997-02-14 00:00:00,6.55,0.2
1997-02-14 09:00:00,5.0,0.1
1997-02-15 00:00:00,4.85,0.0
1997-02-15 09:00:00,4.7,0.0
1997-02-16 00:00:00,5.9,0.0
1997-02-16 09:00:00,7.1,1.0
1997-02-17 00:00:00,6.925,2.0
1997-02-17 09:00:00,6.75,4.1
1997-02-18 00:00:00,7.7,6.2
1997-02-18 09:00:00,8.65,5.300000000000001
1997-02-19 00:00:00,7.375,4.4
1997-02-19 09:00:00,6.1,2.6
1997-02-20 00:00:00,7.425,0.8
1997-02-20 09:00:00,8.75,1.3
1997-02-21 00:00:00,9.375,1.8
1997-02-21 09:00:00,10.0,1.6
1997-02-22 00:00:00,10.55,1.4
1997-02-22 09:00:00,11.1,0.7999999999999999
1997-02-23 00:00:00,10.649999999999999,0.2
1997-02-23 09:00:00,10.2,0.7
1997-02-24 00:00:00,9.899999999999999,1.2
1997-02-24 09:00:00,9.6,1.7000000000000002
1997-02-25 00:00:00,9.825,2.2
1997-02-25 09:00:00,10.05,1.7000000000000002
1997-02-26 00:00:00,9.9,1.2
1997-02-26 09:00:00,9.75,1.1
1997-02-27 00:00:00,8.775,1.0
1997-02-27 09:00:00,7.8,1.4
1997-02-28 00:00:00,8.225,1.8
1997-02-28 09:00:00,8.65,1.9
1997-03-01 00:00:00,8.725000000000001,2.0
1997-03-01 09:00:00,8.8,1.1
1997-03-02 00:00:00,9.325,0.2
1997-03-02 09:00:00,9.85,0.1
1997-03-03 00:00:00,9.45,0.0
1997-03-03 09:00:00,9.05,0.6
1997-03-04 00:00:00,8.525,1.2
1997-03-04 09:00:00,8.0,1.2999999999999998
1997-03-05 00:00:00,8.55,1.4
1997-03-05 09:00:00,9.1,1.0
1997-03-06 00:00:00,8.899999999999999,0.6
1997-03-06 09:00:00,8.7,0.3
1997-03-07 00:00:00,8.85,0.0
1997-03-07 09:00:00,9.0,0.0
1997-03-08 00:00:00,9.55,0.0
1997-03-08 09:00:00,10.1,0.1
1997-03-09 00:00:00,9.975,0.2
1997-03-09 09:00:00,9.85,0.1
1997-03-10 00:00:00,9.274999999999999,0.0
1997-03-10 09:00:00,8.7,0.0
1997-03-11 00:00:00,9.2,0.0
1997-03-11 09:00:00,9.7,0.0
1997-03-12 00:00:00,9.75,0.0
1997-03-12 09:00:00,9.8,0.0
1997-03-13 00:00:00,11.05,0.0
1997-03-13 09:00:00,12.3,0.0
1997-03-14 00:00:00,11.675,0.0
1997-03-14 09:00:00,11.05,0.0
1997-03-15 00:00:00,11.5,0.0
1997-03-15 09:00:00,11.95,0.0
1997-03-16 00:00:00,12.625,0.0
1997-03-16 09:00:00,13.3,0.0
1997-03-17 00:00:00,12.225000000000001,0.0
1997-03-17 09:00:00,11.15,0.0
1997-03-18 00:00:00,11.850000000000001,0.0
1997-03-18 09:00:00,12.55,0.1
1997-03-19 00:00:00,11.775,0.2
1997-03-19 09:00:00,11.0,0.2
1997-03-20 00:00:00,9.55,0.2
1997-03-20 09:00:00,8.1,0.1
1997-03-21 00:00:00,9.175,0.0
1997-03-21 09:00:00,10.25,0.0
1997-03-22 00:00:00,8.9,0.0
1997-03-22 09:00:00,7.550000000000001,0.0
1997-03-23 00:00:00,8.55,0.0
1997-03-23 09:00:00,9.55,0.0
1997-03-24 00:00:00,9.275,0.0
1997-03-24 09:00:00,9.0,0.1
1997-03-25 00:00:00,8.3,0.2
1997-03-25 09:00:00,7.6,0.1
1997-03-26 00:00:00,9.675,0.0
1997-03-26 09:00:00,11.75,0.0
1997-03-27 00:00:00,10.85,0.0
1997-03-27 09:00:00,9.95,0.1
1997-03-28 00:00:00,10.75,0.2
1997-03-28 09:00:00,11.55,0.1
1997-03-29 00:00:00,9.875,0.0
1997-03-29 09:00:00,8.2,0.0
1997-03-30 00:00:00,8.274999999999999,0.0
1997-03-30 09:00:00,8.35,0.0
1997-03-31 00:00:00,8.7,0.0
1997-03-31 09:00:00,9.05,0.0
1997-04-01 00:00:00,9.65,0.0
1997-04-01 09:00:00,10.25,0.0
1997-04-02 00:00:00,10.8,0.0
1997-04-02 09:00:00,11.35,0.0
1997-04-03 00:00:00,12.05,0.0
1997-04-03 09:00:00,12.75,0.0
1997-04-04 00:00:00,11.175,0.0
1997-04-04 09:00:00,9.6,0.0
1997-04-05 00:00:00,10.125,0.0
1997-04-05 09:00:00,10.65,0.0
1997-04-06 00:00:00,11.775,0.0
1997-04-06 09:00:00,12.9,0.0
1997-04-07 00:00:00,10.95,0.0
1997-04-07 09:00:00,9.0,0.0
1997-04-08 00:00:00,9.075,0.0
1997-04-08 09:00:00,9.15,0.0
1997-04-09 00:00:00,10.15,0.0
1997-04-09 09:00:00,11.15,0.0
1997-04-10 00:00:00,11.850000000000001,0.0
1997-04-10 09:00:00,12.55,0.0
1997-04-11 00:00:00,13.325,0.0
1997-04-11 09:00:00,14.1,0.0
1997-04-12 00:00:00,11.75,0.0
1997-04-12 09:00:00,9.4,0.0
1997-04-13 00:00:00,9.850000000000001,0.0
1997-04-13 09:00:00,10.3,0.0
1997-04-14 00:00:00,11.175,0.0
1997-04-14 09:00:00,12.05,0.0
1997-04-15 00:00:00,11.350000000000001,0.0
1997-04-15 09:00:00,10.65,0.0
1997-04-16 00:00:00,9.55,0.0
1997-04-16 09:00:00,8.450000000000001,0.0
1997-04-17 00:00:00,9.725000000000001,0.0
1997-04-17 09:00:00,11.0,0.0
1997-04-18 00:00:00,9.85,0.0
1997-04-18 09:00:00,8.7,0.1
1997-04-19 00:00:00,9.05,0.2
1997-04-19 09:00:00,9.4,0.1
1997-04-20 00:00:00,7.800000000000001,0.0
1997-04-20 09:00:00,6.2,0.0
1997-04-21 00:00:00,5.35,0.0
1997-04-21 09:00:00,4.5,0.0
1997-04-22 00:00:00,7.125,0.0
1997-04-22 09:00:00,9.75,0.0
1997-04-23 00:00:00,9.425,0.0
1997-04-23 09:00:00,9.1,0.0
1997-04-24 00:00:00,9.649999999999999,0.0
1997-04-24 09:00:00,10.2,0.0
1997-04-25 00:00:00,11.2,0.0
1997-04-25 09:00:00,12.2,4.4
1997-04-26 00:00:00,11.25,8.8
1997-04-26 09:00:00,10.3,5.9
1997-04-27 00:00:00,10.875,3.0
1997-04-27 09:00:00,11.45,1.6
1997-04-28 00:00:00,13.024999999999999,0.2
1997-04-28 09:00:00,14.6,0.1
1997-04-29 00:00:00,14.75,0.0
1997-04-29 09:00:00,14.9,0.0
1997-04-30 00:00:00,13.55,0.0
1997-04-30 09:00:00,12.2,0.0
1997-05-01 00:00:00,13.149999999999999,0.0
1997-05-01 09:00:00,14.1,0.0
1997-05-02 00:00:00,15.125,0.0
1997-05-02 09:00:00,16.15,0.0
1997-05-03 00:00:00,17.325,0.0
1997-05-03 09:00:00,18.5,0.2
1997-05-04 00:00:00,18.75,0.4
1997-05-04 09:00:00,19.0,0.6000000000000001
1997-05-05 00:00:00,17.275,0.8
1997-05-05 09:00:00,15.55,5.1
1997-05-06 00:00:00,13.225000000000001,9.4
1997-05-06 09:00:00,10.9,4.7
1997-05-07 00:00:00,8.15,0.0
1997-05-07 09:00:00,5.4,2.0
1997-05-08 00:00:00,7.325,4.0
1997-05-08 09:00:00,9.25,3.4
1997-05-09 00:00:00,9.325,2.8
1997-05-09 09:00:00,9.4,3.4
1997-05-10 00:00:00,10.325,4.0
1997-05-10 09:00:00,11.25,2.9
1997-05-11 00:00:00,11.5,1.8
1997-05-11 09:00:00,11.75,0.9
1997-05-12 00:00:00,11.85,0.0
1997-05-12 09:00:00,11.95,0.2
1997-05-13 00:00:00,11.95,0.4
1997-05-13 09:00:00,11.95,0.2
1997-05-14 00:00:00,12.175,0.0
1997-05-14 09:00:00,12.4,0.0
1997-05-15 00:00:00,13.15,0.0
1997-05-15 09:00:00,13.9,0.0
1997-05-16 00:00:00,13.850000000000001,0.0
1997-05-16 09:00:00,13.8,2.0
1997-05-17 00:00:00,15.9,4.0
1997-05-17 09:00:00,18.0,2.0
1997-05-18 00:00:00,19.1,0.0
1997-05-18 09:00:00,20.2,0.0
1997-05-19 00:00:00,17.95,0.0
1997-05-19 09:00:00,15.7,0.3
1997-05-20 00:00:00,15.225,0.6
1997-05-20 09:00:00,14.75,2.1999999999999997
1997-05-21 00:00:00,14.175,3.8
1997-05-21 09:00:00,13.6,1.9
1997-05-22 00:00:00,12.425,0.0
1997-05-22 09:00:00,11.25,0.0
1997-05-23 00:00:00,11.35,0.0
1997-05-23 09:00:00,11.45,0.0
1997-05-24 00:00:00,11.2,0.0
1997-05-24 09:00:00,10.95,0.0
1997-05-25 00:00:00,11.0,0.0
1997-05-25 09:00:00,11.05,0.0
1997-05-26 00:00:00,12.05,0.0
1997-05-26 09:00:00,13.05,0.0
1997-05-27 00:00:00,15.025,0.0
1997-05-27 09:00:00,17.0,0.0
1997-05-28 00:00:00,15.475,0.0
1997-05-28 09:00:00,13.95,0.0
1997-05-29 00:00:00,13.5,0.0
1997-05-29 09:00:00,13.05,0.0
1997-05-30 00:00:00,14.75,0.0
1997-05-30 09:00:00,16.45,0.0
1997-05-31 00:00:00,16.725,0.0
1997-05-31 09:00:00,17.0,0.0
1997-06-01 00:00:00,16.775,0.0
1997-06-01 09:00:00,16.55,0.1
1997-06-02 00:00:00,16.533333333333335,0.2
1997-06-02 00:00:00,16.516666666666666,0.2
1997-06-02 09:00:00,16.5,0.1
1997-06-03 00:00:00,16.21666666666667,0.0
1997-06-03 00:00:00,15.933333333333334,0.0
1997-06-03 09:00:00,15.65,0.0
1997-06-04 00:00:00,15.966666666666667,0.0
1997-06-04 00:00:00,16.283333333333335,0.0
1997-06-04 09:00:00,16.6,0.0
1997-06-05 00:00:00,16.650000000000002,0.0
1997-06-05 00:00:00,16.7,0.0
1997-06-05 09:00:00,16.75,0.2
1997-06-06 00:00:00,17.883333333333333,0.4
1997-06-06 00:00:00,19.016666666666666,0.4
1997-06-06 09:00:00,20.15,7.2
1997-06-07 00:00:00,20.433333333333334,14.0
1997-06-07 00:00:00,20.716666666666665,14.0
1997-06-07 09:00:00,21.0,7.0
1997-06-08 00:00:00,20.45,0.0
1997-06-08 00:00:00,19.900000000000002,0.0
1997-06-08 09:00:00,19.35,0.1
1997-06-09 00:00:00,18.316666666666666,0.2
1997-06-09 00:00:00,17.283333333333335,0.2
1997-06-09 09:00:00,16.25,0.1
1997-06-10 00:00:00,17.166666666666668,0.0
1997-06-10 00:00:00,18.083333333333332,0.0
1997-06-10 09:00:00,19.0,2.3
1997-06-11 00:00:00,19.55,4.6
1997-06-11 00:00:00,20.099999999999998,4.6
1997-06-11 09:00:00,20.65,3.0
1997-06-12 00:00:00,20.3,1.4
1997-06-12 00:00:00,19.95,1.4
1997-06-12 09:00:00,19.6,1.1
1997-06-13 00:00:00,18.816666666666666,0.8
1997-06-13 00:00:00,18.033333333333335,0.8
1997-06-13 09:00:00,17.25,0.4
1997-06-14 00:00:00,17.333333333333332,0.0
1997-06-14 00:00:00,17.416666666666668,0.0
1997-06-14 09:00:00,17.5,5.1
1997-06-15 00:00:00,16.583333333333332,10.2
1997-06-15 00:00:00,15.666666666666666,10.2
1997-06-15 09:00:00,14.75,5.1
1997-06-16 00:00:00,14.883333333333333,0.0
1997-06-16 00:00:00,15.016666666666667,0.0
1997-06-16 09:00:00,15.15,3.4
1997-06-17 00:00:00,15.3,6.8
1997-06-17 00:00:00,15.45,6.8
1997-06-17 09:00:00,15.6,3.4
1997-06-18 00:00:00,15.716666666666667,0.0
1997-06-18 00:00:00,15.833333333333332,0.0
1997-06-18 09:00:00,15.95,2.0
1997-06-19 00:00:00,16.066666666666666,4.0
1997-06-19 00:00:00,16.18333333333333,4.0
1997-06-19 09:00:00,16.299999999999997,3.1
1997-06-20 00:00:00,15.149999999999999,2.2
1997-06-20 00:00:00,13.999999999999998,2.2
1997-06-20 09:00:00,12.85,4.4
1997-06-21 00:00:00,13.183333333333334,6.6
1997-06-21 00:00:00,13.516666666666666,6.6
1997-06-21 09:00:00,13.85,9.7
1997-06-22 00:00:00,14.0,12.8
1997-06-22 00:00:00,14.15,12.8
1997-06-22 09:00:00,14.3,11.8
1997-06-23 00:00:00,14.4,10.8
1997-06-23 00:00:00,14.5,10.8
1997-06-23 09:00:00,14.6,6.2
1997-06-24 00:00:00,14.683333333333334,1.6
1997-06-24 00:00:00,14.766666666666666,1.6
1997-06-24 09:00:00,14.85,1.8
1997-06-25 00:00:00,14.966666666666667,2.0
1997-06-25 00:00:00,15.083333333333332,2.0
1997-06-25 09:00:00,15.2,3.2
1997-06-26 00:00:00,14.783333333333333,4.4
1997-06-26 00:00:00,14.366666666666665,4.4
1997-06-26 09:00:00,13.95,12.799999999999999
1997-06-27 00:00:00,14.016666666666666,21.2
1997-06-27 00:00:00,14.083333333333334,21.2
1997-06-27 09:00:00,14.15,15.2
1997-06-28 00:00:00,13.55,9.2
1997-06-28 00:00:00,12.95,9.2
1997-06-28 09:00:00,12.35,4.6
1997-06-29 00:00:00,12.883333333333333,0.0
1997-06-29 00:00:00,13.416666666666666,0.0
1997-06-29 09:00:00,13.95,0.0
1997-06-30 00:00:00,14.433333333333334,0.0
1997-06-30 00:00:00,14.916666666666666,0.0
1997-06-30 09:00:00,15.4,0.4
1997-07-01 00:00:00,14.85,0.8
1997-07-01 00:00:00,14.3,0.8
1997-07-01 09:00:00,13.75,0.4
1997-07-02 00:00:00,14.025,0.0
1997-07-02 09:00:00,14.3,0.1
1997-07-03 00:00:00,14.350000000000001,0.2
1997-07-03 09:00:00,14.4,0.6000000000000001
1997-07-04 00:00:00,14.475000000000001,1.0
1997-07-04 09:00:00,14.55,0.5
1997-07-05 00:00:00,15.05,0.0
1997-07-05 09:00:00,15.55,0.0
1997-07-06 00:00:00,16.575000000000003,0.0
1997-07-06 09:00:00,17.6,0.0
1997-07-07 00:00:00,18.925,0.0
1997-07-07 09:00:00,20.25,0.0
1997-07-08 00:00:00,20.35,0.0
1997-07-08 09:00:00,20.45,1.8
1997-07-09 00:00:00,20.775,3.6
1997-07-09 09:00:00,21.1,1.8
1997-07-10 00:00:00,20.6,0.0
1997-07-10 09:00:00,20.1,0.0
1997-07-11 00:00:00,19.025,0.0
1997-07-11 09:00:00,17.95,0.0
1997-07-12 00:00:00,18.625,0.0
1997-07-12 09:00:00,19.3,0.0
1997-07-13 00:00:00,19.6,0.0
1997-07-13 09:00:00,19.9,0.0
1997-07-14 00:00:00,19.674999999999997,0.0
1997-07-14 09:00:00,19.45,0.0
1997-07-15 00:00:00,19.549999999999997,0.0
1997-07-15 09:00:00,19.65,0.0
1997-07-16 00:00:00,20.075,0.0
1997-07-16 09:00:00,20.5,0.4
1997-07-17 00:00:00,19.35,0.8
1997-07-17 09:00:00,18.2,1.3
1997-07-18 00:00:00,17.25,1.8
1997-07-18 09:00:00,16.3,0.9
1997-07-19 00:00:00,16.625,0.0
1997-07-19 09:00:00,16.95,0.0
1997-07-20 00:00:00,17.9,0.0
1997-07-20 09:00:00,18.85,0.0
1997-07-21 00:00:00,19.150000000000002,0.0
1997-07-21 09:00:00,19.450000000000003,0.0
1997-07-22 00:00:00,19.55,0.0
1997-07-22 09:00:00,19.65,0.0
1997-07-23 00:00:00,20.4,0.0
1997-07-23 09:00:00,21.15,0.0
1997-07-24 00:00:00,21.85,0.0
1997-07-24 09:00:00,22.55,1.3
1997-07-25 00:00:00,21.525,2.6
1997-07-25 09:00:00,20.5,1.3
1997-07-26 00:00:00,19.675,0.0
1997-07-26 09:00:00,18.85,3.3
1997-07-27 00:00:00,18.700000000000003,6.6
1997-07-27 09:00:00,18.55,3.3
1997-07-28 00:00:00,18.700000000000003,0.0
1997-07-28 09:00:00,18.85,0.0
1997-07-29 00:00:00,19.35,0.0
1997-07-29 09:00:00,19.85,0.5
1997-07-30 00:00:00,20.5,1.0
1997-07-30 09:00:00,21.15,0.6
1997-07-31 00:00:00,20.25,0.2
1997-07-31 09:00:00,19.35,5.6000000000000005
1997-08-01 00:00:00,17.975,11.0
1997-08-01 09:00:00,16.6,5.5
1997-08-02 00:00:00,17.483333333333334,0.0
1997-08-02 00:00:00,18.366666666666667,0.0
1997-08-02 09:00:00,19.25,0.0
1997-08-03 00:00:00,19.183333333333334,0.0
1997-08-03 00:00:00,19.116666666666667,0.0
1997-08-03 09:00:00,19.05,0.0
1997-08-04 00:00:00,19.066666666666666,0.0
1997-08-04 00:00:00,19.083333333333336,1.0
1997-08-04 09:00:00,19.1,0.5
1997-08-05 00:00:00,19.2,0.0
1997-08-05 00:00:00,19.3,1.0
1997-08-05 09:00:00,19.4,0.5
1997-08-06 00:00:00,19.48333333333333,0.0
1997-08-06 00:00:00,19.566666666666666,0.0
1997-08-06 09:00:00,19.65,8.0
1997-08-07 00:00:00,19.98333333333333,16.0
1997-08-07 00:00:00,20.316666666666666,16.0
1997-08-07 09:00:00,20.65,8.0
1997-08-08 00:00:00,21.016666666666666,0.0
1997-08-08 00:00:00,21.383333333333333,0.0
1997-08-08 09:00:00,21.75,0.0
1997-08-09 00:00:00,22.85,0.0
1997-08-09 00:00:00,23.95,0.0
1997-08-09 09:00:00,25.05,0.0
1997-08-10 00:00:00,24.883333333333333,0.0
1997-08-10 00:00:00,24.71666666666667,0.0
1997-08-10 09:00:00,24.55,0.0
1997-08-11 00:00:00,24.683333333333334,0.0
1997-08-11 00:00:00,24.816666666666666,0.0
1997-08-11 09:00:00,24.95,0.0
1997-08-12 00:00:00,25.133333333333333,0.0
1997-08-12 00:00:00,25.316666666666666,0.0
1997-08-12 09:00:00,25.5,4.9
1997-08-13 00:00:00,25.35,9.8
1997-08-13 00:00:00,25.2,9.8
1997-08-13 09:00:00,25.05,4.9
1997-08-14 00:00:00,24.21666666666667,0.0
1997-08-14 00:00:00,23.383333333333333,0.0
1997-08-14 09:00:00,22.55,0.0
1997-08-15 00:00:00,22.21666666666667,0.0
1997-08-15 00:00:00,21.883333333333333,0.0
1997-08-15 09:00:00,21.55,0.0
1997-08-16 00:00:00,21.666666666666668,0.0
1997-08-16 00:00:00,21.78333333333333,0.0
1997-08-16 09:00:00,21.9,0.0
1997-08-17 00:00:00,22.583333333333332,0.0
1997-08-17 00:00:00,23.266666666666666,0.0
1997-08-17 09:00:00,23.95,1.8
1997-08-18 00:00:00,23.95,3.6
1997-08-18 00:00:00,23.95,3.6
1997-08-18 09:00:00,23.95,1.8
1997-08-19 00:00:00,23.583333333333332,0.0
1997-08-19 00:00:00,23.21666666666667,0.0
1997-08-19 09:00:00,22.85,0.0
1997-08-20 00:00:00,23.166666666666668,0.0
1997-08-20 00:00:00,23.483333333333334,0.0
1997-08-20 09:00:00,23.8,0.0
1997-08-21 00:00:00,23.816666666666666,0.0
1997-08-21 00:00:00,23.833333333333336,0.0
1997-08-21 09:00:00,23.85,0.0
1997-08-22 00:00:00,24.01666666666667,0.0
1997-08-22 00:00:00,24.183333333333334,0.0
1997-08-22 09:00:00,24.35,0.0
1997-08-23 00:00:00,24.083333333333336,0.0
1997-08-23 00:00:00,23.816666666666666,0.0
1997-08-23 09:00:00,23.55,0.0
1997-08-24 00:00:00,23.46666666666667,0.0
1997-08-24 00:00:00,23.383333333333333,0.0
1997-08-24 09:00:00,23.3,3.1
1997-08-25 00:00:00,23.0,6.2
1997-08-25 00:00:00,22.7,6.2
1997-08-25 09:00:00,22.4,5.7
1997-08-26 00:00:00,20.966666666666665,5.2
1997-08-26 00:00:00,19.533333333333335,5.2
1997-08-26 09:00:00,18.1,2.7
1997-08-27 00:00:00,18.133333333333333,0.2
1997-08-27 00:00:00,18.166666666666668,0.2
1997-08-27 09:00:00,18.2,4.4
1997-08-28 00:00:00,17.516666666666666,8.6
1997-08-28 00:00:00,16.833333333333332,8.6
1997-08-28 09:00:00,16.15,6.8
1997-08-29 00:00:00,16.416666666666668,5.0
1997-08-29 00:00:00,16.683333333333334,5.0
1997-08-29 09:00:00,16.950000000000003,5.3
1997-08-30 00:00:00,17.033333333333335,5.6
1997-08-30 00:00:00,17.116666666666667,5.4
1997-08-30 09:00:00,17.2,2.7
1997-08-31 00:00:00,17.3,0.0
1997-08-31 00:00:00,17.4,0.0
1997-08-31 09:00:00,17.5,0.0
1997-09-01 00:00:00,17.883333333333333,0.0
1997-09-01 00:00:00,18.266666666666666,0.0
1997-09-01 09:00:00,18.65,0.0
1997-09-02 00:00:00,17.625,0.0
1997-09-02 09:00:00,16.6,0.0
1997-09-03 00:00:00,17.65,0.0
1997-09-03 09:00:00,18.7,1.1
1997-09-04 00:00:00,18.1,2.2
1997-09-04 09:00:00,17.5,1.1
1997-09-05 00:00:00,17.475,0.0
1997-09-05 09:00:00,17.45,0.8
1997-09-06 00:00:00,16.325,1.6
1997-09-06 09:00:00,15.2,0.8
1997-09-07 00:00:00,16.35,0.0
1997-09-07 09:00:00,17.5,0.0
1997-09-08 00:00:00,16.9,0.0
1997-09-08 09:00:00,16.3,0.0
1997-09-09 00:00:00,17.025,0.0
1997-09-09 09:00:00,17.75,0.0
1997-09-10 00:00:00,16.975,0.0
1997-09-10 09:00:00,16.200000000000003,0.0
1997-09-11 00:00:00,16.625,0.0
1997-09-11 09:00:00,17.05,0.6
1997-09-12 00:00:00,16.9,1.2
1997-09-12 09:00:00,16.75,2.2
1997-09-13 00:00:00,15.0,3.2
1997-09-13 09:00:00,13.25,1.6
1997-09-14 00:00:00,12.825,0.0
1997-09-14 09:00:00,12.4,0.0
1997-09-15 00:00:00,13.350000000000001,0.0
1997-09-15 09:00:00,14.3,0.0
1997-09-16 00:00:00,15.325000000000001,0.0
1997-09-16 09:00:00,16.35,0.0
1997-09-17 00:00:00,16.225,0.0
1997-09-17 09:00:00,16.1,0.0
1997-09-18 00:00:00,16.65,0.0
1997-09-18 09:00:00,17.2,0.0
1997-09-19 00:00:00,18.775,0.0
1997-09-19 09:00:00,20.35,0.0
1997-09-20 00:00:00,18.375,0.0
1997-09-20 09:00:00,16.4,0.0
1997-09-21 00:00:00,15.149999999999999,0.0
1997-09-21 09:00:00,13.9,0.0
1997-09-22 00:00:00,13.95,0.0
1997-09-22 09:00:00,14.0,0.0
1997-09-23 00:00:00,15.025,0.0
1997-09-23 09:00:00,16.05,0.0
1997-09-24 00:00:00,16.200000000000003,0.0
1997-09-24 09:00:00,16.35,0.0
1997-09-25 00:00:00,16.9,0.0
1997-09-25 09:00:00,17.45,0.0
1997-09-26 00:00:00,17.200000000000003,0.0
1997-09-26 09:00:00,16.950000000000003,0.0
1997-09-27 00:00:00,17.425,0.0
1997-09-27 09:00:00,17.9,0.0
1997-09-28 00:00:00,17.075,0.0
1997-09-28 09:00:00,16.25,0.0
1997-09-29 00:00:00,16.5,0.0
1997-09-29 09:00:00,16.75,0.0
1997-09-30 00:00:00,18.25,0.0
1997-09-30 09:00:00,19.75,0.0
1997-10-01 00:00:00,19.3,0.0
1997-10-01 09:00:00,18.85,0.0
1997-10-02 00:00:00,19.033333333333335,0.0
1997-10-02 00:00:00,19.216666666666665,0.0
1997-10-02 09:00:00,19.4,0.0
1997-10-03 00:00:00,17.825,0.0
1997-10-03 09:00:00,16.25,0.0
1997-10-04 00:00:00,15.85,0.0
1997-10-04 00:00:00,15.450000000000001,0.0
1997-10-04 09:00:00,15.05,0.0
1997-10-05 00:00:00,15.233333333333334,0.0
1997-10-05 00:00:00,15.416666666666666,0.0
1997-10-05 09:00:00,15.6,0.0
1997-10-06 00:00:00,15.166666666666666,0.0
1997-10-06 00:00:00,14.733333333333334,0.0
1997-10-06 09:00:00,14.3,1.8
1997-10-07 00:00:00,15.725,3.6
1997-10-07 09:00:00,17.15,4.5
1997-10-08 00:00:00,16.299999999999997,5.4
1997-10-08 00:00:00,15.45,5.4
1997-10-08 09:00:00,14.6,4.6
1997-10-09 00:00:00,15.2,3.8
1997-10-09 00:00:00,15.799999999999999,3.8
1997-10-09 09:00:00,16.4,2.9
1997-10-10 00:00:00,16.0,2.0
1997-10-10 09:00:00,15.6,1.5
1997-10-11 00:00:00,15.016666666666666,1.0
1997-10-11 00:00:00,14.433333333333334,1.0
1997-10-11 09:00:00,13.85,1.0
1997-10-12 00:00:00,12.816666666666666,1.0
1997-10-12 00:00:00,11.783333333333333,1.0
1997-10-12 09:00:00,10.75,0.9
1997-10-13 00:00:00,10.366666666666667,0.8
1997-10-13 00:00:00,9.983333333333333,0.8
1997-10-13 09:00:00,9.6,0.7
1997-10-14 00:00:00,8.8,0.6
1997-10-14 09:00:00,8.0,0.7
1997-10-15 00:00:00,8.583333333333334,0.8
1997-10-15 00:00:00,9.166666666666666,0.8
1997-10-15 09:00:00,9.75,1.1
1997-10-16 00:00:00,10.5,1.4
1997-10-16 00:00:00,11.25,1.4
1997-10-16 09:00:00,12.0,1.5
1997-10-17 00:00:00,13.45,1.6
1997-10-17 09:00:00,14.9,2.1
1997-10-18 00:00:00,14.933333333333334,2.6
1997-10-18 00:00:00,14.966666666666667,2.6
1997-10-18 09:00:00,15.0,5.199999999999999
1997-10-19 00:00:00,15.616666666666667,7.8
1997-10-19 00:00:00,16.233333333333334,7.8
1997-10-19 09:00:00,16.85,7.1
1997-10-20 00:00:00,17.233333333333334,6.4
1997-10-20 00:00:00,17.616666666666667,6.4
1997-10-20 09:00:00,18.0,5.6
1997-10-21 00:00:00,14.725,4.8
1997-10-21 09:00:00,11.45,2.4
1997-10-22 00:00:00,10.549999999999999,0.0
1997-10-22 00:00:00,9.65,0.0
1997-10-22 09:00:00,8.75,0.0
1997-10-23 00:00:00,9.35,0.0
1997-10-23 00:00:00,9.950000000000001,0.0
1997-10-23 09:00:00,10.55,0.0
1997-10-24 00:00:00,10.55,0.0
1997-10-24 00:00:00,10.55,0.0
1997-10-24 09:00:00,10.55,0.0
1997-10-25 00:00:00,9.166666666666668,0.0
1997-10-25 00:00:00,7.783333333333333,0.0
1997-10-25 09:00:00,6.4,0.0
1997-10-26 00:00:00,6.533333333333333,0.0
1997-10-26 00:00:00,6.666666666666667,0.0
1997-10-26 09:00:00,6.8,0.1
1997-10-27 00:00:00,7.566666666666666,0.2
1997-10-27 00:00:00,8.333333333333332,0.2
1997-10-27 09:00:00,9.1,0.1
1997-10-28 00:00:00,8.85,0.0
1997-10-28 00:00:00,8.6,0.0
1997-10-28 09:00:00,8.35,0.0
1997-10-29 00:00:00,7.25,0.0
1997-10-29 00:00:00,6.15,0.0
1997-10-29 09:00:00,5.05,0.0
1997-10-30 00:00:00,5.016666666666667,0.0
1997-10-30 00:00:00,4.983333333333333,0.0
1997-10-30 09:00:00,4.95,0.0
1997-10-31 00:00:00,5.45,0.0
1997-10-31 09:00:00,5.95,0.0
1997-11-01 00:00:00,6.216666666666667,0.0
1997-11-01 00:00:00,6.483333333333333,0.0
1997-11-01 09:00:00,6.75,0.0
1997-11-02 00:00:00,6.65,0.0
1997-11-02 00:00:00,6.55,0.2
1997-11-02 09:00:00,6.45,0.2
1997-11-03 00:00:00,6.716666666666667,0.2
1997-11-03 00:00:00,6.983333333333333,0.2
1997-11-03 09:00:00,7.25,0.1
1997-11-04 00:00:00,7.8,0.0
1997-11-04 00:00:00,8.35,0.0
1997-11-04 09:00:00,8.9,0.9
1997-11-05 00:00:00,9.533333333333333,1.8
1997-11-05 00:00:00,10.166666666666668,1.8
1997-11-05 09:00:00,10.8,4.7
1997-11-06 00:00:00,11.583333333333334,7.6
1997-11-06 00:00:00,12.366666666666667,7.8
1997-11-06 09:00:00,13.15,4.199999999999999
1997-11-07 00:00:00,12.700000000000001,0.6
1997-11-07 00:00:00,12.25,0.6
1997-11-07 09:00:00,11.8,0.8999999999999999
1997-11-08 00:00:00,11.716666666666667,1.2
1997-11-08 00:00:00,11.633333333333335,1.2
1997-11-08 09:00:00,11.55,2.1
1997-11-09 00:00:00,11.166666666666668,3.0
1997-11-09 00:00:00,10.783333333333333,3.0
1997-11-09 09:00:00,10.4,2.0
1997-11-10 00:00:00,9.700000000000001,1.0
1997-11-10 00:00:00,9.0,1.0
1997-11-10 09:00:00,8.3,0.6
1997-11-11 00:00:00,8.266666666666667,0.2
1997-11-11 00:00:00,8.233333333333333,0.2
1997-11-11 09:00:00,8.2,0.2
1997-11-12 00:00:00,7.783333333333333,0.2
1997-11-12 00:00:00,7.366666666666666,0.2
1997-11-12 09:00:00,6.95,0.1
1997-11-13 00:00:00,6.45,0.0
1997-11-13 00:00:00,5.95,0.0
1997-11-13 09:00:00,5.45,0.2
1997-11-14 00:00:00,5.566666666666666,0.4
1997-11-14 00:00:00,5.683333333333334,0.2
1997-11-14 09:00:00,5.8,0.4
1997-11-15 00:00:00,6.816666666666666,0.6
1997-11-15 00:00:00,7.833333333333333,0.8
1997-11-15 09:00:00,8.85,1.6
1997-11-16 00:00:00,10.633333333333333,2.4
1997-11-16 00:00:00,12.416666666666666,2.4
1997-11-16 09:00:00,14.2,1.5
1997-11-17 00:00:00,14.35,0.6
1997-11-17 00:00:00,14.5,0.6
1997-11-17 09:00:00,14.65,0.3
1997-11-18 00:00:00,14.0,0.0
1997-11-18 00:00:00,13.35,0.0
1997-11-18 09:00:00,12.7,3.8
1997-11-19 00:00:00,12.416666666666666,7.6
1997-11-19 00:00:00,12.133333333333333,7.6
1997-11-19 09:00:00,11.85,8.399999999999999
1997-11-20 00:00:00,11.799999999999999,9.2
1997-11-20 00:00:00,11.75,9.2
1997-11-20 09:00:00,11.7,5.3999999999999995
1997-11-21 00:00:00,10.65,1.6
1997-11-21 00:00:00,9.6,1.6
1997-11-21 09:00:00,8.55,2.7
1997-11-22 00:00:00,8.533333333333333,3.8
1997-11-22 00:00:00,8.516666666666667,3.8
1997-11-22 09:00:00,8.5,2.2
1997-11-23 00:00:00,8.716666666666667,0.6
1997-11-23 00:00:00,8.933333333333334,0.6
1997-11-23 09:00:00,9.15,0.4
1997-11-24 00:00:00,9.433333333333334,0.2
1997-11-24 00:00:00,9.716666666666667,0.2
1997-11-24 09:00:00,10.0,0.2
1997-11-25 00:00:00,9.133333333333333,0.2
1997-11-25 00:00:00,8.266666666666667,0.2
1997-11-25 09:00:00,7.4,0.1
1997-11-26 00:00:00,7.75,0.0
1997-11-26 00:00:00,8.1,0.0
1997-11-26 09:00:00,8.45,1.0
1997-11-27 00:00:00,9.116666666666665,2.0
1997-11-27 00:00:00,9.783333333333333,2.0
1997-11-27 09:00:00,10.45,5.9
1997-11-28 00:00:00,10.266666666666666,9.8
1997-11-28 00:00:00,10.083333333333334,9.8
1997-11-28 09:00:00,9.9,5.1000000000000005
1997-11-29 00:00:00,10.283333333333333,0.4
1997-11-29 00:00:00,10.666666666666668,0.4
1997-11-29 09:00:00,11.05,1.5
1997-11-30 00:00:00,10.75,2.6
1997-11-30 00:00:00,10.450000000000001,2.6
1997-11-30 09:00:00,10.15,1.3
1997-12-01 00:00:00,7.65,0.0
1997-12-01 09:00:00,5.15,1.709375
1997-12-02 09:00:00,3.7,3.41875
1997-12-03 09:00:00,2.3,5.128125000000001
1997-12-04 09:00:00,3.6,6.8375
1997-12-05 09:00:00,2.95,8.546875
1997-12-06 09:00:00,4.300000000000001,
1997-12-07 09:00:00,9.2,
1997-12-08 09:00:00,9.85,
1997-12-09 09:00:00,10.85,
1997-12-10 09:00:00,11.5,
1997-12-11 09:00:00,13.25,
1997-12-12 09:00:00,10.3,
1997-12-13 09:00:00,5.05,
1997-12-14 09:00:00,5.1,
1997-12-15 09:00:00,6.15,
1997-12-16 09:00:00,4.7,
1997-12-17 09:00:00,1.4,
1997-12-18 09:00:00,4.15,
1997-12-19 09:00:00,8.85,
1997-12-20 09:00:00,8.4,
1997-12-21 09:00:00,7.85,
1997-12-22 09:00:00,5.85,
1997-12-23 09:00:00,7.35,
1997-12-24 09:00:00,11.05,
1997-12-25 09:00:00,11.35,
1997-12-26 09:00:00,10.3,
1997-12-27 09:00:00,6.550000000000001,46.153125
1997-12-28 09:00:00,4.65,47.862500000000004
1997-12-29 09:00:00,4.55,49.571875000000006
1997-12-30 09:00:00,6.75,51.28125
1997-12-31 09:00:00,9.6,52.990625
1998-01-01 00:00:00,8.483333333333333,54.7
1998-01-01 00:00:00,7.366666666666667,60.0
1998-01-01 09:00:00,6.25,33.45
1998-01-02 00:00:00,6.583333333333333,6.9
1998-01-02 00:00:00,6.916666666666667,6.2
1998-01-02 09:00:00,7.25,6.1
1998-01-03 00:00:00,8.016666666666667,6.0
1998-01-03 00:00:00,8.783333333333333,6.6
1998-01-03 09:00:00,9.55,6.199999999999999
1998-01-04 00:00:00,9.05,5.8
1998-01-04 00:00:00,8.55,6.5
1998-01-04 09:00:00,8.05,9.15
1998-01-05 00:00:00,7.483333333333333,11.8
1998-01-05 00:00:00,6.916666666666667,9.8
1998-01-05 09:00:00,6.35,10.2
1998-01-06 00:00:00,5.6499999999999995,10.6
1998-01-06 00:00:00,4.95,9.1
1998-01-06 09:00:00,4.25,6.35
1998-01-07 00:00:00,5.083333333333333,3.6
1998-01-07 00:00:00,5.916666666666667,3.2
1998-01-07 09:00:00,6.75,3.1
1998-01-08 00:00:00,7.3,3.0
1998-01-08 00:00:00,7.8500000000000005,2.4
1998-01-08 09:00:00,8.4,1.6
1998-01-09 00:00:00,9.5,0.8
1998-01-09 00:00:00,10.6,0.7
1998-01-09 09:00:00,11.7,0.35
1998-01-10 00:00:00,11.533333333333333,0.0
1998-01-10 00:00:00,11.366666666666665,0.0
1998-01-10 09:00:00,11.2,0.0
1998-01-11 00:00:00,10.4,0.0
1998-01-11 00:00:00,9.6,0.2
1998-01-11 09:00:00,8.8,0.1
1998-01-12 00:00:00,8.783333333333333,0.0
1998-01-12 00:00:00,8.766666666666667,0.0
1998-01-12 09:00:00,8.75,0.0
1998-01-13 00:00:00,9.283333333333333,0.0
1998-01-13 00:00:00,9.816666666666666,0.0
1998-01-13 09:00:00,10.35,3.6
1998-01-14 00:00:00,10.283333333333333,7.2
1998-01-14 00:00:00,10.216666666666667,8.4
1998-01-14 09:00:00,10.15,4.6
1998-01-15 00:00:00,9.483333333333333,0.8
1998-01-15 00:00:00,8.816666666666666,1.2
1998-01-15 09:00:00,8.149999999999999,1.1
1998-01-16 00:00:00,8.583333333333332,1.0
1998-01-16 00:00:00,9.016666666666666,1.2
1998-01-16 09:00:00,9.45,0.6
1998-01-17 00:00:00,8.483333333333333,0.0
1998-01-17 00:00:00,7.516666666666667,0.0
1998-01-17 09:00:00,6.55,2.1
1998-01-18 00:00:00,7.033333333333333,4.2
1998-01-18 00:00:00,7.516666666666667,4.2
1998-01-18 09:00:00,8.0,6.949999999999999
1998-01-19 00:00:00,7.95,9.7
1998-01-19 00:00:00,7.8999999999999995,10.0
1998-01-19 09:00:00,7.85,5.0
1998-01-20 00:00:00,6.566666666666666,0.0
1998-01-20 00:00:00,5.283333333333333,0.0
1998-01-20 09:00:00,4.0,0.0
1998-01-21 00:00:00,3.45,0.0
1998-01-21 00:00:00,2.9000000000000004,0.0
1998-01-21 09:00:00,2.35,0.0
1998-01-22 00:00:00,3.1333333333333333,0.0
1998-01-22 00:00:00,3.916666666666667,0.0
1998-01-22 09:00:00,4.7,0.0
1998-01-23 00:00:00,4.1,0.0
1998-01-23 00:00:00,3.5,0.0
1998-01-23 09:00:00,2.9,0.0
1998-01-24 00:00:00,3.1333333333333333,0.0
1998-01-24 00:00:00,3.3666666666666667,0.0
1998-01-24 09:00:00,3.6,0.0
1998-01-25 00:00:00,4.066666666666666,0.0
1998-01-25 00:00:00,4.533333333333333,0.0
1998-01-25 09:00:00,5.0,0.0
1998-01-26 00:00:00,4.583333333333333,0.0
1998-01-26 00:00:00,4.166666666666667,0.0
1998-01-26 09:00:00,3.75,0.0
1998-01-27 00:00:00,3.7666666666666666,0.0
1998-01-27 00:00:00,3.783333333333333,0.0
1998-01-27 09:00:00,3.8,0.15
1998-01-28 00:00:00,3.683333333333333,0.3
1998-01-28 00:00:00,3.566666666666667,0.4
1998-01-28 09:00:00,3.45,0.30000000000000004
1998-01-29 00:00:00,3.3833333333333333,0.2
1998-01-29 00:00:00,3.316666666666667,0.2
1998-01-29 09:00:00,3.25,0.1
1998-01-30 00:00:00,3.9333333333333336,0.0
1998-01-30 00:00:00,4.616666666666667,0.0
1998-01-30 09:00:00,5.300000000000001,0.0
1998-01-31 00:00:00,5.533333333333334,0.0
1998-01-31 00:00:00,5.766666666666667,0.0
1998-01-31 09:00:00,6.0,0.1
1998-02-01 00:00:00,4.966666666666667,0.2
1998-02-01 00:00:00,3.933333333333333,0.0
1998-02-01 09:00:00,2.9,0.0
1998-02-02 00:00:00,1.9833333333333334,0.0
1998-02-02 00:00:00,1.0666666666666667,0.0
1998-02-02 09:00:00,0.1499999999999999,0.0
1998-02-03 00:00:00,1.0666666666666669,0.0
1998-02-03 00:00:00,1.9833333333333336,0.0
1998-02-03 09:00:00,2.9000000000000004,0.0
1998-02-04 00:00:00,2.9000000000000004,0.0
1998-02-04 00:00:00,2.9000000000000004,0.0
1998-02-04 09:00:00,2.9000000000000004,0.0
1998-02-05 00:00:00,3.7000000000000006,0.0
1998-02-05 00:00:00,4.500000000000001,0.2
1998-02-05 09:00:00,5.300000000000001,0.1
1998-02-06 00:00:00,6.133333333333334,0.0
1998-02-06 00:00:00,6.966666666666668,0.0
1998-02-06 09:00:00,7.800000000000001,1.5
1998-02-07 00:00:00,7.500000000000001,3.0
1998-02-07 00:00:00,7.2,3.2
1998-02-07 09:00:00,6.9,1.6
1998-02-08 00:00:00,6.266666666666667,0.0
1998-02-08 00:00:00,5.633333333333334,0.0
1998-02-08 09:00:00,5.0,0.0
1998-02-09 00:00:00,5.883333333333333,0.0
1998-02-09 00:00:00,6.766666666666666,0.0
1998-02-09 09:00:00,7.649999999999999,0.0
1998-02-10 00:00:00,8.066666666666666,0.0
1998-02-10 00:00:00,8.483333333333333,0.0
1998-02-10 09:00:00,8.9,0.0
1998-02-11 00:00:00,9.35,0.0
1998-02-11 00:00:00,9.8,0.0
1998-02-11 09:00:00,10.25,0.0
1998-02-12 00:00:00,10.716666666666667,0.0
1998-02-12 00:00:00,11.183333333333334,0.0
1998-02-12 09:00:00,11.65,0.0
1998-02-13 00:00:00,11.75,0.0
1998-02-13 00:00:00,11.85,0.0
1998-02-13 09:00:00,11.95,0.0
1998-02-14 00:00:00,11.85,0.0
1998-02-14 00:00:00,11.75,0.0
1998-02-14 09:00:00,11.65,0.1
1998-02-15 00:00:00,11.5,0.2
1998-02-15 00:00:00,11.35,0.0
1998-02-15 09:00:00,11.2,0.0
1998-02-16 00:00:00,11.75,0.0
1998-02-16 00:00:00,12.299999999999999,0.0
1998-02-16 09:00:00,12.85,0.2
1998-02-17 00:00:00,11.283333333333333,0.4
1998-02-17 00:00:00,9.716666666666665,0.0
1998-02-17 09:00:00,8.149999999999999,0.0
1998-02-18 00:00:00,8.366666666666665,0.0
1998-02-18 00:00:00,8.583333333333334,0.0
1998-02-18 09:00:00,8.8,0.0
1998-02-19 00:00:00,8.9,0.0
1998-02-19 00:00:00,9.0,0.0
1998-02-19 09:00:00,9.1,0.0
1998-02-20 00:00:00,9.65,0.0
1998-02-20 00:00:00,10.2,0.0
1998-02-20 09:00:00,10.75,0.0
1998-02-21 00:00:00,11.183333333333334,0.0
1998-02-21 00:00:00,11.616666666666667,0.0
1998-02-21 09:00:00,12.05,0.25
1998-02-22 00:00:00,10.616666666666667,0.5
1998-02-22 00:00:00,9.183333333333334,0.6
1998-02-22 09:00:00,7.75,0.3
1998-02-23 00:00:00,7.483333333333333,0.0
1998-02-23 00:00:00,7.216666666666667,0.0
1998-02-23 09:00:00,6.95,0.0
1998-02-24 00:00:00,7.433333333333334,0.0
1998-02-24 00:00:00,7.916666666666667,0.0
1998-02-24 09:00:00,8.4,0.0
1998-02-25 00:00:00,8.483333333333333,0.0
1998-02-25 00:00:00,8.566666666666666,0.0
1998-02-25 09:00:00,8.649999999999999,0.0
1998-02-26 00:00:00,8.899999999999999,0.0
1998-02-26 00:00:00,9.15,0.0
1998-02-26 09:00:00,9.4,0.0
1998-02-27 00:00:00,9.066666666666666,0.0
1998-02-27 00:00:00,8.733333333333334,0.0
1998-02-27 09:00:00,8.4,0.4
1998-02-28 00:00:00,7.933333333333334,0.8
1998-02-28 00:00:00,7.466666666666667,0.8
1998-02-28 09:00:00,7.0,0.4
1998-03-01 00:00:00,6.333333333333333,0.0
1998-03-01 00:00:00,5.666666666666667,0.0
1998-03-01 09:00:00,5.0,0.0
1998-03-02 00:00:00,6.133333333333333,0.0
1998-03-02 00:00:00,7.266666666666666,0.0
1998-03-02 09:00:00,8.399999999999999,3.4
1998-03-03 00:00:00,9.1,6.8
1998-03-03 00:00:00,9.799999999999999,4.3
1998-03-03 09:00:00,10.5,4.449999999999999
1998-03-04 00:00:00,10.916666666666666,4.6
1998-03-04 00:00:00,11.333333333333334,3.5
1998-03-04 09:00:00,11.75,1.75
1998-03-05 00:00:00,10.5,0.0
1998-03-05 00:00:00,9.25,0.0
1998-03-05 09:00:00,8.0,6.3
1998-03-06 00:00:00,8.466666666666667,12.6
1998-03-06 00:00:00,8.933333333333334,10.6
1998-03-06 09:00:00,9.4,9.1
1998-03-07 00:00:00,10.083333333333334,7.6
1998-03-07 00:00:00,10.766666666666666,6.7
1998-03-07 09:00:00,11.45,4.65
1998-03-08 00:00:00,11.15,2.6
1998-03-08 00:00:00,10.85,2.1
1998-03-08 09:00:00,10.55,1.05
1998-03-09 00:00:00,9.05,0.0
1998-03-09 00:00:00,7.550000000000001,0.4
1998-03-09 09:00:00,6.05,0.2
1998-03-10 00:00:00,5.983333333333333,0.0
1998-03-10 00:00:00,5.916666666666666,0.0
1998-03-10 09:00:00,5.85,2.5
1998-03-11 00:00:00,6.316666666666666,5.0
1998-03-11 00:00:00,6.783333333333333,6.6
1998-03-11 09:00:00,7.25,3.5999999999999996
1998-03-12 00:00:00,6.85,0.6
1998-03-12 00:00:00,6.45,2.8
1998-03-12 09:00:00,6.05,3.0
1998-03-13 00:00:00,6.3,3.2
1998-03-13 00:00:00,6.55,0.8
1998-03-13 09:00:00,6.8,0.4
1998-03-14 00:00:00,6.916666666666667,0.0
1998-03-14 00:00:00,7.033333333333333,0.0
1998-03-14 09:00:00,7.15,0.0
1998-03-15 00:00:00,8.116666666666667,0.0
1998-03-15 00:00:00,9.083333333333334,0.0
1998-03-15 09:00:00,10.05,0.0
1998-03-16 00:00:00,9.916666666666668,0.0
1998-03-16 00:00:00,9.783333333333333,0.0
1998-03-16 09:00:00,9.65,0.0
1998-03-17 00:00:00,9.716666666666667,0.0
1998-03-17 00:00:00,9.783333333333333,0.0
1998-03-17 09:00:00,9.85,0.0
1998-03-18 00:00:00,9.783333333333333,0.0
1998-03-18 00:00:00,9.716666666666667,0.0
1998-03-18 09:00:00,9.65,0.0
1998-03-19 00:00:00,9.9,0.0
1998-03-19 00:00:00,10.15,0.0
1998-03-19 09:00:00,10.4,0.0
1998-03-20 00:00:00,9.733333333333334,0.0
1998-03-20 00:00:00,9.066666666666666,0.0
1998-03-20 09:00:00,8.4,0.0
1998-03-21 00:00:00,9.450000000000001,0.0
1998-03-21 00:00:00,10.5,0.0
1998-03-21 09:00:00,11.55,0.0
1998-03-22 00:00:00,10.666666666666668,0.0
1998-03-22 00:00:00,9.783333333333333,0.0
1998-03-22 09:00:00,8.9,0.0
1998-03-23 00:00:00,8.933333333333334,0.0
1998-03-23 00:00:00,8.966666666666667,0.0
1998-03-23 09:00:00,9.0,0.1
1998-03-24 00:00:00,8.133333333333333,0.2
1998-03-24 00:00:00,7.266666666666667,0.0
1998-03-24 09:00:00,6.4,1.2
1998-03-25 00:00:00,6.683333333333334,2.4
1998-03-25 00:00:00,6.966666666666667,2.4
1998-03-25 09:00:00,7.25,3.0
1998-03-26 00:00:00,7.6000000000000005,3.6
1998-03-26 00:00:00,7.95,3.3
1998-03-26 09:00:00,8.3,2.55
1998-03-27 00:00:00,9.4,1.8
1998-03-27 00:00:00,10.5,2.0
1998-03-27 09:00:00,11.6,1.0
1998-03-28 00:00:00,11.766666666666666,0.0
1998-03-28 00:00:00,11.933333333333334,0.2
1998-03-28 09:00:00,12.1,0.30000000000000004
1998-03-29 00:00:00,12.816666666666666,0.4
1998-03-29 00:00:00,13.533333333333333,0.2
1998-03-29 09:00:00,14.25,0.4
1998-03-30 00:00:00,14.566666666666666,0.6
1998-03-30 00:00:00,14.883333333333333,1.1
1998-03-30 09:00:00,15.2,0.55
1998-03-31 00:00:00,14.016666666666666,0.0
1998-03-31 00:00:00,12.833333333333334,0.0
1998-03-31 09:00:00,11.65,0.3
1998-04-01 00:00:00,11.65,0.6
1998-04-01 00:00:00,11.65,0.0
1998-04-01 09:00:00,11.65,1.9
1998-04-02 00:00:00,11.1,3.8
1998-04-02 00:00:00,10.55,3.2
1998-04-02 09:00:00,10.0,3.6
1998-04-03 00:00:00,10.5,4.0
1998-04-03 00:00:00,11.0,2.8
1998-04-03 09:00:00,11.5,4.4
1998-04-04 00:00:00,11.4,6.0
1998-04-04 00:00:00,11.299999999999999,6.7
1998-04-04 09:00:00,11.2,3.85
1998-04-05 00:00:00,11.15,1.0
1998-04-05 00:00:00,11.1,0.6
1998-04-05 09:00:00,11.05,3.2
1998-04-06 00:00:00,11.066666666666666,5.8
1998-04-06 00:00:00,11.083333333333334,8.8
1998-04-06 09:00:00,11.1,5.2
1998-04-07 00:00:00,10.433333333333334,1.6
1998-04-07 00:00:00,9.766666666666666,2.6
1998-04-07 09:00:00,9.1,2.1
1998-04-08 00:00:00,9.25,1.6
1998-04-08 00:00:00,9.4,1.6
1998-04-08 09:00:00,9.55,6.700000000000001
1998-04-09 00:00:00,9.633333333333335,11.8
1998-04-09 00:00:00,9.716666666666667,10.9
1998-04-09 09:00:00,9.8,10.15
1998-04-10 00:00:00,9.116666666666667,9.4
1998-04-10 00:00:00,8.433333333333334,8.7
1998-04-10 09:00:00,7.75,5.05
1998-04-11 00:00:00,7.6499999999999995,1.4
1998-04-11 00:00:00,7.55,3.4
1998-04-11 09:00:00,7.449999999999999,2.8
1998-04-12 00:00:00,6.55,2.2
1998-04-12 00:00:00,5.6499999999999995,1.6
1998-04-12 09:00:00,4.75,0.8
1998-04-13 00:00:00,4.85,0.0
1998-04-13 00:00:00,4.95,0.0
1998-04-13 09:00:00,5.05,0.1
1998-04-14 00:00:00,5.133333333333333,0.2
1998-04-14 00:00:00,5.216666666666667,0.4
1998-04-14 09:00:00,5.3,4.25
1998-04-15 00:00:00,5.266666666666667,8.1
1998-04-15 00:00:00,5.2333333333333325,6.4
1998-04-15 09:00:00,5.199999999999999,8.600000000000001
1998-04-16 00:00:00,4.6499999999999995,10.8
1998-04-16 00:00:00,4.1,11.0
1998-04-16 09:00:00,3.5500000000000003,10.1
1998-04-17 00:00:00,4.533333333333333,9.2
1998-04-17 00:00:00,5.516666666666667,7.9
1998-04-17 09:00:00,6.5,3.95
1998-04-18 00:00:00,6.533333333333333,0.0
1998-04-18 00:00:00,6.566666666666666,0.0
1998-04-18 09:00:00,6.6,0.75
1998-04-19 00:00:00,7.083333333333333,1.5
1998-04-19 00:00:00,7.566666666666667,1.4
1998-04-19 09:00:00,8.05,5.199999999999999
1998-04-20 00:00:00,8.816666666666666,9.0
1998-04-20 00:00:00,9.583333333333334,7.9
1998-04-20 09:00:00,10.35,4.1
1998-04-21 00:00:00,10.4,0.3
1998-04-21 00:00:00,10.45,1.2
1998-04-21 09:00:00,10.5,1.6
1998-04-22 00:00:00,11.1,2.0
1998-04-22 00:00:00,11.700000000000001,1.3
1998-04-22 09:00:00,12.3,1.35
1998-04-23 00:00:00,13.85,1.4
1998-04-23 00:00:00,15.4,0.7
1998-04-23 09:00:00,16.95,0.6499999999999999
1998-04-24 00:00:00,15.316666666666666,0.6
1998-04-24 00:00:00,13.683333333333334,0.8
1998-04-24 09:00:00,12.05,2.0
1998-04-25 00:00:00,12.35,3.2
1998-04-25 00:00:00,12.65,2.2
1998-04-25 09:00:00,12.95,2.25
1998-04-26 00:00:00,12.683333333333334,2.3
1998-04-26 00:00:00,12.416666666666666,2.0
1998-04-26 09:00:00,12.15,2.3
1998-04-27 00:00:00,11.683333333333334,2.6
1998-04-27 00:00:00,11.216666666666667,3.9
1998-04-27 09:00:00,10.75,2.25
1998-04-28 00:00:00,10.833333333333334,0.6
1998-04-28 00:00:00,10.916666666666666,2.0
1998-04-28 09:00:00,11.0,2.9
1998-04-29 00:00:00,11.016666666666667,3.8
1998-04-29 00:00:00,11.033333333333333,3.8
1998-04-29 09:00:00,11.05,1.9
1998-04-30 00:00:00,11.700000000000001,0.0
1998-04-30 00:00:00,12.35,0.0
1998-04-30 09:00:00,13.0,0.0
1998-05-01 00:00:00,12.133333333333333,0.0
1998-05-01 00:00:00,11.266666666666667,0.0
1998-05-01 09:00:00,10.4,0.0
1998-05-02 00:00:00,9.983333333333334,0.0
1998-05-02 00:00:00,9.566666666666666,0.1
1998-05-02 09:00:00,9.15,0.05
1998-05-03 00:00:00,10.033333333333333,0.0
1998-05-03 00:00:00,10.916666666666668,0.0
1998-05-03 09:00:00,11.8,0.0
1998-05-04 00:00:00,10.6,0.0
1998-05-04 00:00:00,9.4,0.0
1998-05-04 09:00:00,8.2,0.0
1998-05-05 00:00:00,9.766666666666666,0.0
1998-05-05 00:00:00,11.333333333333334,0.0
1998-05-05 09:00:00,12.9,0.0
1998-05-06 00:00:00,12.733333333333334,0.0
1998-05-06 00:00:00,12.566666666666666,0.0
1998-05-06 09:00:00,12.4,0.0
1998-05-07 00:00:00,13.15,0.0
1998-05-07 00:00:00,13.9,0.0
1998-05-07 09:00:00,14.65,0.0
1998-05-08 00:00:00,13.816666666666666,0.0
1998-05-08 00:00:00,12.983333333333334,0.0
1998-05-08 09:00:00,12.15,0.0
1998-05-09 00:00:00,14.5,0.0
1998-05-09 00:00:00,16.85,0.0
1998-05-09 09:00:00,19.2,0.0
1998-05-10 00:00:00,19.033333333333335,0.0
1998-05-10 00:00:00,18.866666666666667,0.0
1998-05-10 09:00:00,18.700000000000003,0.0
1998-05-11 00:00:00,18.116666666666667,0.0
1998-05-11 00:00:00,17.533333333333335,0.0
1998-05-11 09:00:00,16.95,0.0
1998-05-12 00:00:00,16.849999999999998,0.0
1998-05-12 00:00:00,16.75,0.0
1998-05-12 09:00:00,16.65,0.0
1998-05-13 00:00:00,16.683333333333334,0.0
1998-05-13 00:00:00,16.716666666666665,0.0
1998-05-13 09:00:00,16.75,0.0
1998-05-14 00:00:00,17.833333333333332,0.0
1998-05-14 00:00:00,18.916666666666668,0.2
1998-05-14 09:00:00,20.0,0.1
1998-05-15 00:00:00,19.5,0.0
1998-05-15 00:00:00,19.0,0.0
1998-05-15 09:00:00,18.5,0.0
1998-05-16 00:00:00,18.5,0.0
1998-05-16 00:00:00,18.5,0.0
1998-05-16 09:00:00,18.5,0.0
1998-05-17 00:00:00,18.05,0.0
1998-05-17 00:00:00,17.599999999999998,0.0
1998-05-17 09:00:00,17.15,0.0
1998-05-18 00:00:00,16.583333333333332,0.0
1998-05-18 00:00:00,16.016666666666666,0.0
1998-05-18 09:00:00,15.45,0.0
1998-05-19 00:00:00,15.966666666666667,0.0
1998-05-19 00:00:00,16.483333333333334,0.0
1998-05-19 09:00:00,17.0,0.0
1998-05-20 00:00:00,17.216666666666665,0.0
1998-05-20 00:00:00,17.433333333333334,0.0
1998-05-20 09:00:00,17.65,1.0
1998-05-21 00:00:00,18.25,2.0
1998-05-21 00:00:00,18.849999999999998,2.0
1998-05-21 09:00:00,19.45,1.0
1998-05-22 00:00:00,17.366666666666667,0.0
1998-05-22 00:00:00,15.283333333333331,0.0
1998-05-22 09:00:00,13.2,0.0
1998-05-23 00:00:00,13.6,0.0
1998-05-23 00:00:00,14.0,0.0
1998-05-23 09:00:00,14.4,0.0
1998-05-24 00:00:00,14.583333333333334,0.0
1998-05-24 00:00:00,14.766666666666666,0.0
1998-05-24 09:00:00,14.95,0.0
1998-05-25 00:00:00,14.666666666666666,0.0
1998-05-25 00:00:00,14.383333333333333,0.0
1998-05-25 09:00:00,14.1,6.2
1998-05-26 00:00:00,14.433333333333334,12.4
1998-05-26 00:00:00,14.766666666666666,5.1
1998-05-26 09:00:00,15.1,14.85
1998-05-27 00:00:00,14.1,24.6
1998-05-27 00:00:00,13.1,25.9
1998-05-27 09:00:00,12.1,13.149999999999999
1998-05-28 00:00:00,11.566666666666666,0.4
1998-05-28 00:00:00,11.033333333333333,0.6
1998-05-28 09:00:00,10.5,1.0
1998-05-29 00:00:00,11.75,1.4
1998-05-29 00:00:00,13.0,4.4
1998-05-29 09:00:00,14.25,2.2
1998-05-30 00:00:00,14.116666666666667,0.0
1998-05-30 00:00:00,13.983333333333333,0.0
1998-05-30 09:00:00,13.85,1.3
1998-05-31 00:00:00,14.9,2.6
1998-05-31 00:00:00,15.95,1.3
1998-05-31 09:00:00,17.0,0.65
1998-06-01 00:00:00,16.28333333333333,0.0
1998-06-01 00:00:00,15.566666666666666,0.0
1998-06-01 09:00:00,14.85,3.2
1998-06-02 00:00:00,15.65,6.4
1998-06-02 00:00:00,16.45,6.4
1998-06-02 09:00:00,17.25,3.4000000000000004
1998-06-03 00:00:00,16.683333333333334,0.4
1998-06-03 00:00:00,16.116666666666667,1.3
1998-06-03 09:00:00,15.55,2.25
1998-06-04 00:00:00,15.333333333333334,3.2
1998-06-04 00:00:00,15.116666666666667,3.0
1998-06-04 09:00:00,14.9,1.5
1998-06-05 00:00:00,14.483333333333334,0.0
1998-06-05 00:00:00,14.066666666666666,0.0
1998-06-05 09:00:00,13.65,0.0
1998-06-06 00:00:00,14.3,0.0
1998-06-06 00:00:00,14.95,0.0
1998-06-06 09:00:00,15.6,0.0
1998-06-07 00:00:00,16.28333333333333,0.0
1998-06-07 00:00:00,16.966666666666665,0.0
1998-06-07 09:00:00,17.65,0.9
1998-06-08 00:00:00,17.2,1.8
1998-06-08 00:00:00,16.75,2.9
1998-06-08 09:00:00,16.3,3.4
1998-06-09 00:00:00,16.116666666666667,3.9
1998-06-09 00:00:00,15.933333333333334,3.0
1998-06-09 09:00:00,15.75,3.9
1998-06-10 00:00:00,15.7,4.8
1998-06-10 00:00:00,15.65,5.7
1998-06-10 09:00:00,15.6,9.25
1998-06-11 00:00:00,15.066666666666666,12.8
1998-06-11 00:00:00,14.533333333333333,16.6
1998-06-11 09:00:00,14.0,8.75
1998-06-12 00:00:00,12.683333333333334,0.9
1998-06-12 00:00:00,11.366666666666667,0.4
1998-06-12 09:00:00,10.05,0.6000000000000001
1998-06-13 00:00:00,11.5,0.8
1998-06-13 00:00:00,12.950000000000001,0.3
1998-06-13 09:00:00,14.4,4.55
1998-06-14 00:00:00,14.15,8.8
1998-06-14 00:00:00,13.9,6.4
1998-06-14 09:00:00,13.65,3.4000000000000004
1998-06-15 00:00:00,14.15,0.4
1998-06-15 00:00:00,14.65,1.5
1998-06-15 09:00:00,15.15,4.25
1998-06-16 00:00:00,14.9,7.0
1998-06-16 00:00:00,14.65,9.1
1998-06-16 09:00:00,14.4,4.55
1998-06-17 00:00:00,14.333333333333334,0.0
1998-06-17 00:00:00,14.266666666666666,0.0
1998-06-17 09:00:00,14.2,3.1
1998-06-18 00:00:00,14.633333333333333,6.2
1998-06-18 00:00:00,15.066666666666666,6.4
1998-06-18 09:00:00,15.5,3.3000000000000003
1998-06-19 00:00:00,15.883333333333333,0.2
1998-06-19 00:00:00,16.266666666666666,0.2
1998-06-19 09:00:00,16.65,0.2
1998-06-20 00:00:00,18.066666666666666,0.2
1998-06-20 00:00:00,19.48333333333333,0.0
1998-06-20 09:00:00,20.9,0.0
1998-06-21 00:00:00,21.616666666666667,0.0
1998-06-21 00:00:00,22.333333333333332,0.0
1998-06-21 09:00:00,23.05,0.0
1998-06-22 00:00:00,21.85,0.0
1998-06-22 00:00:00,20.65,0.0
1998-06-22 09:00:00,19.45,0.75
1998-06-23 00:00:00,18.8,1.5
1998-06-23 00:00:00,18.15,1.6
1998-06-23 09:00:00,17.5,0.8
1998-06-24 00:00:00,17.633333333333333,0.0
1998-06-24 00:00:00,17.766666666666666,0.1
1998-06-24 09:00:00,17.9,3.1
1998-06-25 00:00:00,18.066666666666666,6.1
1998-06-25 00:00:00,18.23333333333333,9.4
1998-06-25 09:00:00,18.4,5.6
1998-06-26 00:00:00,17.716666666666665,1.8
1998-06-26 00:00:00,17.033333333333335,0.6
1998-06-26 09:00:00,16.35,5.3999999999999995
1998-06-27 00:00:00,15.966666666666667,10.2
1998-06-27 00:00:00,15.583333333333334,4.3
1998-06-27 09:00:00,15.2,9.45
1998-06-28 00:00:00,15.4,14.6
1998-06-28 00:00:00,15.6,6.8
1998-06-28 09:00:00,15.8,3.9
1998-06-29 00:00:00,16.0,1.0
1998-06-29 00:00:00,16.2,0.2
1998-06-29 09:00:00,16.4,6.550000000000001
1998-06-30 00:00:00,16.316666666666666,12.9
1998-06-30 00:00:00,16.23333333333333,11.0
1998-06-30 09:00:00,16.15,11.0
